Query,MLSR_ID,Change_in_Requirements
Show me requirements that comply with Develop feature in system to remove user accounts that are no longer needed.,MLSR049_174,"MLSR049_174: disable inactive account after defined time period
MLSR049_190: disable account when found posing a risk to organization
MLSR079_296: remove access accounts when no longer needed
MLSR049_185: terminate shared account when member leaves group
MLSR079_1008: ensure user accounts inactivated, suspended/removed and revoked when no longer needed
MLSR076_78: terminate user account/temporary account once user leaves organization
MLSR049_170: employ automated mechanism to manage account during termination/transfer
MLSR049_993: disable identifier after a period of inactivity
MLSR307_206: remove/disable inactive user accounts within 90 days
MLSR307_46: remove or disable unnecessary default accounts before installing system on network
MLSR049_172: disable temporary/emergency account after defined time period"
I need a requirement for secure Develop feature in system to remove user accounts that are no longer needed.,MLSR049_174,"MLSR049_174: disable inactive account after defined time period
MLSR049_190: disable account when found posing a risk to organization
MLSR079_296: remove access accounts when no longer needed
MLSR049_185: terminate shared account when member leaves group
MLSR079_1008: ensure user accounts inactivated, suspended/removed and revoked when no longer needed
MLSR076_78: terminate user account/temporary account once user leaves organization
MLSR049_170: employ automated mechanism to manage account during termination/transfer
MLSR049_993: disable identifier after a period of inactivity
MLSR307_206: remove/disable inactive user accounts within 90 days
MLSR307_46: remove or disable unnecessary default accounts before installing system on network
MLSR049_172: disable temporary/emergency account after defined time period"
I need a requirement for secure Develop feature in system to remove user accounts that are no longer needed.,MLSR049_174,"MLSR049_174: disable inactive account after defined time period
MLSR049_190: disable account when found posing a risk to organization
MLSR079_296: remove access accounts when no longer needed
MLSR049_185: terminate shared account when member leaves group
MLSR079_1008: ensure user accounts inactivated, suspended/removed and revoked when no longer needed
MLSR076_78: terminate user account/temporary account once user leaves organization
MLSR049_170: employ automated mechanism to manage account during termination/transfer
MLSR049_993: disable identifier after a period of inactivity
MLSR307_206: remove/disable inactive user accounts within 90 days
MLSR307_46: remove or disable unnecessary default accounts before installing system on network
MLSR049_172: disable temporary/emergency account after defined time period"
Give me all the requirements linked to Develop feature in system to maintain identity and credentials for users.,MLSR049_602,"MLSR049_602: maintain reviewer/releaser identity and credentials within established chain of custody for all information reviewed or released
MLSR049_597: bind identity of information producer with information
MLSR049_600: validate binding of information producer identity to information periodically
MLSR049_604: validate binding of information reviewer identity
MLSR049_1068: receive, validate, and transmit identification information
MLSR049_1042: use FICAM approved path discovery and products and services
MLSR065_102: provision and de-provision credentials simultaneously throughout cloud system"
I need a requirement for secure Develop feature in system to maintain identity and credentials for users.,MLSR049_602,"MLSR049_602: maintain reviewer/releaser identity and credentials within established chain of custody for all information reviewed or released
MLSR049_597: bind identity of information producer with information
MLSR049_600: validate binding of information producer identity to information periodically
MLSR049_604: validate binding of information reviewer identity
MLSR049_1068: receive, validate, and transmit identification information
MLSR049_1042: use FICAM approved path discovery and products and services
MLSR065_102: provision and de-provision credentials simultaneously throughout cloud system"
What are the requirements for Develop feature in system to maintain identity and credentials for users?,MLSR049_602,"MLSR049_602: maintain reviewer/releaser identity and credentials within established chain of custody for all information reviewed or released
MLSR049_597: bind identity of information producer with information
MLSR049_600: validate binding of information producer identity to information periodically
MLSR049_604: validate binding of information reviewer identity
MLSR049_1068: receive, validate, and transmit identification information
MLSR049_1042: use FICAM approved path discovery and products and services
MLSR065_102: provision and de-provision credentials simultaneously throughout cloud system"
Show me requirements that comply with Develop feature in system to monitor and lock/disable account after predefined unsuccessful login attempts.,MLSR049_308,"MLSR049_308: lock account after configured number of continuous unsuccessful login attempts
MLSR049_307: limit number of consecutive unsuccessful login attempts
MLSR079_314: disable account for remote user after pre-defined number of failed login attempts
MLSR079_1055: enforce account lockout after predefined number of failed login attempt
MLSR076_96: disable user account after continuous unsuccessful login attempts
MLSR092_118: monitor number of failed attempts
MLSR016_100: disable credential or define timeout (30 mins) after sequential number of unsuccessful login attempts
MLSR016_101: increase delay for each unsuccessful attempt
MLSR310_29: limit or increasingly delay failed login attempts
MLSR311_120: define API threshold for a designated time interval from a given location for number of login attempts
MLSR302_64: implement rate-limiting mechanism that limits number of failed authentication attempts
MLSR302_155: limit consecutive failed authentication attempts on single account to no more than 100
MLSR302_158: ensure claimant waits after a failed attempt for a period of time that increases as account approaches its maximum allowance for consecutive failed attempts
MLSR302_161: remove previous failed attempts for user from same IP address when subscriber successfully authenticates
MLSR302_417: provide feedback on number of remaining allowed attempts and inform users of time period to wait until next attempt
MLSR307_209: lock user ID after six invalid repeated logon attempts
MLSR307_210: set lockout duration to minimum of 30 mins or until administrator enables user ID once user account is locked out"
Show me security requirements for Develop feature in system to monitor and lock/disable account after predefined unsuccessful login attempts.,MLSR049_308,"MLSR049_308: lock account after configured number of continuous unsuccessful login attempts
MLSR049_307: limit number of consecutive unsuccessful login attempts
MLSR079_314: disable account for remote user after pre-defined number of failed login attempts
MLSR079_1055: enforce account lockout after predefined number of failed login attempt
MLSR076_96: disable user account after continuous unsuccessful login attempts
MLSR092_118: monitor number of failed attempts
MLSR016_100: disable credential or define timeout (30 mins) after sequential number of unsuccessful login attempts
MLSR016_101: increase delay for each unsuccessful attempt
MLSR310_29: limit or increasingly delay failed login attempts
MLSR311_120: define API threshold for a designated time interval from a given location for number of login attempts
MLSR302_64: implement rate-limiting mechanism that limits number of failed authentication attempts
MLSR302_155: limit consecutive failed authentication attempts on single account to no more than 100
MLSR302_158: ensure claimant waits after a failed attempt for a period of time that increases as account approaches its maximum allowance for consecutive failed attempts
MLSR302_161: remove previous failed attempts for user from same IP address when subscriber successfully authenticates
MLSR302_417: provide feedback on number of remaining allowed attempts and inform users of time period to wait until next attempt
MLSR307_209: lock user ID after six invalid repeated logon attempts
MLSR307_210: set lockout duration to minimum of 30 mins or until administrator enables user ID once user account is locked out"
What are the requirements for Develop feature in system to monitor and lock/disable account after predefined unsuccessful login attempts?,MLSR049_308,"MLSR049_308: lock account after configured number of continuous unsuccessful login attempts
MLSR049_307: limit number of consecutive unsuccessful login attempts
MLSR079_314: disable account for remote user after pre-defined number of failed login attempts
MLSR079_1055: enforce account lockout after predefined number of failed login attempt
MLSR076_96: disable user account after continuous unsuccessful login attempts
MLSR092_118: monitor number of failed attempts
MLSR016_100: disable credential or define timeout (30 mins) after sequential number of unsuccessful login attempts
MLSR016_101: increase delay for each unsuccessful attempt
MLSR310_29: limit or increasingly delay failed login attempts
MLSR311_120: define API threshold for a designated time interval from a given location for number of login attempts
MLSR302_64: implement rate-limiting mechanism that limits number of failed authentication attempts
MLSR302_155: limit consecutive failed authentication attempts on single account to no more than 100
MLSR302_158: ensure claimant waits after a failed attempt for a period of time that increases as account approaches its maximum allowance for consecutive failed attempts
MLSR302_161: remove previous failed attempts for user from same IP address when subscriber successfully authenticates
MLSR302_417: provide feedback on number of remaining allowed attempts and inform users of time period to wait until next attempt
MLSR307_209: lock user ID after six invalid repeated logon attempts
MLSR307_210: set lockout duration to minimum of 30 mins or until administrator enables user ID once user account is locked out"
Give me requirements related to Develop feature to lock/unlock mobile device by an administrator .,MLSR305_74,"MLSR305_71: limit number of retries permitted without negative consequences such as locking account
MLSR305_73: ensure mobile device automatically locks itself after specified number of minutes of inactivity
MLSR305_74: allow administrator to remotely lock mobile device if left in unlocked state in unsecured location"
Give me all the requirements linked to Develop feature to lock/unlock mobile device by an administrator .,MLSR305_74,"MLSR305_71: limit number of retries permitted without negative consequences such as locking account
MLSR305_73: ensure mobile device automatically locks itself after specified number of minutes of inactivity
MLSR305_74: allow administrator to remotely lock mobile device if left in unlocked state in unsecured location"
Give me requirements related to Develop feature to lock/unlock mobile device by an administrator .,MLSR305_74,"MLSR305_71: limit number of retries permitted without negative consequences such as locking account
MLSR305_73: ensure mobile device automatically locks itself after specified number of minutes of inactivity
MLSR305_74: allow administrator to remotely lock mobile device if left in unlocked state in unsecured location"
"Give me all the requirements linked to Develop feature in system to identify unique user, track and manage identifiers assigned to users.",MLSR076_84,"MLSR049_991: select identifier and assign to intended individual, group, role or device
MLSR049_992: prevent reuse of identifier that are previously assigned
MLSR049_995: prohibit use of identifier that are same as public identifiers for individual mail accounts
MLSR049_997: include supervisor authorization for an identifier during registration process
MLSR049_1000: manage identifiers by identifying unique characteristics of each individual
MLSR049_1004: coordinate cross-organization management of identifiers
MLSR076_84:  implement unique user identification to track and identify user
MLSR050_117: prevent reuse of identifiers for defined period
MLSR307_202: assign all users a unique ID before allowing them to access system components or cardholder data "
"Fetch requirements mapped to Develop feature in system to identify unique user, track and manage identifiers assigned to users.",MLSR076_84,"MLSR049_991: select identifier and assign to intended individual, group, role or device
MLSR049_992: prevent reuse of identifier that are previously assigned
MLSR049_995: prohibit use of identifier that are same as public identifiers for individual mail accounts
MLSR049_997: include supervisor authorization for an identifier during registration process
MLSR049_1000: manage identifiers by identifying unique characteristics of each individual
MLSR049_1004: coordinate cross-organization management of identifiers
MLSR076_84:  implement unique user identification to track and identify user
MLSR050_117: prevent reuse of identifiers for defined period
MLSR307_202: assign all users a unique ID before allowing them to access system components or cardholder data "
"Give me requirements related to Develop feature in system to identify unique user, track and manage identifiers assigned to users.",MLSR076_84,"MLSR049_991: select identifier and assign to intended individual, group, role or device
MLSR049_992: prevent reuse of identifier that are previously assigned
MLSR049_995: prohibit use of identifier that are same as public identifiers for individual mail accounts
MLSR049_997: include supervisor authorization for an identifier during registration process
MLSR049_1000: manage identifiers by identifying unique characteristics of each individual
MLSR049_1004: coordinate cross-organization management of identifiers
MLSR076_84:  implement unique user identification to track and identify user
MLSR050_117: prevent reuse of identifiers for defined period
MLSR307_202: assign all users a unique ID before allowing them to access system components or cardholder data "
What are the requirements for Develop feature in system to authorize and grant physical access for users?,MLSR049_1196,"MLSR049_1196: designate authorized personnel to supervise maintenance activities of personnel who do not possess required access
MLSR049_1195 : authorize non-escorted personnel performing maintenance
MLSR049_1304: authorize physical access to system in addition to physical access controls for facility
MLSR049_1201: provide security clearances and formal access approvals for highest classification level of information on system
MLSR076_103: grant vendor personnel, physical access to IVD system
MLSR076_146: protect computer hardware from unwanted access to physical computer components
MLSR074_627: provide physical access to suppliers for support purposes with management approval"
Do we have any requirements for Develop feature in system to authorize and grant physical access for users compliance?,MLSR049_1196,"MLSR049_1196: designate authorized personnel to supervise maintenance activities of personnel who do not possess required access
MLSR049_1195 : authorize non-escorted personnel performing maintenance
MLSR049_1304: authorize physical access to system in addition to physical access controls for facility
MLSR049_1201: provide security clearances and formal access approvals for highest classification level of information on system
MLSR076_103: grant vendor personnel, physical access to IVD system
MLSR076_146: protect computer hardware from unwanted access to physical computer components
MLSR074_627: provide physical access to suppliers for support purposes with management approval"
What are the requirements for Develop feature in system to authorize and grant physical access for users?,MLSR049_1196,"MLSR049_1196: designate authorized personnel to supervise maintenance activities of personnel who do not possess required access
MLSR049_1195 : authorize non-escorted personnel performing maintenance
MLSR049_1304: authorize physical access to system in addition to physical access controls for facility
MLSR049_1201: provide security clearances and formal access approvals for highest classification level of information on system
MLSR076_103: grant vendor personnel, physical access to IVD system
MLSR076_146: protect computer hardware from unwanted access to physical computer components
MLSR074_627: provide physical access to suppliers for support purposes with management approval"
I need a requirement for secure Implement mechanism to control remote access in containers.,MLSR301_135,MLSR301_135:  ensure remote management of containers are done through container runtime APIs or by creating remote shell sessions to host 
Show me security requirements for Implement mechanism to control remote access in containers.,MLSR301_135,MLSR301_135:  ensure remote management of containers are done through container runtime APIs or by creating remote shell sessions to host 
Give me requirements related to Implement mechanism to control remote access in containers.,MLSR301_135,MLSR301_135:  ensure remote management of containers are done through container runtime APIs or by creating remote shell sessions to host 
Show me requirements that comply with Employ mechanism to authorize and control remote access and remote sessions.,MLSR049_377,"MLSR049_377: establish usage restrictions and configuration/ connection requirements for remote access
MLSR049_378: authorize remote access connections prior to connect
MLSR049_276: allow to access computing platforms residing on multiple different security domains
MLSR049_384: protect integrity/confidentiality of remote access sessions
MLSR049_391: protect information about remote access mechanisms from unauthorized use and disclosure
MLSR049_395: disconnect remote users after a period of inactivity
MLSR049_382: monitor, audit and control remote access sessions via automated mechanism to detect cyber attacks
MLSR049_1780: prevent split-tunneling in remote devices by preventing configuration settings to be configurable by users 
MLSR049_1780: prohibit connection to remote device if it is configured for split-tunneling
MLSR049_386: route/limit all remote access through defined number of managed network access control points
MLSR079_313: configure policy addressing remote login/connections to control system
MLSR050_65: monitor and control remote access session
MLSR050_196: prevent remote devices from establishing non-remote connections in external networks
MLSR050_68: authorize remote execution and remote access to security-relevant information
MLSR050_66: employ cryptographic mechanism to protect confidentiality of remote access sessions
MLSR049_1189: implement cryptography to protect integrity of nonlocal maintenance communication"
What are the requirements for Employ mechanism to authorize and control remote access and remote sessions?,MLSR049_377,"MLSR049_377: establish usage restrictions and configuration/ connection requirements for remote access
MLSR049_378: authorize remote access connections prior to connect
MLSR049_276: allow to access computing platforms residing on multiple different security domains
MLSR049_384: protect integrity/confidentiality of remote access sessions
MLSR049_391: protect information about remote access mechanisms from unauthorized use and disclosure
MLSR049_395: disconnect remote users after a period of inactivity
MLSR049_382: monitor, audit and control remote access sessions via automated mechanism to detect cyber attacks
MLSR049_1780: prevent split-tunneling in remote devices by preventing configuration settings to be configurable by users 
MLSR049_1780: prohibit connection to remote device if it is configured for split-tunneling
MLSR049_386: route/limit all remote access through defined number of managed network access control points
MLSR079_313: configure policy addressing remote login/connections to control system
MLSR050_65: monitor and control remote access session
MLSR050_196: prevent remote devices from establishing non-remote connections in external networks
MLSR050_68: authorize remote execution and remote access to security-relevant information
MLSR050_66: employ cryptographic mechanism to protect confidentiality of remote access sessions
MLSR049_1189: implement cryptography to protect integrity of nonlocal maintenance communication"
Do we have security requirements for Employ mechanism to authorize and control remote access and remote sessions in place?,MLSR049_377,"MLSR049_377: establish usage restrictions and configuration/ connection requirements for remote access
MLSR049_378: authorize remote access connections prior to connect
MLSR049_276: allow to access computing platforms residing on multiple different security domains
MLSR049_384: protect integrity/confidentiality of remote access sessions
MLSR049_391: protect information about remote access mechanisms from unauthorized use and disclosure
MLSR049_395: disconnect remote users after a period of inactivity
MLSR049_382: monitor, audit and control remote access sessions via automated mechanism to detect cyber attacks
MLSR049_1780: prevent split-tunneling in remote devices by preventing configuration settings to be configurable by users 
MLSR049_1780: prohibit connection to remote device if it is configured for split-tunneling
MLSR049_386: route/limit all remote access through defined number of managed network access control points
MLSR079_313: configure policy addressing remote login/connections to control system
MLSR050_65: monitor and control remote access session
MLSR050_196: prevent remote devices from establishing non-remote connections in external networks
MLSR050_68: authorize remote execution and remote access to security-relevant information
MLSR050_66: employ cryptographic mechanism to protect confidentiality of remote access sessions
MLSR049_1189: implement cryptography to protect integrity of nonlocal maintenance communication"
Do we have any requirements for Implement access control for protection of card holder data compliance?,MLSR307_105,"MLSR307_105: manage logical access independently of native OS authentication and access control mechanisms, if disk encryption is used
MLSR307_110: restrict access to cryptographic keys to fewest number of custodians necessary
MLSR307_178: prohibit improper access control such as insecure direct object references, failure to restrict URL access, failure to restrict user access to functions
"
I need a requirement for Implement access control for protection of card holder data.,MLSR307_105,"MLSR307_105: manage logical access independently of native OS authentication and access control mechanisms, if disk encryption is used
MLSR307_110: restrict access to cryptographic keys to fewest number of custodians necessary
MLSR307_178: prohibit improper access control such as insecure direct object references, failure to restrict URL access, failure to restrict user access to functions
"
Show me security requirements for Implement access control for protection of card holder data.,MLSR307_105,"MLSR307_105: manage logical access independently of native OS authentication and access control mechanisms, if disk encryption is used
MLSR307_110: restrict access to cryptographic keys to fewest number of custodians necessary
MLSR307_178: prohibit improper access control such as insecure direct object references, failure to restrict URL access, failure to restrict user access to functions
"
What are the requirements for Develop feature in system to maintain and review access rights periodically for user?,MLSR074_284,"MLSR074_284: review access rights periodically and after changes such as promotion, demotion or termination of employment
MLSR074_286: review privileged access rights at frequent intervals
MLSR049_298: review privileges assigned to users and remove, reassign privileges if any changes on user roles
MLSR074_270: implement authorization process and maintain a record of all privileges allocated
MLSR307_477: review user accounts and access privileges at least every six months to ensure access remain appropriate based on job function"
What are the requirements for Develop feature in system to maintain and review access rights periodically for user?,MLSR074_284,"MLSR074_284: review access rights periodically and after changes such as promotion, demotion or termination of employment
MLSR074_286: review privileged access rights at frequent intervals
MLSR049_298: review privileges assigned to users and remove, reassign privileges if any changes on user roles
MLSR074_270: implement authorization process and maintain a record of all privileges allocated
MLSR307_477: review user accounts and access privileges at least every six months to ensure access remain appropriate based on job function"
Give me requirements related to Develop feature in system to maintain and review access rights periodically for user.,MLSR074_284,"MLSR074_284: review access rights periodically and after changes such as promotion, demotion or termination of employment
MLSR074_286: review privileged access rights at frequent intervals
MLSR049_298: review privileges assigned to users and remove, reassign privileges if any changes on user roles
MLSR074_270: implement authorization process and maintain a record of all privileges allocated
MLSR307_477: review user accounts and access privileges at least every six months to ensure access remain appropriate based on job function"
"Do we have any requirements for Develop feature in system to identify, assign and restrict roles for privileged user accounts compliance?",MLSR049_293,"MLSR049_181: monitor privileged role assignments and take necessary action
MLSR049_287: allow privileged user to use non-privileged account while accessing non-security functions
MLSR049_255: provide capability for privileged administrators to enable and disable security policy filters
MLSR049_293: restrict privileged accounts to defined personnel or roles
MLSR065_93: provision read/write/delete permissions to accounts which have system-wide privileges in cloud
MLSR065_94: manage all accounts with highest level of privilege on cloud
MLSR065_99: provision ‘administrator’ role for customer which has access to limited features
MLSR074_269: identify privileged access rights associated with each system or process
MLSR043_83: allow IT administrator to disable automatic logoff function and set expiration time
MLSR016_108: define ’administrator’ or ’system’ role that has privileges exclusively related to product management
MLSR049_180: administer privileged user accounts in accordance with role-based access
MLSR065_96: ensure proper segregation of duties while allocating high privilege roles
MLSR050_58: employ principle of least privilege for specific security functions and privileged accounts
MLSR307_190: restrict access to privileged user IDs to least privileges necessary to perform job responsibilities
MLSR088_80: allow authorized IT administrator to select product security capabilities
MLSR076_210: ensure data stored in cloud cannot be accessed by administrators of cloud
MLSR079_1049: perform all system administrator or application configuration functions locally at device "
"Fetch requirements mapped to Develop feature in system to identify, assign and restrict roles for privileged user accounts.",MLSR049_293,"MLSR049_181: monitor privileged role assignments and take necessary action
MLSR049_287: allow privileged user to use non-privileged account while accessing non-security functions
MLSR049_255: provide capability for privileged administrators to enable and disable security policy filters
MLSR049_293: restrict privileged accounts to defined personnel or roles
MLSR065_93: provision read/write/delete permissions to accounts which have system-wide privileges in cloud
MLSR065_94: manage all accounts with highest level of privilege on cloud
MLSR065_99: provision ‘administrator’ role for customer which has access to limited features
MLSR074_269: identify privileged access rights associated with each system or process
MLSR043_83: allow IT administrator to disable automatic logoff function and set expiration time
MLSR016_108: define ’administrator’ or ’system’ role that has privileges exclusively related to product management
MLSR049_180: administer privileged user accounts in accordance with role-based access
MLSR065_96: ensure proper segregation of duties while allocating high privilege roles
MLSR050_58: employ principle of least privilege for specific security functions and privileged accounts
MLSR307_190: restrict access to privileged user IDs to least privileges necessary to perform job responsibilities
MLSR088_80: allow authorized IT administrator to select product security capabilities
MLSR076_210: ensure data stored in cloud cannot be accessed by administrators of cloud
MLSR079_1049: perform all system administrator or application configuration functions locally at device "
"Show me requirements that comply with Develop feature in system to identify, assign and restrict roles for privileged user accounts.",MLSR049_293,"MLSR049_181: monitor privileged role assignments and take necessary action
MLSR049_287: allow privileged user to use non-privileged account while accessing non-security functions
MLSR049_255: provide capability for privileged administrators to enable and disable security policy filters
MLSR049_293: restrict privileged accounts to defined personnel or roles
MLSR065_93: provision read/write/delete permissions to accounts which have system-wide privileges in cloud
MLSR065_94: manage all accounts with highest level of privilege on cloud
MLSR065_99: provision ‘administrator’ role for customer which has access to limited features
MLSR074_269: identify privileged access rights associated with each system or process
MLSR043_83: allow IT administrator to disable automatic logoff function and set expiration time
MLSR016_108: define ’administrator’ or ’system’ role that has privileges exclusively related to product management
MLSR049_180: administer privileged user accounts in accordance with role-based access
MLSR065_96: ensure proper segregation of duties while allocating high privilege roles
MLSR050_58: employ principle of least privilege for specific security functions and privileged accounts
MLSR307_190: restrict access to privileged user IDs to least privileges necessary to perform job responsibilities
MLSR088_80: allow authorized IT administrator to select product security capabilities
MLSR076_210: ensure data stored in cloud cannot be accessed by administrators of cloud
MLSR079_1049: perform all system administrator or application configuration functions locally at device "
Do we have any requirements for Develop feature in system to control execution of privileged functions by users compliance?,MLSR049_304,"MLSR049_289: authorize network access to use privileged commands
MLSR049_296: prohibit non-organizational users to use privileged information
MLSR049_300: prevent software execution at higher privilege levels than users executing software
MLSR049_388: authorize privileged command execution
MLSR049_304: prevent non-privileged users to execute privileged functions
MLSR049_835: allow only authorized user or higher privileged user to install software
MLSR203_64: ensure critical functions are executed only by users with required rights
MLSR092_115: allow only admin user or higher role to access data export functions
MLSR050_59: use non-privileged accounts/roles when accessing non-security functions
MLSR049_1734: prevent presentation of system management-related functionality for non-privileged users"
Fetch requirements mapped to Develop feature in system to control execution of privileged functions by users.,MLSR049_304,"MLSR049_289: authorize network access to use privileged commands
MLSR049_296: prohibit non-organizational users to use privileged information
MLSR049_300: prevent software execution at higher privilege levels than users executing software
MLSR049_388: authorize privileged command execution
MLSR049_304: prevent non-privileged users to execute privileged functions
MLSR049_835: allow only authorized user or higher privileged user to install software
MLSR203_64: ensure critical functions are executed only by users with required rights
MLSR092_115: allow only admin user or higher role to access data export functions
MLSR050_59: use non-privileged accounts/roles when accessing non-security functions
MLSR049_1734: prevent presentation of system management-related functionality for non-privileged users"
Show me requirements that comply with Develop feature in system to control execution of privileged functions by users.,MLSR049_304,"MLSR049_289: authorize network access to use privileged commands
MLSR049_296: prohibit non-organizational users to use privileged information
MLSR049_300: prevent software execution at higher privilege levels than users executing software
MLSR049_388: authorize privileged command execution
MLSR049_304: prevent non-privileged users to execute privileged functions
MLSR049_835: allow only authorized user or higher privileged user to install software
MLSR203_64: ensure critical functions are executed only by users with required rights
MLSR092_115: allow only admin user or higher role to access data export functions
MLSR050_59: use non-privileged accounts/roles when accessing non-security functions
MLSR049_1734: prevent presentation of system management-related functionality for non-privileged users"
"Show me requirements that comply with Develop feature in system to authorize, restrict and maintain security and privacy attributes.",MLSR049_349,"MLSR049_349: ensure security attributes are associated with necessary values
MLSR049_358: allow only authorized users to define/change security attributes
MLSR049_360: maintain association and integrity of security and privacy attributes
MLSR049_362: allow only authorized user to associate security and privacy attributes
MLSR049_368: provide consistent interpretation of security attributes transmitted
MLSR049_370: protect security attributes with defined level of assurance
MLSR049_372: re-assign security attributes using only validated re-grading mechanisms
MLSR049_374: allow only authorized users to change type and value of security and privacy attributes
MLSR049_462: enforce access control decisions based on security attributes
MLSR049_1861: associate security attributes with exchanged information
MLSR049_215: revoke access authorizations when security attributes change
MLSR049_268: bind security attributes to information
MLSR049_356: dynamically associate security attributes with subjects and objects as information is created and combined"
"Do we have security requirements for Develop feature in system to authorize, restrict and maintain security and privacy attributes in place?",MLSR049_349,"MLSR049_349: ensure security attributes are associated with necessary values
MLSR049_358: allow only authorized users to define/change security attributes
MLSR049_360: maintain association and integrity of security and privacy attributes
MLSR049_362: allow only authorized user to associate security and privacy attributes
MLSR049_368: provide consistent interpretation of security attributes transmitted
MLSR049_370: protect security attributes with defined level of assurance
MLSR049_372: re-assign security attributes using only validated re-grading mechanisms
MLSR049_374: allow only authorized users to change type and value of security and privacy attributes
MLSR049_462: enforce access control decisions based on security attributes
MLSR049_1861: associate security attributes with exchanged information
MLSR049_215: revoke access authorizations when security attributes change
MLSR049_268: bind security attributes to information
MLSR049_356: dynamically associate security attributes with subjects and objects as information is created and combined"
"What are the requirements for Develop feature in system to authorize, restrict and maintain security and privacy attributes?",MLSR049_349,"MLSR049_349: ensure security attributes are associated with necessary values
MLSR049_358: allow only authorized users to define/change security attributes
MLSR049_360: maintain association and integrity of security and privacy attributes
MLSR049_362: allow only authorized user to associate security and privacy attributes
MLSR049_368: provide consistent interpretation of security attributes transmitted
MLSR049_370: protect security attributes with defined level of assurance
MLSR049_372: re-assign security attributes using only validated re-grading mechanisms
MLSR049_374: allow only authorized users to change type and value of security and privacy attributes
MLSR049_462: enforce access control decisions based on security attributes
MLSR049_1861: associate security attributes with exchanged information
MLSR049_215: revoke access authorizations when security attributes change
MLSR049_268: bind security attributes to information
MLSR049_356: dynamically associate security attributes with subjects and objects as information is created and combined"
What are the requirements for Develop feature in system to allow only authorized user to edit alarm settings/configuration?,MLSR020_101,"MLSR020_101: prevent operator from unauthorized access for changing auditory alarm signal
MLSR020_129: prevent operator from saving changes to alarm preset and restrict it only to responsible organization
MLSR020_130: provide option for responsible organization to restore alarm preset to its manufacturer-configured state
MLSR020_136: prevent operator from saving changes to any manufacturer-configured alarm preset
MLSR020_136: restrict alarm preset only to responsible organization
MLSR020_137: prevent individual operator from saving changes to alarm presets that were stored by any other operator
MLSR020_142: prevent any operator from storing changes to default alarm preset
MLSR020_143: allow only responsible organization to restore default alarm preset to its manufacturer-configured values
MLSR020_173: allow only responsible organization to enable and disable reminder signal 
MLSR020_173: configure maximum reminder signal interval when adjustment is provided
MLSR020_174: allow only responsible organization to permit designated operators to enable and disable reminder signal
MLSR020_177: allow only responsible organization to enable or disable any global alarm OFF or audio OFF
MLSR020_177: prevent clinical operator from changing configuration in normal use
MLSR020_186: allow only responsible organization to provide options for operator to adjust interval only up to maximum
MLSR020_195: allow only responsible organization to select between latching and non-latching alarm signals
MLSR020_389: use password-protection for each operator to store his or her own operator-configured alarm presets
MLSR020_389: restrict operator from changing alarm preset configuration of other operators"
Show me security requirements for Develop feature in system to allow only authorized user to edit alarm settings/configuration.,MLSR020_101,"MLSR020_101: prevent operator from unauthorized access for changing auditory alarm signal
MLSR020_129: prevent operator from saving changes to alarm preset and restrict it only to responsible organization
MLSR020_130: provide option for responsible organization to restore alarm preset to its manufacturer-configured state
MLSR020_136: prevent operator from saving changes to any manufacturer-configured alarm preset
MLSR020_136: restrict alarm preset only to responsible organization
MLSR020_137: prevent individual operator from saving changes to alarm presets that were stored by any other operator
MLSR020_142: prevent any operator from storing changes to default alarm preset
MLSR020_143: allow only responsible organization to restore default alarm preset to its manufacturer-configured values
MLSR020_173: allow only responsible organization to enable and disable reminder signal 
MLSR020_173: configure maximum reminder signal interval when adjustment is provided
MLSR020_174: allow only responsible organization to permit designated operators to enable and disable reminder signal
MLSR020_177: allow only responsible organization to enable or disable any global alarm OFF or audio OFF
MLSR020_177: prevent clinical operator from changing configuration in normal use
MLSR020_186: allow only responsible organization to provide options for operator to adjust interval only up to maximum
MLSR020_195: allow only responsible organization to select between latching and non-latching alarm signals
MLSR020_389: use password-protection for each operator to store his or her own operator-configured alarm presets
MLSR020_389: restrict operator from changing alarm preset configuration of other operators"
Do we have any requirements for Develop feature in system to allow only authorized user to edit alarm settings/configuration compliance?,MLSR020_101,"MLSR020_101: prevent operator from unauthorized access for changing auditory alarm signal
MLSR020_129: prevent operator from saving changes to alarm preset and restrict it only to responsible organization
MLSR020_130: provide option for responsible organization to restore alarm preset to its manufacturer-configured state
MLSR020_136: prevent operator from saving changes to any manufacturer-configured alarm preset
MLSR020_136: restrict alarm preset only to responsible organization
MLSR020_137: prevent individual operator from saving changes to alarm presets that were stored by any other operator
MLSR020_142: prevent any operator from storing changes to default alarm preset
MLSR020_143: allow only responsible organization to restore default alarm preset to its manufacturer-configured values
MLSR020_173: allow only responsible organization to enable and disable reminder signal 
MLSR020_173: configure maximum reminder signal interval when adjustment is provided
MLSR020_174: allow only responsible organization to permit designated operators to enable and disable reminder signal
MLSR020_177: allow only responsible organization to enable or disable any global alarm OFF or audio OFF
MLSR020_177: prevent clinical operator from changing configuration in normal use
MLSR020_186: allow only responsible organization to provide options for operator to adjust interval only up to maximum
MLSR020_195: allow only responsible organization to select between latching and non-latching alarm signals
MLSR020_389: use password-protection for each operator to store his or her own operator-configured alarm presets
MLSR020_389: restrict operator from changing alarm preset configuration of other operators"
Show me requirements that comply with Develop feature in system to discover and authenticate bluetooth devices.,MLSR304_34,"MLSR304_34:  implement bluetooth (classic) security mode 3 ( link level-enforced) for authentication and then perform service-level authorization
MLSR304_40:  enable Secure Connections Only Mode for devices(classic) when service requires authenticated link key using Secure Connections
MLSR304_50: implement OOB pairing method for device(classic) discovery and cryptographic value exchange
MLSR304_55: increase time interval exponentially before making new attempt when authentication fails
MLSR304_71: implement user based authentication within bluetooth security framework through application layers
MLSR304_80:  implement security mode 1 and level 3 for BLE device pairing if version is 4.0 and 4.1
MLSR304_81: implement security mode 1 and level 4 for BLE Secure Connection pairing if version is 4.2 and above
MLSR304_88:  implement numeric comparison in BLE device to provide MITM protection when BLE version is 4.2 and above
MLSR304_124 : ensure device enters into discoverable or connectable mode to pair or connect, only for a minimal amount of time
MLSR304_158: set bluetooth devices by default as undiscoverable and remain undiscoverable except as needed for pairing
MLSR304_161: implement mutual authentication for all connections in bluetooth devices
MLSR304_166: implement user authentication overlays such as biometrics, smart cards, two-factor authentication or PKI
MLSR304_171:  ensure portable devices with bluetooth interfaces are configured with password to prevent unauthorized access "
Give me requirements related to Develop feature in system to discover and authenticate bluetooth devices.,MLSR304_34,"MLSR304_34:  implement bluetooth (classic) security mode 3 ( link level-enforced) for authentication and then perform service-level authorization
MLSR304_40:  enable Secure Connections Only Mode for devices(classic) when service requires authenticated link key using Secure Connections
MLSR304_50: implement OOB pairing method for device(classic) discovery and cryptographic value exchange
MLSR304_55: increase time interval exponentially before making new attempt when authentication fails
MLSR304_71: implement user based authentication within bluetooth security framework through application layers
MLSR304_80:  implement security mode 1 and level 3 for BLE device pairing if version is 4.0 and 4.1
MLSR304_81: implement security mode 1 and level 4 for BLE Secure Connection pairing if version is 4.2 and above
MLSR304_88:  implement numeric comparison in BLE device to provide MITM protection when BLE version is 4.2 and above
MLSR304_124 : ensure device enters into discoverable or connectable mode to pair or connect, only for a minimal amount of time
MLSR304_158: set bluetooth devices by default as undiscoverable and remain undiscoverable except as needed for pairing
MLSR304_161: implement mutual authentication for all connections in bluetooth devices
MLSR304_166: implement user authentication overlays such as biometrics, smart cards, two-factor authentication or PKI
MLSR304_171:  ensure portable devices with bluetooth interfaces are configured with password to prevent unauthorized access "
Give me requirements related to Develop feature in system to discover and authenticate bluetooth devices.,MLSR304_34,"MLSR304_34:  implement bluetooth (classic) security mode 3 ( link level-enforced) for authentication and then perform service-level authorization
MLSR304_40:  enable Secure Connections Only Mode for devices(classic) when service requires authenticated link key using Secure Connections
MLSR304_50: implement OOB pairing method for device(classic) discovery and cryptographic value exchange
MLSR304_55: increase time interval exponentially before making new attempt when authentication fails
MLSR304_71: implement user based authentication within bluetooth security framework through application layers
MLSR304_80:  implement security mode 1 and level 3 for BLE device pairing if version is 4.0 and 4.1
MLSR304_81: implement security mode 1 and level 4 for BLE Secure Connection pairing if version is 4.2 and above
MLSR304_88:  implement numeric comparison in BLE device to provide MITM protection when BLE version is 4.2 and above
MLSR304_124 : ensure device enters into discoverable or connectable mode to pair or connect, only for a minimal amount of time
MLSR304_158: set bluetooth devices by default as undiscoverable and remain undiscoverable except as needed for pairing
MLSR304_161: implement mutual authentication for all connections in bluetooth devices
MLSR304_166: implement user authentication overlays such as biometrics, smart cards, two-factor authentication or PKI
MLSR304_171:  ensure portable devices with bluetooth interfaces are configured with password to prevent unauthorized access "
Show me security requirements for Develop feature in bluetooth device for authorization.,MLSR304_72,"MLSR304_72:  implement user based fine-grained access control within bluetooth security framework through application layer
MLSR304_164: enforce bluetooth device to prompt user to authorize all incoming connection requests"
Fetch requirements mapped to Develop feature in bluetooth device for authorization.,MLSR304_72,"MLSR304_72:  implement user based fine-grained access control within bluetooth security framework through application layer
MLSR304_164: enforce bluetooth device to prompt user to authorize all incoming connection requests"
What are the requirements for Develop feature in bluetooth device for authorization?,MLSR304_72,"MLSR304_72:  implement user based fine-grained access control within bluetooth security framework through application layer
MLSR304_164: enforce bluetooth device to prompt user to authorize all incoming connection requests"
"Do we have any requirements for Develop feature to limit access for apps and services in mobile device

 compliance?",MLSR305_82,"MLSR049_412: authorize mobile device to system
MLSR049_420: prohibit use of unclassified mobile devices in facilities unless permitted by authorizing official
MLSR049_421: use unclassified mobile devices with proper permission and restrictions
MLSR050_71: control connection of mobile devices by applying usage restrictions
MLSR305_58: limit or prevent access to enterprise services when device is rooted/jailbroken
MLSR305_59: limit or prevent access to enterprise services based on mobile deviceʼs OS version
MLSR305_60: limit or prevent access to enterprise services based on mobile deviceʼs vendor/brand or model
MLSR305_61: limit or prevent access to enterprise services based on MDM software client version
MLSR305_68: set mobile device unlock code before authorizing access to organization’s resources
MLSR305_75: restrict use of OS and application synchronization services to control access for data-sharing functions
MLSR305_82: restrict permissions assigned to each application in mobile device
MLSR305_84: safeguard mechanisms used to install, update, or remove applications from managed devices by role-based access
MLSR305_144: implement application-level access policies on OS-provided functionality to transfer data into or out of managed applications
MLSR305_162: restrict access to organization resources to provisioned mobile devices
MLSR312_123: employ EMM to deny a device access to enterprise data if it is in an insecure state
"
"Give me requirements related to Develop feature to limit access for apps and services in mobile device

.",MLSR305_82,"MLSR049_412: authorize mobile device to system
MLSR049_420: prohibit use of unclassified mobile devices in facilities unless permitted by authorizing official
MLSR049_421: use unclassified mobile devices with proper permission and restrictions
MLSR050_71: control connection of mobile devices by applying usage restrictions
MLSR305_58: limit or prevent access to enterprise services when device is rooted/jailbroken
MLSR305_59: limit or prevent access to enterprise services based on mobile deviceʼs OS version
MLSR305_60: limit or prevent access to enterprise services based on mobile deviceʼs vendor/brand or model
MLSR305_61: limit or prevent access to enterprise services based on MDM software client version
MLSR305_68: set mobile device unlock code before authorizing access to organization’s resources
MLSR305_75: restrict use of OS and application synchronization services to control access for data-sharing functions
MLSR305_82: restrict permissions assigned to each application in mobile device
MLSR305_84: safeguard mechanisms used to install, update, or remove applications from managed devices by role-based access
MLSR305_144: implement application-level access policies on OS-provided functionality to transfer data into or out of managed applications
MLSR305_162: restrict access to organization resources to provisioned mobile devices
MLSR312_123: employ EMM to deny a device access to enterprise data if it is in an insecure state
"
"I need a requirement for secure Develop feature to limit access for apps and services in mobile device

.",MLSR305_82,"MLSR049_412: authorize mobile device to system
MLSR049_420: prohibit use of unclassified mobile devices in facilities unless permitted by authorizing official
MLSR049_421: use unclassified mobile devices with proper permission and restrictions
MLSR050_71: control connection of mobile devices by applying usage restrictions
MLSR305_58: limit or prevent access to enterprise services when device is rooted/jailbroken
MLSR305_59: limit or prevent access to enterprise services based on mobile deviceʼs OS version
MLSR305_60: limit or prevent access to enterprise services based on mobile deviceʼs vendor/brand or model
MLSR305_61: limit or prevent access to enterprise services based on MDM software client version
MLSR305_68: set mobile device unlock code before authorizing access to organization’s resources
MLSR305_75: restrict use of OS and application synchronization services to control access for data-sharing functions
MLSR305_82: restrict permissions assigned to each application in mobile device
MLSR305_84: safeguard mechanisms used to install, update, or remove applications from managed devices by role-based access
MLSR305_144: implement application-level access policies on OS-provided functionality to transfer data into or out of managed applications
MLSR305_162: restrict access to organization resources to provisioned mobile devices
MLSR312_123: employ EMM to deny a device access to enterprise data if it is in an insecure state
"
Show me security requirements for Develop feature to install only whitelisted applications on mobile device.,MLSR305_80,"MLSR305_80: allow only whitelisted application stores for use in mobile device
MLSR312_85: restrict to install applications on mobile device through whitelisting or blacklisting
MLSR305_86: distribute applications from a dedicated mobile application store which has explicit whitelist of applications
MLSR312_90: distribute organization’s apps from a dedicated mobile appstore"
Show me security requirements for Develop feature to install only whitelisted applications on mobile device.,MLSR305_80,"MLSR305_80: allow only whitelisted application stores for use in mobile device
MLSR312_85: restrict to install applications on mobile device through whitelisting or blacklisting
MLSR305_86: distribute applications from a dedicated mobile application store which has explicit whitelist of applications
MLSR312_90: distribute organization’s apps from a dedicated mobile appstore"
Fetch requirements mapped to Develop feature to install only whitelisted applications on mobile device.,MLSR305_80,"MLSR305_80: allow only whitelisted application stores for use in mobile device
MLSR312_85: restrict to install applications on mobile device through whitelisting or blacklisting
MLSR305_86: distribute applications from a dedicated mobile application store which has explicit whitelist of applications
MLSR312_90: distribute organization’s apps from a dedicated mobile appstore"
Give me requirements related to Develop feature in system to authorize audit access for users.,MLSR049_587,"MLSR049_587: authorize access to management of audit functionality to only privileged users
MLSR049_589: enforce dual authorization for movement/deletion of audit information
MLSR049_591: allow read-only access to audit records for restricted privileged user
MLSR050_94: protect audit information and audit logging tools from unauthorized access
MLSR074_601: prohibit system administrators to erase or de-activate logs of their own activities
MLSR074_604: prohibit alterations to message types that are recorded in a log
MLSR203_74: ensure critical and confidential information logged are protected against unauthorized access
MLSR037_507: safeguard access to system audit tools and audit trails to prevent misuse
MLSR043_93: prohibit to edit or delete audit data
MLSR065_63: employ controls to protect logs from unauthorized access or tampering
MLSR307_281: log access to all audit trails to retrace steps made by unauthorized personnel
MLSR307_296: restrict access to only authorized personnel to modify time synchronization settings used for generating audit logs
MLSR307_299: secure audit trails to prevent alteration by malicious individuals
MLSR307_300: limit viewing of audit trails to only authorized individuals with a job-related need"
Give me requirements related to Develop feature in system to authorize audit access for users.,MLSR049_587,"MLSR049_587: authorize access to management of audit functionality to only privileged users
MLSR049_589: enforce dual authorization for movement/deletion of audit information
MLSR049_591: allow read-only access to audit records for restricted privileged user
MLSR050_94: protect audit information and audit logging tools from unauthorized access
MLSR074_601: prohibit system administrators to erase or de-activate logs of their own activities
MLSR074_604: prohibit alterations to message types that are recorded in a log
MLSR203_74: ensure critical and confidential information logged are protected against unauthorized access
MLSR037_507: safeguard access to system audit tools and audit trails to prevent misuse
MLSR043_93: prohibit to edit or delete audit data
MLSR065_63: employ controls to protect logs from unauthorized access or tampering
MLSR307_281: log access to all audit trails to retrace steps made by unauthorized personnel
MLSR307_296: restrict access to only authorized personnel to modify time synchronization settings used for generating audit logs
MLSR307_299: secure audit trails to prevent alteration by malicious individuals
MLSR307_300: limit viewing of audit trails to only authorized individuals with a job-related need"
Show me requirements that comply with Develop feature in system to authorize audit access for users.,MLSR049_587,"MLSR049_587: authorize access to management of audit functionality to only privileged users
MLSR049_589: enforce dual authorization for movement/deletion of audit information
MLSR049_591: allow read-only access to audit records for restricted privileged user
MLSR050_94: protect audit information and audit logging tools from unauthorized access
MLSR074_601: prohibit system administrators to erase or de-activate logs of their own activities
MLSR074_604: prohibit alterations to message types that are recorded in a log
MLSR203_74: ensure critical and confidential information logged are protected against unauthorized access
MLSR037_507: safeguard access to system audit tools and audit trails to prevent misuse
MLSR043_93: prohibit to edit or delete audit data
MLSR065_63: employ controls to protect logs from unauthorized access or tampering
MLSR307_281: log access to all audit trails to retrace steps made by unauthorized personnel
MLSR307_296: restrict access to only authorized personnel to modify time synchronization settings used for generating audit logs
MLSR307_299: secure audit trails to prevent alteration by malicious individuals
MLSR307_300: limit viewing of audit trails to only authorized individuals with a job-related need"
Show me requirements that comply with Employ mechanisms to isolate security functions from nonsecurity functions.,MLSR049_1737,"MLSR049_1737: isolate security functions from nonsecurity functions using isolation boundary like partitions and domains
MLSR049_1732: separate user functionality from system management functionality
MLSR049_1741: isolate security functions enforcing access and information flow control from nonsecurity functions"
Show me requirements that comply with Employ mechanisms to isolate security functions from nonsecurity functions.,MLSR049_1737,"MLSR049_1737: isolate security functions from nonsecurity functions using isolation boundary like partitions and domains
MLSR049_1732: separate user functionality from system management functionality
MLSR049_1741: isolate security functions enforcing access and information flow control from nonsecurity functions"
Give me all the requirements linked to Employ mechanisms to isolate security functions from nonsecurity functions.,MLSR049_1737,"MLSR049_1737: isolate security functions from nonsecurity functions using isolation boundary like partitions and domains
MLSR049_1732: separate user functionality from system management functionality
MLSR049_1741: isolate security functions enforcing access and information flow control from nonsecurity functions"
What are the requirements for Develop role based access (RBAC) feature in system and follow least privilege principle for users?,MLSR049_162,"MLSR049_162: establish conditions for group and role membership
MLSR049_283: provide only necessary privilege to perform tasks
MLSR079_325: establish appropriate logical access for users to devices based on roles
MLSR079_326: grant permission to access appropriate systems based on role
MLSR079_1002: ensure accounts are role based to perform particular job function
MLSR079_1004: implement separation of duties with separate approvers and implementers of account configuration
MLSR065_105: follow need to know principle for granting access to customer data within cloud
MLSR065_127: allow for separation of roles and responsibilities for multiple domains
MLSR080_191: implement RBAC to manage access to devices
MLSR203_57: implement granular access control to protect sensitive data
MLSR088_77_1: implement RBAC to access only approved data, functions assigned to their roles
MLSR088_77_2: implement RBAC to provide access to system functions and data
MLSR092_113: clearly define roles and privileges of stakeholders/users
MLSR037_282: establish access control based on predefined roles with associated authorities
MLSR037_315: define workgroup-based access control to determine access level of workgroup
MLSR105_58: implement role or layer based authorization to manage user access rights 
MLSR049_291: separate processing domains to allocate finer-grained privileges
MLSR043_157: create and use role based access control to control and monitor network access
MLSR043_99: implement permissions-based access to system functions and data appropriate to role(s) of individual
MLSR310_74: implement model access controls to enforce record ownership, rather than allow user to modify any record
MLSR307_189: define access needs for each role including, system components and data resources that each role needs to access
MLSR307_192: assign privileges based on individual’s job classification and function
MLSR079_1003: assign minimum privileges and authorizations to users
MLSR016_111: support assigning privileges and permissions to roles and credentials
MLSR049_177: implement dynamic privilege management"
I need a requirement for secure Develop role based access (RBAC) feature in system and follow least privilege principle for users.,MLSR049_162,"MLSR049_162: establish conditions for group and role membership
MLSR049_283: provide only necessary privilege to perform tasks
MLSR079_325: establish appropriate logical access for users to devices based on roles
MLSR079_326: grant permission to access appropriate systems based on role
MLSR079_1002: ensure accounts are role based to perform particular job function
MLSR079_1004: implement separation of duties with separate approvers and implementers of account configuration
MLSR065_105: follow need to know principle for granting access to customer data within cloud
MLSR065_127: allow for separation of roles and responsibilities for multiple domains
MLSR080_191: implement RBAC to manage access to devices
MLSR203_57: implement granular access control to protect sensitive data
MLSR088_77_1: implement RBAC to access only approved data, functions assigned to their roles
MLSR088_77_2: implement RBAC to provide access to system functions and data
MLSR092_113: clearly define roles and privileges of stakeholders/users
MLSR037_282: establish access control based on predefined roles with associated authorities
MLSR037_315: define workgroup-based access control to determine access level of workgroup
MLSR105_58: implement role or layer based authorization to manage user access rights 
MLSR049_291: separate processing domains to allocate finer-grained privileges
MLSR043_157: create and use role based access control to control and monitor network access
MLSR043_99: implement permissions-based access to system functions and data appropriate to role(s) of individual
MLSR310_74: implement model access controls to enforce record ownership, rather than allow user to modify any record
MLSR307_189: define access needs for each role including, system components and data resources that each role needs to access
MLSR307_192: assign privileges based on individual’s job classification and function
MLSR079_1003: assign minimum privileges and authorizations to users
MLSR016_111: support assigning privileges and permissions to roles and credentials
MLSR049_177: implement dynamic privilege management"
I need a requirement for secure Develop role based access (RBAC) feature in system and follow least privilege principle for users.,MLSR049_162,"MLSR049_162: establish conditions for group and role membership
MLSR049_283: provide only necessary privilege to perform tasks
MLSR079_325: establish appropriate logical access for users to devices based on roles
MLSR079_326: grant permission to access appropriate systems based on role
MLSR079_1002: ensure accounts are role based to perform particular job function
MLSR079_1004: implement separation of duties with separate approvers and implementers of account configuration
MLSR065_105: follow need to know principle for granting access to customer data within cloud
MLSR065_127: allow for separation of roles and responsibilities for multiple domains
MLSR080_191: implement RBAC to manage access to devices
MLSR203_57: implement granular access control to protect sensitive data
MLSR088_77_1: implement RBAC to access only approved data, functions assigned to their roles
MLSR088_77_2: implement RBAC to provide access to system functions and data
MLSR092_113: clearly define roles and privileges of stakeholders/users
MLSR037_282: establish access control based on predefined roles with associated authorities
MLSR037_315: define workgroup-based access control to determine access level of workgroup
MLSR105_58: implement role or layer based authorization to manage user access rights 
MLSR049_291: separate processing domains to allocate finer-grained privileges
MLSR043_157: create and use role based access control to control and monitor network access
MLSR043_99: implement permissions-based access to system functions and data appropriate to role(s) of individual
MLSR310_74: implement model access controls to enforce record ownership, rather than allow user to modify any record
MLSR307_189: define access needs for each role including, system components and data resources that each role needs to access
MLSR307_192: assign privileges based on individual’s job classification and function
MLSR079_1003: assign minimum privileges and authorizations to users
MLSR016_111: support assigning privileges and permissions to roles and credentials
MLSR049_177: implement dynamic privilege management"
Show me security requirements for Develop feature in system to control authorization for users.,MLSR049_163,"MLSR049_163: allow only authorized user to access information system
MLSR049_193: approve only authorized users to access system resources and privileged functions
MLSR049_223: provide audited override of access control mechanisms for critical functions
MLSR049_225: enforce approved authorizations for controlling information flow
MLSR049_598: allow only authorized individuals to determine identity of producer of information
MLSR049_426: allow only authorized users to process, store, or transmit information using external systems
MLSR049_285: authorize access to security functions and security-relevant information
MLSR079_294: grant, change, or terminate access on authority of appropriate manager
MLSR065_95: classify single or dual authorization based on criticality in access management system
MLSR076_159: provide access to employees who design, manufacture and install systems
MLSR074_251: provide access to network services that users are authorized to use
MLSR080_241: ensure authority to change higher-level password is limited to trusted employees
MLSR201_15: build capability for patients to request access and fetch patient-specific information
MLSR076_101: provide authorization mechanism when system provides multiple user roles
MLSR221_79: provide option to access user specific personal data 
MLSR221_814: deny unauthorized persons access to perform unauthorized reading and modification
MLSR017_92: protect software interfacing directly to hardware, against unauthorized modifications or access
MLSR310_72:  implement access control in trusted server side code or server less API and with exception of public resources, deny by default
MLSR307_194: establish access control for components that restricts access based on user’s need to know and set to “deny all” unless specifically allowed
MLSR307_233: restrict all access to database containing cardholder data by allowing only programmatic access to queries and user actions
MLSR307_233: permitting only database admin to directly access or query databases
MLSR307_233: allowing use of application IDs for database by relevant applications only and not by individual users or other non-application processes
MLSR076_87: allow access only to persons or software programs having access rights 
MLSR050_193: prevent unauthorized and unintended information transfer via shared system resources
MLSR074_713: obtain approval prior to using external public services such as instant messaging, social networking or file sharing
MLSR076_61: implement authorization of vendor’s personnel and ensure that default settings allow only the minimum data necessary for each purpose to be collected
MLSR074_744: implement authorization processes associated with who may approve contents of , issue or sign key transactional documents
MLSR049_2021: authorize, monitor and control system components use
"
Show me security requirements for Develop feature in system to control authorization for users.,MLSR049_163,"MLSR049_163: allow only authorized user to access information system
MLSR049_193: approve only authorized users to access system resources and privileged functions
MLSR049_223: provide audited override of access control mechanisms for critical functions
MLSR049_225: enforce approved authorizations for controlling information flow
MLSR049_598: allow only authorized individuals to determine identity of producer of information
MLSR049_426: allow only authorized users to process, store, or transmit information using external systems
MLSR049_285: authorize access to security functions and security-relevant information
MLSR079_294: grant, change, or terminate access on authority of appropriate manager
MLSR065_95: classify single or dual authorization based on criticality in access management system
MLSR076_159: provide access to employees who design, manufacture and install systems
MLSR074_251: provide access to network services that users are authorized to use
MLSR080_241: ensure authority to change higher-level password is limited to trusted employees
MLSR201_15: build capability for patients to request access and fetch patient-specific information
MLSR076_101: provide authorization mechanism when system provides multiple user roles
MLSR221_79: provide option to access user specific personal data 
MLSR221_814: deny unauthorized persons access to perform unauthorized reading and modification
MLSR017_92: protect software interfacing directly to hardware, against unauthorized modifications or access
MLSR310_72:  implement access control in trusted server side code or server less API and with exception of public resources, deny by default
MLSR307_194: establish access control for components that restricts access based on user’s need to know and set to “deny all” unless specifically allowed
MLSR307_233: restrict all access to database containing cardholder data by allowing only programmatic access to queries and user actions
MLSR307_233: permitting only database admin to directly access or query databases
MLSR307_233: allowing use of application IDs for database by relevant applications only and not by individual users or other non-application processes
MLSR076_87: allow access only to persons or software programs having access rights 
MLSR050_193: prevent unauthorized and unintended information transfer via shared system resources
MLSR074_713: obtain approval prior to using external public services such as instant messaging, social networking or file sharing
MLSR076_61: implement authorization of vendor’s personnel and ensure that default settings allow only the minimum data necessary for each purpose to be collected
MLSR074_744: implement authorization processes associated with who may approve contents of , issue or sign key transactional documents
MLSR049_2021: authorize, monitor and control system components use
"
What are the requirements for Develop feature in system to control authorization for users?,MLSR049_163,"MLSR049_163: allow only authorized user to access information system
MLSR049_193: approve only authorized users to access system resources and privileged functions
MLSR049_223: provide audited override of access control mechanisms for critical functions
MLSR049_225: enforce approved authorizations for controlling information flow
MLSR049_598: allow only authorized individuals to determine identity of producer of information
MLSR049_426: allow only authorized users to process, store, or transmit information using external systems
MLSR049_285: authorize access to security functions and security-relevant information
MLSR079_294: grant, change, or terminate access on authority of appropriate manager
MLSR065_95: classify single or dual authorization based on criticality in access management system
MLSR076_159: provide access to employees who design, manufacture and install systems
MLSR074_251: provide access to network services that users are authorized to use
MLSR080_241: ensure authority to change higher-level password is limited to trusted employees
MLSR201_15: build capability for patients to request access and fetch patient-specific information
MLSR076_101: provide authorization mechanism when system provides multiple user roles
MLSR221_79: provide option to access user specific personal data 
MLSR221_814: deny unauthorized persons access to perform unauthorized reading and modification
MLSR017_92: protect software interfacing directly to hardware, against unauthorized modifications or access
MLSR310_72:  implement access control in trusted server side code or server less API and with exception of public resources, deny by default
MLSR307_194: establish access control for components that restricts access based on user’s need to know and set to “deny all” unless specifically allowed
MLSR307_233: restrict all access to database containing cardholder data by allowing only programmatic access to queries and user actions
MLSR307_233: permitting only database admin to directly access or query databases
MLSR307_233: allowing use of application IDs for database by relevant applications only and not by individual users or other non-application processes
MLSR076_87: allow access only to persons or software programs having access rights 
MLSR050_193: prevent unauthorized and unintended information transfer via shared system resources
MLSR074_713: obtain approval prior to using external public services such as instant messaging, social networking or file sharing
MLSR076_61: implement authorization of vendor’s personnel and ensure that default settings allow only the minimum data necessary for each purpose to be collected
MLSR074_744: implement authorization processes associated with who may approve contents of , issue or sign key transactional documents
MLSR049_2021: authorize, monitor and control system components use
"
Give me all the requirements linked to Implement access restrictions in system to prevent unauthorized execution of utility and user-installed software.,MLSR074_341,"MLSR074_341: use identification, authentication and authorization procedures for utility programs
MLSR074_344: authorize for ad hoc use of utility programs
MLSR074_343: limit use of utility programs to minimum number of authorized users
MLSR074_340: restrict and tightly control use of utility programs
MLSR074_342: segregate utility programs from applications software
MLSR074_345: limit availability of utility programs
MLSR074_349: prohibit utility programs availability to users having access to application 
MLSR049_2153: enforce that user-installed software executes in confined environment with limited privileges
MLSR049_2157: allow execution of binary or machine-executable code with explicit approval and only in confined VM environments
MLSR049_2159: prohibit use of binary or machine-executable code and provide exception with approval for mission critical operations
MLSR049_828: enforce strict restrictions on use of open source software"
Give me requirements related to Implement access restrictions in system to prevent unauthorized execution of utility and user-installed software.,MLSR074_341,"MLSR074_341: use identification, authentication and authorization procedures for utility programs
MLSR074_344: authorize for ad hoc use of utility programs
MLSR074_343: limit use of utility programs to minimum number of authorized users
MLSR074_340: restrict and tightly control use of utility programs
MLSR074_342: segregate utility programs from applications software
MLSR074_345: limit availability of utility programs
MLSR074_349: prohibit utility programs availability to users having access to application 
MLSR049_2153: enforce that user-installed software executes in confined environment with limited privileges
MLSR049_2157: allow execution of binary or machine-executable code with explicit approval and only in confined VM environments
MLSR049_2159: prohibit use of binary or machine-executable code and provide exception with approval for mission critical operations
MLSR049_828: enforce strict restrictions on use of open source software"
Give me all the requirements linked to Implement access restrictions in system to prevent unauthorized execution of utility and user-installed software.,MLSR074_341,"MLSR074_341: use identification, authentication and authorization procedures for utility programs
MLSR074_344: authorize for ad hoc use of utility programs
MLSR074_343: limit use of utility programs to minimum number of authorized users
MLSR074_340: restrict and tightly control use of utility programs
MLSR074_342: segregate utility programs from applications software
MLSR074_345: limit availability of utility programs
MLSR074_349: prohibit utility programs availability to users having access to application 
MLSR049_2153: enforce that user-installed software executes in confined environment with limited privileges
MLSR049_2157: allow execution of binary or machine-executable code with explicit approval and only in confined VM environments
MLSR049_2159: prohibit use of binary or machine-executable code and provide exception with approval for mission critical operations
MLSR049_828: enforce strict restrictions on use of open source software"
Do we have security requirements for Develop feature in system to control/limit access for users to avoid unauthorized access in place?,MLSR049_759,"MLSR049_757: define, approve and enforce physical and logical access restrictions for system changes 
MLSR049_759: enforce access restrictions for any changes to  hardware, software,  firmware components of information systems 
MLSR049_2179:restrict use of manual override capability to only authorized individuals
MLSR049_1750:prevent unauthorized information transfer via shared system resources
MLSR049_184:restrict use of shared/group accounts when organization conditions are met
MLSR049_186:enforce usage conditions for specific system accounts
MLSR074_268: restrict and control allocation and use of privileged access rights 
MLSR088_77: avoid unauthorized access to data and functions to preserve system and data confidentiality
MLSR076_262: limit access to operational monitoring data based on context–specific user authorization for devices
MLSR076_263: limit access to operational monitoring data based on context–specific user authorization for mobile apps
MLSR076_270: limit access enabling changing of operational parameters based on context–specific user authorization for devices
MLSR076_271: limit access triggering action on device based on context–specific user authorization
MLSR076_272: limit changing of triggering actions on device based on context–specific user authorization for mobile apps
MLSR076_277: limit access for viewing and editing data based on specimen context–specific user authorization for device
MLSR076_278: limit access for viewing and editing data based on specimen context–specific user authorization for mobile apps
MLSR076_373: limit users from directly accessing external or internet systems
MLSR050_53: limit access to authorized users, processes acting on behalf of authorized users and devices
MLSR050_54:  limit access to types of transaction and functions permitted to authorized users
MLSR102_224: limit device access and privileges, based on user profiles
MLSR079_1054: restrict access to non-local domain controllers and active directory servers 
MLSR076_144: protect system from unwanted access via external I/O devices
MLSR105_56: limit device access only to authenticated users
MLSR222_1554: protect against unauthorized access that hamper device from functioning as intended
MLSR043_100: allow user to access only approved data and only perform approved functions on device
MLSR078_194: control access to selected devices, information or both to protect against unauthorized interrogation
MLSR102_68:  address unauthorised access to or modification of device
MLSR307_188: limit access to system components to only those individuals who require such access
MLSR049_767: limit, review and re-evaluate privileges for system changes 
MLSR049_769: limit privileges to change software resident within software libraries
MLSR049_1148: employ security safeguards for information exposed to unauthorized personnel
"
Fetch requirements mapped to Develop feature in system to control/limit access for users to avoid unauthorized access.,MLSR049_759,"MLSR049_757: define, approve and enforce physical and logical access restrictions for system changes 
MLSR049_759: enforce access restrictions for any changes to  hardware, software,  firmware components of information systems 
MLSR049_2179:restrict use of manual override capability to only authorized individuals
MLSR049_1750:prevent unauthorized information transfer via shared system resources
MLSR049_184:restrict use of shared/group accounts when organization conditions are met
MLSR049_186:enforce usage conditions for specific system accounts
MLSR074_268: restrict and control allocation and use of privileged access rights 
MLSR088_77: avoid unauthorized access to data and functions to preserve system and data confidentiality
MLSR076_262: limit access to operational monitoring data based on context–specific user authorization for devices
MLSR076_263: limit access to operational monitoring data based on context–specific user authorization for mobile apps
MLSR076_270: limit access enabling changing of operational parameters based on context–specific user authorization for devices
MLSR076_271: limit access triggering action on device based on context–specific user authorization
MLSR076_272: limit changing of triggering actions on device based on context–specific user authorization for mobile apps
MLSR076_277: limit access for viewing and editing data based on specimen context–specific user authorization for device
MLSR076_278: limit access for viewing and editing data based on specimen context–specific user authorization for mobile apps
MLSR076_373: limit users from directly accessing external or internet systems
MLSR050_53: limit access to authorized users, processes acting on behalf of authorized users and devices
MLSR050_54:  limit access to types of transaction and functions permitted to authorized users
MLSR102_224: limit device access and privileges, based on user profiles
MLSR079_1054: restrict access to non-local domain controllers and active directory servers 
MLSR076_144: protect system from unwanted access via external I/O devices
MLSR105_56: limit device access only to authenticated users
MLSR222_1554: protect against unauthorized access that hamper device from functioning as intended
MLSR043_100: allow user to access only approved data and only perform approved functions on device
MLSR078_194: control access to selected devices, information or both to protect against unauthorized interrogation
MLSR102_68:  address unauthorised access to or modification of device
MLSR307_188: limit access to system components to only those individuals who require such access
MLSR049_767: limit, review and re-evaluate privileges for system changes 
MLSR049_769: limit privileges to change software resident within software libraries
MLSR049_1148: employ security safeguards for information exposed to unauthorized personnel
"
Show me security requirements for Develop feature in system to control/limit access for users to avoid unauthorized access.,MLSR049_759,"MLSR049_757: define, approve and enforce physical and logical access restrictions for system changes 
MLSR049_759: enforce access restrictions for any changes to  hardware, software,  firmware components of information systems 
MLSR049_2179:restrict use of manual override capability to only authorized individuals
MLSR049_1750:prevent unauthorized information transfer via shared system resources
MLSR049_184:restrict use of shared/group accounts when organization conditions are met
MLSR049_186:enforce usage conditions for specific system accounts
MLSR074_268: restrict and control allocation and use of privileged access rights 
MLSR088_77: avoid unauthorized access to data and functions to preserve system and data confidentiality
MLSR076_262: limit access to operational monitoring data based on context–specific user authorization for devices
MLSR076_263: limit access to operational monitoring data based on context–specific user authorization for mobile apps
MLSR076_270: limit access enabling changing of operational parameters based on context–specific user authorization for devices
MLSR076_271: limit access triggering action on device based on context–specific user authorization
MLSR076_272: limit changing of triggering actions on device based on context–specific user authorization for mobile apps
MLSR076_277: limit access for viewing and editing data based on specimen context–specific user authorization for device
MLSR076_278: limit access for viewing and editing data based on specimen context–specific user authorization for mobile apps
MLSR076_373: limit users from directly accessing external or internet systems
MLSR050_53: limit access to authorized users, processes acting on behalf of authorized users and devices
MLSR050_54:  limit access to types of transaction and functions permitted to authorized users
MLSR102_224: limit device access and privileges, based on user profiles
MLSR079_1054: restrict access to non-local domain controllers and active directory servers 
MLSR076_144: protect system from unwanted access via external I/O devices
MLSR105_56: limit device access only to authenticated users
MLSR222_1554: protect against unauthorized access that hamper device from functioning as intended
MLSR043_100: allow user to access only approved data and only perform approved functions on device
MLSR078_194: control access to selected devices, information or both to protect against unauthorized interrogation
MLSR102_68:  address unauthorised access to or modification of device
MLSR307_188: limit access to system components to only those individuals who require such access
MLSR049_767: limit, review and re-evaluate privileges for system changes 
MLSR049_769: limit privileges to change software resident within software libraries
MLSR049_1148: employ security safeguards for information exposed to unauthorized personnel
"
What are the requirements for Implement access restrictions for operating system?,MLSR076_108,"MLSR076_108: prevent unauthorized access to OS features when user has privilege to access OS of system
MLSR076_109: implement security measures to control access to OS based on user credentials
MLSR076_110: access to OS features to authorized user shall be kept minimum 
"
Give me all the requirements linked to Implement access restrictions for operating system.,MLSR076_108,"MLSR076_108: prevent unauthorized access to OS features when user has privilege to access OS of system
MLSR076_109: implement security measures to control access to OS based on user credentials
MLSR076_110: access to OS features to authorized user shall be kept minimum 
"
I need a requirement for secure Implement access restrictions for operating system.,MLSR076_108,"MLSR076_108: prevent unauthorized access to OS features when user has privilege to access OS of system
MLSR076_109: implement security measures to control access to OS based on user credentials
MLSR076_110: access to OS features to authorized user shall be kept minimum 
"
Give me requirements related to Develop feature in system to enable dual /multiple authorization for critical actions.,MLSR049_765,"MLSR049_765: enforce dual authorization for system changes
MLSR049_923: enforce dual authorization for deletion or destruction of backup
MLSR049_197: enforce dual authorization for privileged functions
MLSR079_327: employ multiple authorization methods to limit access to critical control environments
MLSR203_61: enforce dual-control principle for critical actions on product"
Do we have security requirements for Develop feature in system to enable dual /multiple authorization for critical actions in place?,MLSR049_765,"MLSR049_765: enforce dual authorization for system changes
MLSR049_923: enforce dual authorization for deletion or destruction of backup
MLSR049_197: enforce dual authorization for privileged functions
MLSR079_327: employ multiple authorization methods to limit access to critical control environments
MLSR203_61: enforce dual-control principle for critical actions on product"
Do we have any requirements for Develop feature in system to enable dual /multiple authorization for critical actions compliance?,MLSR049_765,"MLSR049_765: enforce dual authorization for system changes
MLSR049_923: enforce dual authorization for deletion or destruction of backup
MLSR049_197: enforce dual authorization for privileged functions
MLSR079_327: employ multiple authorization methods to limit access to critical control environments
MLSR203_61: enforce dual-control principle for critical actions on product"
"I need a requirement for secure Configure network address allocation for systems

.",MLSR049_986,"MLSR049_986: standardize dynamic address allocation
MLSR049_1810: implement separate network addresses to connect to systems"
"Show me requirements that comply with Configure network address allocation for systems

.",MLSR049_986,"MLSR049_986: standardize dynamic address allocation
MLSR049_1810: implement separate network addresses to connect to systems"
"Give me all the requirements linked to Configure network address allocation for systems

.",MLSR049_986,"MLSR049_986: standardize dynamic address allocation
MLSR049_1810: implement separate network addresses to connect to systems"
"I need a requirement for Implement segregation and segmentation of network to limit propagation of attacks
.",MLSR049_1806,"MLSR049_1769: implement subnetworks for publicly accessible system components that are separated from internal networks [Medical Facility]
MLSR049_1792: implement physically separate subnetworks with managed interfaces [Medical Facility]
MLSR049_1806: segregate information system components from other components of system
MLSR049_1808: employ boundary protection mechanisms to separate information system components supporting business functions
MLSR079_956: employ network segmentation for medium to high-risk control systems [Medical Facility]
MLSR079_974: employ cyber and physical protection layers to address residual risk remaining after isolation of control system from business zone [Medical Facility]
MLSR079_980: disconnect high-risk control system from business zone [Medical Facility]
MLSR076_117: segment network into multiple sub networks and limit communication between networks [Medical Facility]
MLSR074_676: segregate groups of information services, users and information systems on network  [Medical Facility]
MLSR080_441_1: ensure to properly segment networks to mitigate risks of broadcast storms [Medical Facility]
MLSR203_53: implement  network segmentation by default and keep configuration data separate from device's medical functions  [Medical Facility]
MLSR092_141: provide option of isolating device software from network or from all communication channels
MLSR210_158: implement partitioning mechanisms,  network / traffic segmentation to limit propagation of attack  [Medical Facility]"
"I need a requirement for secure Implement segregation and segmentation of network to limit propagation of attacks
.",MLSR049_1806,"MLSR049_1769: implement subnetworks for publicly accessible system components that are separated from internal networks [Medical Facility]
MLSR049_1792: implement physically separate subnetworks with managed interfaces [Medical Facility]
MLSR049_1806: segregate information system components from other components of system
MLSR049_1808: employ boundary protection mechanisms to separate information system components supporting business functions
MLSR079_956: employ network segmentation for medium to high-risk control systems [Medical Facility]
MLSR079_974: employ cyber and physical protection layers to address residual risk remaining after isolation of control system from business zone [Medical Facility]
MLSR079_980: disconnect high-risk control system from business zone [Medical Facility]
MLSR076_117: segment network into multiple sub networks and limit communication between networks [Medical Facility]
MLSR074_676: segregate groups of information services, users and information systems on network  [Medical Facility]
MLSR080_441_1: ensure to properly segment networks to mitigate risks of broadcast storms [Medical Facility]
MLSR203_53: implement  network segmentation by default and keep configuration data separate from device's medical functions  [Medical Facility]
MLSR092_141: provide option of isolating device software from network or from all communication channels
MLSR210_158: implement partitioning mechanisms,  network / traffic segmentation to limit propagation of attack  [Medical Facility]"
"Do we have security requirements for Implement segregation and segmentation of network to limit propagation of attacks
 in place?",MLSR049_1806,"MLSR049_1769: implement subnetworks for publicly accessible system components that are separated from internal networks [Medical Facility]
MLSR049_1792: implement physically separate subnetworks with managed interfaces [Medical Facility]
MLSR049_1806: segregate information system components from other components of system
MLSR049_1808: employ boundary protection mechanisms to separate information system components supporting business functions
MLSR079_956: employ network segmentation for medium to high-risk control systems [Medical Facility]
MLSR079_974: employ cyber and physical protection layers to address residual risk remaining after isolation of control system from business zone [Medical Facility]
MLSR079_980: disconnect high-risk control system from business zone [Medical Facility]
MLSR076_117: segment network into multiple sub networks and limit communication between networks [Medical Facility]
MLSR074_676: segregate groups of information services, users and information systems on network  [Medical Facility]
MLSR080_441_1: ensure to properly segment networks to mitigate risks of broadcast storms [Medical Facility]
MLSR203_53: implement  network segmentation by default and keep configuration data separate from device's medical functions  [Medical Facility]
MLSR092_141: provide option of isolating device software from network or from all communication channels
MLSR210_158: implement partitioning mechanisms,  network / traffic segmentation to limit propagation of attack  [Medical Facility]"
Show me security requirements for Implement demilitarized zones (DMZ) to improve security while connecting to external networks.,MLSR079_989,"MLSR079_963: use DMZ to reduce direct communication between control zone and business zone
MLSR079_989: employ DMZ segmentation architecture
MLSR080_393: ensure to place servers between firewalls in DMZ
MLSR080_411_1: ensure only open traffic from administrative network to DMZ
MLSR307_36: implement DMZ to limit inbound traffic to only system components that provide authorized publicly accessible services, protocols,  ports in cardholder data environment
MLSR307_37: ensure inbound Internet traffic is limited to IP addresses within DMZ for cardholder data environment
MLSR307_41: place system components that store cardholder data on internal network zone, segregated from DMZ and other untrusted networks"
I need a requirement for secure Implement demilitarized zones (DMZ) to improve security while connecting to external networks.,MLSR079_989,"MLSR079_963: use DMZ to reduce direct communication between control zone and business zone
MLSR079_989: employ DMZ segmentation architecture
MLSR080_393: ensure to place servers between firewalls in DMZ
MLSR080_411_1: ensure only open traffic from administrative network to DMZ
MLSR307_36: implement DMZ to limit inbound traffic to only system components that provide authorized publicly accessible services, protocols,  ports in cardholder data environment
MLSR307_37: ensure inbound Internet traffic is limited to IP addresses within DMZ for cardholder data environment
MLSR307_41: place system components that store cardholder data on internal network zone, segregated from DMZ and other untrusted networks"
Fetch requirements mapped to Implement demilitarized zones (DMZ) to improve security while connecting to external networks.,MLSR079_989,"MLSR079_963: use DMZ to reduce direct communication between control zone and business zone
MLSR079_989: employ DMZ segmentation architecture
MLSR080_393: ensure to place servers between firewalls in DMZ
MLSR080_411_1: ensure only open traffic from administrative network to DMZ
MLSR307_36: implement DMZ to limit inbound traffic to only system components that provide authorized publicly accessible services, protocols,  ports in cardholder data environment
MLSR307_37: ensure inbound Internet traffic is limited to IP addresses within DMZ for cardholder data environment
MLSR307_41: place system components that store cardholder data on internal network zone, segregated from DMZ and other untrusted networks"
Give me requirements related to Develop feature in system to manage lost/ expired/ compromised authenticators for users.,MLSR302_252,"MLSR302_252: ensure suspension, revocation or destruction of compromised authenticators are performed within specified time limits once detected 
MLSR302_253_1: set a time limit after which a suspended authenticator can no longer be reactivated
MLSR302_253: provide subscriber with method of authenticating to the CSP using a backup or alternate authenticator
MLSR302_244: use biometric and associated physical authenticator to establish new memorized secret when lost, if biometric is bound to subscriber account
MLSR302_245: ensure a new memorized secret with authentication using two physical authenticators is bound, when there is no biometric bound to the account and it is lost
MLSR302_226: bind at least two physical (something you have) authenticators to subscriber’s online identity
MLSR302_249: bind updated authenticator within an appropriate amount of time before an existing authenticator’s expiration
MLSR302_255: indicate subscriber that authentication failure is due to expiration if authentication is attempted using expired authenticator
MLSR302_256: ensure subscribers surrender or prove destruction of any physical authenticator after expiration or receipt of renewed authenticator
MLSR302_259: revoke binding of authenticators promptly when online identity ceases to exist or when subscriber no longer meets eligibility requirements
MLSR302_260: ensure subscribers surrender or certify destruction of any physical authenticator after revocation or termination"
Do we have security requirements for Develop feature in system to manage lost/ expired/ compromised authenticators for users in place?,MLSR302_252,"MLSR302_252: ensure suspension, revocation or destruction of compromised authenticators are performed within specified time limits once detected 
MLSR302_253_1: set a time limit after which a suspended authenticator can no longer be reactivated
MLSR302_253: provide subscriber with method of authenticating to the CSP using a backup or alternate authenticator
MLSR302_244: use biometric and associated physical authenticator to establish new memorized secret when lost, if biometric is bound to subscriber account
MLSR302_245: ensure a new memorized secret with authentication using two physical authenticators is bound, when there is no biometric bound to the account and it is lost
MLSR302_226: bind at least two physical (something you have) authenticators to subscriber’s online identity
MLSR302_249: bind updated authenticator within an appropriate amount of time before an existing authenticator’s expiration
MLSR302_255: indicate subscriber that authentication failure is due to expiration if authentication is attempted using expired authenticator
MLSR302_256: ensure subscribers surrender or prove destruction of any physical authenticator after expiration or receipt of renewed authenticator
MLSR302_259: revoke binding of authenticators promptly when online identity ceases to exist or when subscriber no longer meets eligibility requirements
MLSR302_260: ensure subscribers surrender or certify destruction of any physical authenticator after revocation or termination"
Give me requirements related to Develop feature in system to manage lost/ expired/ compromised authenticators for users.,MLSR302_252,"MLSR302_252: ensure suspension, revocation or destruction of compromised authenticators are performed within specified time limits once detected 
MLSR302_253_1: set a time limit after which a suspended authenticator can no longer be reactivated
MLSR302_253: provide subscriber with method of authenticating to the CSP using a backup or alternate authenticator
MLSR302_244: use biometric and associated physical authenticator to establish new memorized secret when lost, if biometric is bound to subscriber account
MLSR302_245: ensure a new memorized secret with authentication using two physical authenticators is bound, when there is no biometric bound to the account and it is lost
MLSR302_226: bind at least two physical (something you have) authenticators to subscriber’s online identity
MLSR302_249: bind updated authenticator within an appropriate amount of time before an existing authenticator’s expiration
MLSR302_255: indicate subscriber that authentication failure is due to expiration if authentication is attempted using expired authenticator
MLSR302_256: ensure subscribers surrender or prove destruction of any physical authenticator after expiration or receipt of renewed authenticator
MLSR302_259: revoke binding of authenticators promptly when online identity ceases to exist or when subscriber no longer meets eligibility requirements
MLSR302_260: ensure subscribers surrender or certify destruction of any physical authenticator after revocation or termination"
I need a requirement for secure Develop feature in system to protect authenticators for users.,MLSR049_1009,"MLSR049_1009: manage information system authenticators such as  passwords, tokens, biometrics and PKI certificates by verifying identity of individual, group, role, or device receiving authenticator
MLSR049_1011: implement administrative procedures for initial authenticator distribution, for lost/compromised authenticators, and for revoking authenticators
MLSR049_1040: prohibit use of cached authenticators
MLSR076_92: ensure passwords are not recorded where they are accessible or recognizable by any individual other than originator
MLSR076_93: prohibit use of same password for system and personal access
MLSR076_94: prohibit to use remember password feature
MLSR076_91: protect password from disclosure and maintain confidentiality
MLSR074_335: prohibit to display passwords on screen when being entered
MLSR074_506: use key lock or equivalent control(password) to secure computers or mobile devices
MLSR074_511: protect unattended computers and terminals using key locks, passwords, token or other controls
MLSR080_216: use passwords to limit requests for services and functions to authorized users
MLSR080_759: have login password mechanism if embedded device has user interface
MLSR049_1014: protect authenticator content from unauthorized disclosure
MLSR049_1026: protect authenticators commensurate with security category of information to which use of authenticator permits access

"
Show me requirements that comply with Develop feature in system to protect authenticators for users.,MLSR049_1009,"MLSR049_1009: manage information system authenticators such as  passwords, tokens, biometrics and PKI certificates by verifying identity of individual, group, role, or device receiving authenticator
MLSR049_1011: implement administrative procedures for initial authenticator distribution, for lost/compromised authenticators, and for revoking authenticators
MLSR049_1040: prohibit use of cached authenticators
MLSR076_92: ensure passwords are not recorded where they are accessible or recognizable by any individual other than originator
MLSR076_93: prohibit use of same password for system and personal access
MLSR076_94: prohibit to use remember password feature
MLSR076_91: protect password from disclosure and maintain confidentiality
MLSR074_335: prohibit to display passwords on screen when being entered
MLSR074_506: use key lock or equivalent control(password) to secure computers or mobile devices
MLSR074_511: protect unattended computers and terminals using key locks, passwords, token or other controls
MLSR080_216: use passwords to limit requests for services and functions to authorized users
MLSR080_759: have login password mechanism if embedded device has user interface
MLSR049_1014: protect authenticator content from unauthorized disclosure
MLSR049_1026: protect authenticators commensurate with security category of information to which use of authenticator permits access

"
Fetch requirements mapped to Develop feature in system to protect authenticators for users.,MLSR049_1009,"MLSR049_1009: manage information system authenticators such as  passwords, tokens, biometrics and PKI certificates by verifying identity of individual, group, role, or device receiving authenticator
MLSR049_1011: implement administrative procedures for initial authenticator distribution, for lost/compromised authenticators, and for revoking authenticators
MLSR049_1040: prohibit use of cached authenticators
MLSR076_92: ensure passwords are not recorded where they are accessible or recognizable by any individual other than originator
MLSR076_93: prohibit use of same password for system and personal access
MLSR076_94: prohibit to use remember password feature
MLSR076_91: protect password from disclosure and maintain confidentiality
MLSR074_335: prohibit to display passwords on screen when being entered
MLSR074_506: use key lock or equivalent control(password) to secure computers or mobile devices
MLSR074_511: protect unattended computers and terminals using key locks, passwords, token or other controls
MLSR080_216: use passwords to limit requests for services and functions to authorized users
MLSR080_759: have login password mechanism if embedded device has user interface
MLSR049_1014: protect authenticator content from unauthorized disclosure
MLSR049_1026: protect authenticators commensurate with security category of information to which use of authenticator permits access

"
Do we have any requirements for Develop change password/authenticator feature in system for user accounts compliance?,MLSR079_1057,"MLSR049_1015: change authenticators for group/role accounts when account membership changes
MLSR079_1057: enforce to change password after a specified number of days
MLSR079_1018: establish alternate identification process for lost credentials or forgotten password
MLSR076_97: provide guidelines to reset password and distribute to authorized users in a secure manner
MLSR074_330: allow users to select and change their own passwords
MLSR074_333: enforce regular password changes and as needed
MLSR302_372: provide clear, meaningful and actionable feedback when chosen passwords are rejected
MLSR307_217: change user passwords/ passphrases at least once every 90 days
"
Show me security requirements for Develop change password/authenticator feature in system for user accounts.,MLSR079_1057,"MLSR049_1015: change authenticators for group/role accounts when account membership changes
MLSR079_1057: enforce to change password after a specified number of days
MLSR079_1018: establish alternate identification process for lost credentials or forgotten password
MLSR076_97: provide guidelines to reset password and distribute to authorized users in a secure manner
MLSR074_330: allow users to select and change their own passwords
MLSR074_333: enforce regular password changes and as needed
MLSR302_372: provide clear, meaningful and actionable feedback when chosen passwords are rejected
MLSR307_217: change user passwords/ passphrases at least once every 90 days
"
Give me requirements related to Develop change password/authenticator feature in system for user accounts.,MLSR079_1057,"MLSR049_1015: change authenticators for group/role accounts when account membership changes
MLSR079_1057: enforce to change password after a specified number of days
MLSR079_1018: establish alternate identification process for lost credentials or forgotten password
MLSR076_97: provide guidelines to reset password and distribute to authorized users in a secure manner
MLSR074_330: allow users to select and change their own passwords
MLSR074_333: enforce regular password changes and as needed
MLSR302_372: provide clear, meaningful and actionable feedback when chosen passwords are rejected
MLSR307_217: change user passwords/ passphrases at least once every 90 days
"
I need a requirement for secure Develop feature to change default passwords for user accounts on first use.,MLSR079_298,"MLSR049_1012: change default content of authenticators prior to installation
MLSR079_298: change default passwords for access accounts before putting device into service
MLSR079_1013: ensure default passwords are changed upon setup
MLSR079_1023: enforce default passwords to be changed immediately
MLSR076_95: change default password for user accounts before system is moved to production
MLSR080_754: ensure to change vendor’s default passwords
MLSR310_25: prohibit to ship or deploy with any default credentials, particularly for admin user
MLSR307_221: set passwords for first-time use and upon reset to unique value for each user and then change immediately after first use"
Do we have any requirements for Develop feature to change default passwords for user accounts on first use compliance?,MLSR079_298,"MLSR049_1012: change default content of authenticators prior to installation
MLSR079_298: change default passwords for access accounts before putting device into service
MLSR079_1013: ensure default passwords are changed upon setup
MLSR079_1023: enforce default passwords to be changed immediately
MLSR076_95: change default password for user accounts before system is moved to production
MLSR080_754: ensure to change vendor’s default passwords
MLSR310_25: prohibit to ship or deploy with any default credentials, particularly for admin user
MLSR307_221: set passwords for first-time use and upon reset to unique value for each user and then change immediately after first use"
Show me requirements that comply with Develop feature to change default passwords for user accounts on first use.,MLSR079_298,"MLSR049_1012: change default content of authenticators prior to installation
MLSR079_298: change default passwords for access accounts before putting device into service
MLSR079_1013: ensure default passwords are changed upon setup
MLSR079_1023: enforce default passwords to be changed immediately
MLSR076_95: change default password for user accounts before system is moved to production
MLSR080_754: ensure to change vendor’s default passwords
MLSR310_25: prohibit to ship or deploy with any default credentials, particularly for admin user
MLSR307_221: set passwords for first-time use and upon reset to unique value for each user and then change immediately after first use"
What are the requirements for Develop feature in system to manage OTP authenticator?,MLSR302_109,"MLSR302_109: prohibit cloning of secret key onto multiple devices for single-factor OTP authenticators
MLSR302_111: ensure nonce is changed at least every 2 minutes if it is used to generate authenticator output based on real time clock
MLSR302_111: ensure OTP value associated with given nonce is accepted only once
MLSR302_116: ensure multi-factor OTP device generates OTPs after activation through additional authentication factor
MLSR302_117: ensure multi-factor OTP authenticators mandate input of additional factor through entry of either memorized secret or use of biometric to obtain OTP
MLSR302_119: prohibit cloning of secret key onto multiple devices for multi-factor OTP authenticators
MLSR302_122: ensure memorized secret used by multi-factor OTP authenticator for activation is a randomly-chosen numeric secret at least 6 decimal digits in length
MLSR302_123: ensure that biometric data derived from probe shall be zeroized immediately after OTP has been generated
MLSR302_231: ensure applicant identifies themselves in each new binding transaction by presenting a temporary secret  
MLSR302_235: ensure temporary secrets are not reused for in-person transactions
"
Do we have security requirements for Develop feature in system to manage OTP authenticator in place?,MLSR302_109,"MLSR302_109: prohibit cloning of secret key onto multiple devices for single-factor OTP authenticators
MLSR302_111: ensure nonce is changed at least every 2 minutes if it is used to generate authenticator output based on real time clock
MLSR302_111: ensure OTP value associated with given nonce is accepted only once
MLSR302_116: ensure multi-factor OTP device generates OTPs after activation through additional authentication factor
MLSR302_117: ensure multi-factor OTP authenticators mandate input of additional factor through entry of either memorized secret or use of biometric to obtain OTP
MLSR302_119: prohibit cloning of secret key onto multiple devices for multi-factor OTP authenticators
MLSR302_122: ensure memorized secret used by multi-factor OTP authenticator for activation is a randomly-chosen numeric secret at least 6 decimal digits in length
MLSR302_123: ensure that biometric data derived from probe shall be zeroized immediately after OTP has been generated
MLSR302_231: ensure applicant identifies themselves in each new binding transaction by presenting a temporary secret  
MLSR302_235: ensure temporary secrets are not reused for in-person transactions
"
Fetch requirements mapped to Develop feature in system to manage OTP authenticator.,MLSR302_109,"MLSR302_109: prohibit cloning of secret key onto multiple devices for single-factor OTP authenticators
MLSR302_111: ensure nonce is changed at least every 2 minutes if it is used to generate authenticator output based on real time clock
MLSR302_111: ensure OTP value associated with given nonce is accepted only once
MLSR302_116: ensure multi-factor OTP device generates OTPs after activation through additional authentication factor
MLSR302_117: ensure multi-factor OTP authenticators mandate input of additional factor through entry of either memorized secret or use of biometric to obtain OTP
MLSR302_119: prohibit cloning of secret key onto multiple devices for multi-factor OTP authenticators
MLSR302_122: ensure memorized secret used by multi-factor OTP authenticator for activation is a randomly-chosen numeric secret at least 6 decimal digits in length
MLSR302_123: ensure that biometric data derived from probe shall be zeroized immediately after OTP has been generated
MLSR302_231: ensure applicant identifies themselves in each new binding transaction by presenting a temporary secret  
MLSR302_235: ensure temporary secrets are not reused for in-person transactions
"
"Give me requirements related to Develop feature in system to establish lifetime, strength and complexity of memorized secrets .",MLSR302_56,"MLSR302_56: ensure memorized secrets are at least 8 characters in length if chosen by subscriber and at least 6 characters in length if chosen randomly
MLSR302_59:  ensure memorized secrets are generated using an approved random bit generator
MLSR302_61: compare prospective secrets against list that contains values known to be compromised when processing memorized secrets
MLSR302_62: ensure subscriber is advised to select a different secret, if chosen secret is found in list that contains values known to be compromised
MLSR302_63: implement password-strength meter to assist user in choosing strong memorized secret
MLSR302_65: prohibit to impose composition rules for memorized secrets such as consecutively repeated characters
MLSR302_67: use “paste” functionality when entering memorized secret while using password manager, in order to enforce strong secrets
MLSR302_75: use approved random bit generator to generate look-up secret authenticators and deliver authenticator securely to subscriber
MLSR302_75: ensure look-up secrets have at least 20 bits of entropy
MLSR302_77: ensure used secret is disposed of after successful authentication, if authenticator uses look-up secrets sequentially from a list
MLSR302_78: prompt claimant for next secret from their authenticator for look-up secrets and ensure given secret from authenticator is used successfully only once
MLSR302_102: accept authentication secret only once during validity period and consider it invalid, if authentication is not completed within specified duration for OOB authentication
MLSR302_371: prohibit to change memorized secrets arbitrarily unless there is user request or evidence of authenticator compromise
MLSR302_141: ensure memorized secret used by multi-factor cryptographic software authenticator for activation is randomly-chosen numeric value with at least 6 decimal digits in length
MLSR302_439: prohibit highly complex memorized secrets that are less likely to be memorable

"
"Show me security requirements for Develop feature in system to establish lifetime, strength and complexity of memorized secrets .",MLSR302_56,"MLSR302_56: ensure memorized secrets are at least 8 characters in length if chosen by subscriber and at least 6 characters in length if chosen randomly
MLSR302_59:  ensure memorized secrets are generated using an approved random bit generator
MLSR302_61: compare prospective secrets against list that contains values known to be compromised when processing memorized secrets
MLSR302_62: ensure subscriber is advised to select a different secret, if chosen secret is found in list that contains values known to be compromised
MLSR302_63: implement password-strength meter to assist user in choosing strong memorized secret
MLSR302_65: prohibit to impose composition rules for memorized secrets such as consecutively repeated characters
MLSR302_67: use “paste” functionality when entering memorized secret while using password manager, in order to enforce strong secrets
MLSR302_75: use approved random bit generator to generate look-up secret authenticators and deliver authenticator securely to subscriber
MLSR302_75: ensure look-up secrets have at least 20 bits of entropy
MLSR302_77: ensure used secret is disposed of after successful authentication, if authenticator uses look-up secrets sequentially from a list
MLSR302_78: prompt claimant for next secret from their authenticator for look-up secrets and ensure given secret from authenticator is used successfully only once
MLSR302_102: accept authentication secret only once during validity period and consider it invalid, if authentication is not completed within specified duration for OOB authentication
MLSR302_371: prohibit to change memorized secrets arbitrarily unless there is user request or evidence of authenticator compromise
MLSR302_141: ensure memorized secret used by multi-factor cryptographic software authenticator for activation is randomly-chosen numeric value with at least 6 decimal digits in length
MLSR302_439: prohibit highly complex memorized secrets that are less likely to be memorable

"
"I need a requirement for Develop feature in system to establish lifetime, strength and complexity of memorized secrets .",MLSR302_56,"MLSR302_56: ensure memorized secrets are at least 8 characters in length if chosen by subscriber and at least 6 characters in length if chosen randomly
MLSR302_59:  ensure memorized secrets are generated using an approved random bit generator
MLSR302_61: compare prospective secrets against list that contains values known to be compromised when processing memorized secrets
MLSR302_62: ensure subscriber is advised to select a different secret, if chosen secret is found in list that contains values known to be compromised
MLSR302_63: implement password-strength meter to assist user in choosing strong memorized secret
MLSR302_65: prohibit to impose composition rules for memorized secrets such as consecutively repeated characters
MLSR302_67: use “paste” functionality when entering memorized secret while using password manager, in order to enforce strong secrets
MLSR302_75: use approved random bit generator to generate look-up secret authenticators and deliver authenticator securely to subscriber
MLSR302_75: ensure look-up secrets have at least 20 bits of entropy
MLSR302_77: ensure used secret is disposed of after successful authentication, if authenticator uses look-up secrets sequentially from a list
MLSR302_78: prompt claimant for next secret from their authenticator for look-up secrets and ensure given secret from authenticator is used successfully only once
MLSR302_102: accept authentication secret only once during validity period and consider it invalid, if authentication is not completed within specified duration for OOB authentication
MLSR302_371: prohibit to change memorized secrets arbitrarily unless there is user request or evidence of authenticator compromise
MLSR302_141: ensure memorized secret used by multi-factor cryptographic software authenticator for activation is randomly-chosen numeric value with at least 6 decimal digits in length
MLSR302_439: prohibit highly complex memorized secrets that are less likely to be memorable

"
Show me requirements that comply with Develop feature in system to notify users on addition/change in authenticators.,MLSR302_241,"MLSR302_241: ensure CSP sends a notification to subscriber via a mechanism such as email, while binding a new authenticator
MLSR302_243: send notification of event to subscriber if an authenticator is lost
MLSR016_105: ensure all default credentials have mechanism for change upon first use after installation with a user notification"
I need a requirement for secure Develop feature in system to notify users on addition/change in authenticators.,MLSR302_241,"MLSR302_241: ensure CSP sends a notification to subscriber via a mechanism such as email, while binding a new authenticator
MLSR302_243: send notification of event to subscriber if an authenticator is lost
MLSR016_105: ensure all default credentials have mechanism for change upon first use after installation with a user notification"
Fetch requirements mapped to Develop feature in system to notify users on addition/change in authenticators.,MLSR302_241,"MLSR302_241: ensure CSP sends a notification to subscriber via a mechanism such as email, while binding a new authenticator
MLSR302_243: send notification of event to subscriber if an authenticator is lost
MLSR016_105: ensure all default credentials have mechanism for change upon first use after installation with a user notification"
"I need a requirement for Develop feature in system to establish lifetime, strength and complexity of authenticators for user accounts.",MLSR049_1010,"MLSR049_1010: ensure authenticators have sufficient strength of mechanism
MLSR049_1013: establish minimum and maximum lifetime restrictions and reuse conditions for authenticators
MLSR049_1022: employ tools to determine password strength in authenticators
MLSR049_1017: enforce minimum password complexity
MLSR049_1017: prohibit password reuse for defined number of generations
MLSR049_1024: enforce installer to provide unique authenticator prior to installation
MLSR049_1177: employ strong authenticators in the establishment of nonlocal maintenance and diagnostic sessions
MLSR079_1048: ensure strong account user ID and password practices on system and application accounts
MLSR079_1056: enforce robust long passwords that contain mix of alpha, numeric and special characters
MLSR076_90: use strong passwords with criteria such as length, characters, case sensitivity, re-use
MLSR050_119: enforce change of characters when new passwords are created
MLSR074_331: enforce a choice of quality passwords
MLSR074_334: maintain record of previously used passwords and prevent re-use
MLSR074_278: ensure temporary secret authentication information is unique to individual and is not guessable
MLSR080_220: validate password strength by validating its length and entropy
MLSR105_60: avoid use of passwords that are hardcoded, default, easily-guessed, easily compromised
MLSR016_99: ensure to maintain complexity, update frequency, strength or length for credentials
MLSR016_99: use minimum 6 characters length for password
MLSR302_221: maintain record of all authenticators associated with each identity and information required for throttling authentication attempts
MLSR302_433: ensure that passwords are complex enough that rate limiting does not occur after modest number of erroneous attempts
MLSR302_436: use composition rules to increase the difficulty of guessing user-chosen passwords
MLSR302_437: enforce complex passwords for users and prohibit using spaces
MLSR307_215: ensure passwords require minimum length of at least 7 characters and contain both numeric and alphabetic characters
MLSR307_219: prohibit individual to submit a new password/ passphrase that is same as any of  last four passwords/ passphrases used earlier

"
"I need a requirement for Develop feature in system to establish lifetime, strength and complexity of authenticators for user accounts.",MLSR049_1010,"MLSR049_1010: ensure authenticators have sufficient strength of mechanism
MLSR049_1013: establish minimum and maximum lifetime restrictions and reuse conditions for authenticators
MLSR049_1022: employ tools to determine password strength in authenticators
MLSR049_1017: enforce minimum password complexity
MLSR049_1017: prohibit password reuse for defined number of generations
MLSR049_1024: enforce installer to provide unique authenticator prior to installation
MLSR049_1177: employ strong authenticators in the establishment of nonlocal maintenance and diagnostic sessions
MLSR079_1048: ensure strong account user ID and password practices on system and application accounts
MLSR079_1056: enforce robust long passwords that contain mix of alpha, numeric and special characters
MLSR076_90: use strong passwords with criteria such as length, characters, case sensitivity, re-use
MLSR050_119: enforce change of characters when new passwords are created
MLSR074_331: enforce a choice of quality passwords
MLSR074_334: maintain record of previously used passwords and prevent re-use
MLSR074_278: ensure temporary secret authentication information is unique to individual and is not guessable
MLSR080_220: validate password strength by validating its length and entropy
MLSR105_60: avoid use of passwords that are hardcoded, default, easily-guessed, easily compromised
MLSR016_99: ensure to maintain complexity, update frequency, strength or length for credentials
MLSR016_99: use minimum 6 characters length for password
MLSR302_221: maintain record of all authenticators associated with each identity and information required for throttling authentication attempts
MLSR302_433: ensure that passwords are complex enough that rate limiting does not occur after modest number of erroneous attempts
MLSR302_436: use composition rules to increase the difficulty of guessing user-chosen passwords
MLSR302_437: enforce complex passwords for users and prohibit using spaces
MLSR307_215: ensure passwords require minimum length of at least 7 characters and contain both numeric and alphabetic characters
MLSR307_219: prohibit individual to submit a new password/ passphrase that is same as any of  last four passwords/ passphrases used earlier

"
"I need a requirement for Develop feature in system to establish lifetime, strength and complexity of authenticators for user accounts.",MLSR049_1010,"MLSR049_1010: ensure authenticators have sufficient strength of mechanism
MLSR049_1013: establish minimum and maximum lifetime restrictions and reuse conditions for authenticators
MLSR049_1022: employ tools to determine password strength in authenticators
MLSR049_1017: enforce minimum password complexity
MLSR049_1017: prohibit password reuse for defined number of generations
MLSR049_1024: enforce installer to provide unique authenticator prior to installation
MLSR049_1177: employ strong authenticators in the establishment of nonlocal maintenance and diagnostic sessions
MLSR079_1048: ensure strong account user ID and password practices on system and application accounts
MLSR079_1056: enforce robust long passwords that contain mix of alpha, numeric and special characters
MLSR076_90: use strong passwords with criteria such as length, characters, case sensitivity, re-use
MLSR050_119: enforce change of characters when new passwords are created
MLSR074_331: enforce a choice of quality passwords
MLSR074_334: maintain record of previously used passwords and prevent re-use
MLSR074_278: ensure temporary secret authentication information is unique to individual and is not guessable
MLSR080_220: validate password strength by validating its length and entropy
MLSR105_60: avoid use of passwords that are hardcoded, default, easily-guessed, easily compromised
MLSR016_99: ensure to maintain complexity, update frequency, strength or length for credentials
MLSR016_99: use minimum 6 characters length for password
MLSR302_221: maintain record of all authenticators associated with each identity and information required for throttling authentication attempts
MLSR302_433: ensure that passwords are complex enough that rate limiting does not occur after modest number of erroneous attempts
MLSR302_436: use composition rules to increase the difficulty of guessing user-chosen passwords
MLSR302_437: enforce complex passwords for users and prohibit using spaces
MLSR307_215: ensure passwords require minimum length of at least 7 characters and contain both numeric and alphabetic characters
MLSR307_219: prohibit individual to submit a new password/ passphrase that is same as any of  last four passwords/ passphrases used earlier

"
I need a requirement for secure Develop feature in system to verify personal identity verification credentials for users.,MLSR049_976,"MLSR049_976: accept and electronically verify Personal Identity Verification (PIV) credentials
MLSR049_1032: coordinate cross-organization management of credentials
MLSR049_1057: accept only Federal Identity, Credential, and Access Management (FICAM) approved credentials
MLSR049_1063: accept and electronically verify Personal Identity Verification - Interoperable (PIV-I) credentials
MLSR302_234: ensure applicant identifies themselves in person by either using a secret or through use of biometric
MLSR302_236: ensure long-term authenticator secrets during physical transaction, are loaded locally onto physical device and issued in person to applicant
MLSR302_242: repeat identity proofing process if a subscriber loses all authenticators of a factor necessary to complete multi-factor authentication
MLSR307_214: verify user identity before modifying any authentication credential such as password resets
MLSR050_113: authenticate or verify identities of users, processes, or devices, before allowing access to systems
MLSR219_109: implement procedures to verify person or entity seeking access to ePHI is one claimed"
I need a requirement for Develop feature in system to verify personal identity verification credentials for users.,MLSR049_976,"MLSR049_976: accept and electronically verify Personal Identity Verification (PIV) credentials
MLSR049_1032: coordinate cross-organization management of credentials
MLSR049_1057: accept only Federal Identity, Credential, and Access Management (FICAM) approved credentials
MLSR049_1063: accept and electronically verify Personal Identity Verification - Interoperable (PIV-I) credentials
MLSR302_234: ensure applicant identifies themselves in person by either using a secret or through use of biometric
MLSR302_236: ensure long-term authenticator secrets during physical transaction, are loaded locally onto physical device and issued in person to applicant
MLSR302_242: repeat identity proofing process if a subscriber loses all authenticators of a factor necessary to complete multi-factor authentication
MLSR307_214: verify user identity before modifying any authentication credential such as password resets
MLSR050_113: authenticate or verify identities of users, processes, or devices, before allowing access to systems
MLSR219_109: implement procedures to verify person or entity seeking access to ePHI is one claimed"
Fetch requirements mapped to Develop feature in system to verify personal identity verification credentials for users.,MLSR049_976,"MLSR049_976: accept and electronically verify Personal Identity Verification (PIV) credentials
MLSR049_1032: coordinate cross-organization management of credentials
MLSR049_1057: accept only Federal Identity, Credential, and Access Management (FICAM) approved credentials
MLSR049_1063: accept and electronically verify Personal Identity Verification - Interoperable (PIV-I) credentials
MLSR302_234: ensure applicant identifies themselves in person by either using a secret or through use of biometric
MLSR302_236: ensure long-term authenticator secrets during physical transaction, are loaded locally onto physical device and issued in person to applicant
MLSR302_242: repeat identity proofing process if a subscriber loses all authenticators of a factor necessary to complete multi-factor authentication
MLSR307_214: verify user identity before modifying any authentication credential such as password resets
MLSR050_113: authenticate or verify identities of users, processes, or devices, before allowing access to systems
MLSR219_109: implement procedures to verify person or entity seeking access to ePHI is one claimed"
I need a requirement for secure Develop feature in system to verify and review user identities during registration.,MLSR049_1002,"MLSR049_998:  ensure multiple forms of certification of individual identification are presented to registration authority
MLSR049_1002: validate identities and related credentials through pre-established trust relationships and authorities
MLSR049_1006: conduct registration procedures in person before registration authority to receive individual identifier
MLSR049_1021: conduct registration procedures in person before registration authority to receive specific authenticator
MLSR065_100: verify identity of user accounts at registration and provision identities using different levels of identity checks
MLSR074_259: implement formal user registration and de-registration process to enable assignment of access rights
MLSR037_297: ensure authentication level required of claimed identity is consistent with level(s) of access provided after registration process
MLSR037_298: periodically review user registration detail
MLSR302_225: ensure authenticators are bound to subscriber accounts at enrollment, enabling access to personal data
"
Show me requirements that comply with Develop feature in system to verify and review user identities during registration.,MLSR049_1002,"MLSR049_998:  ensure multiple forms of certification of individual identification are presented to registration authority
MLSR049_1002: validate identities and related credentials through pre-established trust relationships and authorities
MLSR049_1006: conduct registration procedures in person before registration authority to receive individual identifier
MLSR049_1021: conduct registration procedures in person before registration authority to receive specific authenticator
MLSR065_100: verify identity of user accounts at registration and provision identities using different levels of identity checks
MLSR074_259: implement formal user registration and de-registration process to enable assignment of access rights
MLSR037_297: ensure authentication level required of claimed identity is consistent with level(s) of access provided after registration process
MLSR037_298: periodically review user registration detail
MLSR302_225: ensure authenticators are bound to subscriber accounts at enrollment, enabling access to personal data
"
Do we have security requirements for Develop feature in system to verify and review user identities during registration in place?,MLSR049_1002,"MLSR049_998:  ensure multiple forms of certification of individual identification are presented to registration authority
MLSR049_1002: validate identities and related credentials through pre-established trust relationships and authorities
MLSR049_1006: conduct registration procedures in person before registration authority to receive individual identifier
MLSR049_1021: conduct registration procedures in person before registration authority to receive specific authenticator
MLSR065_100: verify identity of user accounts at registration and provision identities using different levels of identity checks
MLSR074_259: implement formal user registration and de-registration process to enable assignment of access rights
MLSR037_297: ensure authentication level required of claimed identity is consistent with level(s) of access provided after registration process
MLSR037_298: periodically review user registration detail
MLSR302_225: ensure authenticators are bound to subscriber accounts at enrollment, enabling access to personal data
"
Show me requirements that comply with Develop feature in system to logout user for protecting user session from unauthorized use.,MLSR049_176,"MLSR049_176: logout users after a period of time
MLSR049_337: provide logout for user-initiated communication sessions
MLSR049_338: display explicit logout message after termination of user session
MLSR076_106: logout user after defined period of inactivity
MLSR302_272: ensure secrets used for session binding are erased or invalidated by session subject when subscriber logs out
MLSR302_273: ensure secrets used for session binding are erased on subscriber endpoint when user logs out or when secret has expired
MLSR049_1899: invalidate session identifiers upon user logout
MLSR203_83: ensure automatic logoff is implemented in case user forgot to logout
MLSR074_505: log-off from applications or network services when no longer needed 
 "
Give me requirements related to Develop feature in system to logout user for protecting user session from unauthorized use.,MLSR049_176,"MLSR049_176: logout users after a period of time
MLSR049_337: provide logout for user-initiated communication sessions
MLSR049_338: display explicit logout message after termination of user session
MLSR076_106: logout user after defined period of inactivity
MLSR302_272: ensure secrets used for session binding are erased or invalidated by session subject when subscriber logs out
MLSR302_273: ensure secrets used for session binding are erased on subscriber endpoint when user logs out or when secret has expired
MLSR049_1899: invalidate session identifiers upon user logout
MLSR203_83: ensure automatic logoff is implemented in case user forgot to logout
MLSR074_505: log-off from applications or network services when no longer needed 
 "
I need a requirement for Develop feature in system to logout user for protecting user session from unauthorized use.,MLSR049_176,"MLSR049_176: logout users after a period of time
MLSR049_337: provide logout for user-initiated communication sessions
MLSR049_338: display explicit logout message after termination of user session
MLSR076_106: logout user after defined period of inactivity
MLSR302_272: ensure secrets used for session binding are erased or invalidated by session subject when subscriber logs out
MLSR302_273: ensure secrets used for session binding are erased on subscriber endpoint when user logs out or when secret has expired
MLSR049_1899: invalidate session identifiers upon user logout
MLSR203_83: ensure automatic logoff is implemented in case user forgot to logout
MLSR074_505: log-off from applications or network services when no longer needed 
 "
What are the requirements for Develop feature in system to display messages to user before and after login?,MLSR049_324,"MLSR049_315: retain notification message or banner on screen until users acknowledge usage conditions
MLSR049_324: notify user defined information including date and time of last logon, upon successful logon 
MLSR049_322: notify number of successful and unsuccessful logon attempts
MLSR074_320: display date and time of previous successful log-on details, upon any unsuccessful log-on attempts
MLSR074_314: display general notice warning that computer should only be accessed by authorized users as part of logon
MLSR203_76: issue warning message when brute force attack occurs in login
MLSR092_121: show login details to authenticated user on successful login"
Show me requirements that comply with Develop feature in system to display messages to user before and after login.,MLSR049_324,"MLSR049_315: retain notification message or banner on screen until users acknowledge usage conditions
MLSR049_324: notify user defined information including date and time of last logon, upon successful logon 
MLSR049_322: notify number of successful and unsuccessful logon attempts
MLSR074_320: display date and time of previous successful log-on details, upon any unsuccessful log-on attempts
MLSR074_314: display general notice warning that computer should only be accessed by authorized users as part of logon
MLSR203_76: issue warning message when brute force attack occurs in login
MLSR092_121: show login details to authenticated user on successful login"
Give me requirements related to Develop feature in system to display messages to user before and after login.,MLSR049_324,"MLSR049_315: retain notification message or banner on screen until users acknowledge usage conditions
MLSR049_324: notify user defined information including date and time of last logon, upon successful logon 
MLSR049_322: notify number of successful and unsuccessful logon attempts
MLSR074_320: display date and time of previous successful log-on details, upon any unsuccessful log-on attempts
MLSR074_314: display general notice warning that computer should only be accessed by authorized users as part of logon
MLSR203_76: issue warning message when brute force attack occurs in login
MLSR092_121: show login details to authenticated user on successful login"
Show me security requirements for Develop feature in mobile device to display privacy notices to users.,MLSR305_163,MLSR305_163: ensure notifications are provided to users about implications to privacy by use of organizational resources for enrolled devices
I need a requirement for secure Develop feature in mobile device to display privacy notices to users.,MLSR305_163,MLSR305_163: ensure notifications are provided to users about implications to privacy by use of organizational resources for enrolled devices
Give me requirements related to Develop feature in mobile device to display privacy notices to users.,MLSR305_163,MLSR305_163: ensure notifications are provided to users about implications to privacy by use of organizational resources for enrolled devices
Do we have security requirements for Develop feature in system to display privacy notices to users in place?,MLSR049_314,"MLSR049_314: display privacy and security notices to users before granting access to system
MLSR055_303: display short notices that provide clear, concise one-page summaries of company’s essential online policies
MLSR050_62: provide privacy and security notices consistent with applicable CUI rules"
I need a requirement for Develop feature in system to display privacy notices to users.,MLSR049_314,"MLSR049_314: display privacy and security notices to users before granting access to system
MLSR055_303: display short notices that provide clear, concise one-page summaries of company’s essential online policies
MLSR050_62: provide privacy and security notices consistent with applicable CUI rules"
Do we have security requirements for Develop feature in system to display privacy notices to users in place?,MLSR049_314,"MLSR049_314: display privacy and security notices to users before granting access to system
MLSR055_303: display short notices that provide clear, concise one-page summaries of company’s essential online policies
MLSR050_62: provide privacy and security notices consistent with applicable CUI rules"
Do we have any requirements for Develop feature in system to protect sessions in microservices  compliance?,MLSR311_116,"MLSR311_116: implement session persistence to send all requests in a client session to same upstream microservice instance 
MLSR311_117: securely store session information for a client and protect session artifact used for conveying the binding server information"
Show me requirements that comply with Develop feature in system to protect sessions in microservices .,MLSR311_116,"MLSR311_116: implement session persistence to send all requests in a client session to same upstream microservice instance 
MLSR311_117: securely store session information for a client and protect session artifact used for conveying the binding server information"
Give me requirements related to Develop feature in system to protect sessions in microservices .,MLSR311_116,"MLSR311_116: implement session persistence to send all requests in a client session to same upstream microservice instance 
MLSR311_117: securely store session information for a client and protect session artifact used for conveying the binding server information"
Do we have security requirements for Develop feature in system to generate session attributes  in place?,MLSR302_270,"MLSR302_270: ensure secrets used for session bindings are generated by session host during interaction in response to authentication event
MLSR302_271: ensure secrets used for session binding are generated by approved random bit generator and contain at least 64 bits of entropy
MLSR307_182: address broken authentication and session management by flagging session tokens as “secure” and not exposing session IDs in URL
"
Do we have security requirements for Develop feature in system to generate session attributes  in place?,MLSR302_270,"MLSR302_270: ensure secrets used for session bindings are generated by session host during interaction in response to authentication event
MLSR302_271: ensure secrets used for session binding are generated by approved random bit generator and contain at least 64 bits of entropy
MLSR307_182: address broken authentication and session management by flagging session tokens as “secure” and not exposing session IDs in URL
"
Do we have security requirements for Develop feature in system to generate session attributes  in place?,MLSR302_270,"MLSR302_270: ensure secrets used for session bindings are generated by session host during interaction in response to authentication event
MLSR302_271: ensure secrets used for session binding are generated by approved random bit generator and contain at least 64 bits of entropy
MLSR307_182: address broken authentication and session management by flagging session tokens as “secure” and not exposing session IDs in URL
"
Show me security requirements for Develop feature in system to secure cookies.,MLSR055_304,"MLSR055_304: securely handle sessions for web applications (cookies)
MLSR302_283: ensure cookies are tagged to be accessible only on secure (HTTPS) sessions
MLSR302_284: ensure cookies are accessible to minimum practical set of hostnames and paths
MLSR302_285: ensure cookies are tagged to be inaccessible via JavaScript (HttpOnly)
MLSR302_286: ensure cookies are tagged to expire at, or soon after, session’s validity period"
Show me security requirements for Develop feature in system to secure cookies.,MLSR055_304,"MLSR055_304: securely handle sessions for web applications (cookies)
MLSR302_283: ensure cookies are tagged to be accessible only on secure (HTTPS) sessions
MLSR302_284: ensure cookies are accessible to minimum practical set of hostnames and paths
MLSR302_285: ensure cookies are tagged to be inaccessible via JavaScript (HttpOnly)
MLSR302_286: ensure cookies are tagged to expire at, or soon after, session’s validity period"
Do we have any requirements for Develop feature in system to secure cookies compliance?,MLSR055_304,"MLSR055_304: securely handle sessions for web applications (cookies)
MLSR302_283: ensure cookies are tagged to be accessible only on secure (HTTPS) sessions
MLSR302_284: ensure cookies are accessible to minimum practical set of hostnames and paths
MLSR302_285: ensure cookies are tagged to be inaccessible via JavaScript (HttpOnly)
MLSR302_286: ensure cookies are tagged to expire at, or soon after, session’s validity period"
What are the requirements for Develop feature in system to establish secure sessions ?,MLSR203_63,"MLSR049_327: limit number of concurrent sessions based on account types
MLSR049_1902: generate a unique session identifier for each session
MLSR076_329: implement secure session management for data stored
MLSR203_63: implement secure session management when product is accessed by several persons
MLSR203_65: ensure isolation of sessions is achieved during operations
MLSR203_66: implement configurable time-outs for sessions
MLSR088_66: ensure health data are cleared from display if system is idle for more than pre-configured duration
MLSR016_95: implement inactivity time-out interval, configurable at user level
MLSR016_114: prohibit to use stored data from previous session during new session creation
MLSR310_30: use server side, secure, built in session manager to generate new random session ID with high entropy after login
MLSR302_274: ensure secrets used for session binding are not placed in insecure locations
MLSR311_69: use stateless authentication tokens with short expiry times
"
Do we have security requirements for Develop feature in system to establish secure sessions  in place?,MLSR203_63,"MLSR049_327: limit number of concurrent sessions based on account types
MLSR049_1902: generate a unique session identifier for each session
MLSR076_329: implement secure session management for data stored
MLSR203_63: implement secure session management when product is accessed by several persons
MLSR203_65: ensure isolation of sessions is achieved during operations
MLSR203_66: implement configurable time-outs for sessions
MLSR088_66: ensure health data are cleared from display if system is idle for more than pre-configured duration
MLSR016_95: implement inactivity time-out interval, configurable at user level
MLSR016_114: prohibit to use stored data from previous session during new session creation
MLSR310_30: use server side, secure, built in session manager to generate new random session ID with high entropy after login
MLSR302_274: ensure secrets used for session binding are not placed in insecure locations
MLSR311_69: use stateless authentication tokens with short expiry times
"
Give me requirements related to Develop feature in system to establish secure sessions .,MLSR203_63,"MLSR049_327: limit number of concurrent sessions based on account types
MLSR049_1902: generate a unique session identifier for each session
MLSR076_329: implement secure session management for data stored
MLSR203_63: implement secure session management when product is accessed by several persons
MLSR203_65: ensure isolation of sessions is achieved during operations
MLSR203_66: implement configurable time-outs for sessions
MLSR088_66: ensure health data are cleared from display if system is idle for more than pre-configured duration
MLSR016_95: implement inactivity time-out interval, configurable at user level
MLSR016_114: prohibit to use stored data from previous session during new session creation
MLSR310_30: use server side, secure, built in session manager to generate new random session ID with high entropy after login
MLSR302_274: ensure secrets used for session binding are not placed in insecure locations
MLSR311_69: use stateless authentication tokens with short expiry times
"
I need a requirement for secure Develop feature in system to terminate sessions when no longer needed.,MLSR049_334,"MLSR049_334: terminate user session after defined conditions or trigger events requiring session disconnect
MLSR049_335: terminate user session without terminating network session
MLSR049_336: terminate processes associated with user's logical session that are specifically created by user
MLSR074_323: terminate inactive sessions after a defined period of inactivity especially in high risk locations
MLSR074_504: terminate active sessions when finished unless secured by appropriate lock
MLSR105_57: automatically terminate user session after period of time
MLSR302_276: ensure secrets used for session binding are timed out and not accepted after specified time"
Do we have security requirements for Develop feature in system to terminate sessions when no longer needed in place?,MLSR049_334,"MLSR049_334: terminate user session after defined conditions or trigger events requiring session disconnect
MLSR049_335: terminate user session without terminating network session
MLSR049_336: terminate processes associated with user's logical session that are specifically created by user
MLSR074_323: terminate inactive sessions after a defined period of inactivity especially in high risk locations
MLSR074_504: terminate active sessions when finished unless secured by appropriate lock
MLSR105_57: automatically terminate user session after period of time
MLSR302_276: ensure secrets used for session binding are timed out and not accepted after specified time"
What are the requirements for Develop feature in system to terminate sessions when no longer needed?,MLSR049_334,"MLSR049_334: terminate user session after defined conditions or trigger events requiring session disconnect
MLSR049_335: terminate user session without terminating network session
MLSR049_336: terminate processes associated with user's logical session that are specifically created by user
MLSR074_323: terminate inactive sessions after a defined period of inactivity especially in high risk locations
MLSR074_504: terminate active sessions when finished unless secured by appropriate lock
MLSR105_57: automatically terminate user session after period of time
MLSR302_276: ensure secrets used for session binding are timed out and not accepted after specified time"
Show me requirements that comply with Develop feature in system to uniquely identify users and control authentication.,MLSR049_954,"MLSR049_1053: uniquely identify and authenticate non-organizational users
MLSR049_954: uniquely identify and authenticate organizational users
MLSR049_963: authenticate individuals with an individual authenticator, when a group authenticator is employed 
MLSR049_342: provide capability to access user actions without authentication under defined conditions
MLSR079_309: authenticate users before using requested application
MLSR079_1017: control access by appropriate method of authentication
MLSR079_1075: enforce manually entered user ID and password as minimum level of authentication
MLSR074_310: ensure access are controlled by secure log-on procedure according to access control policy
MLSR079_308: employ authentication strategy that defines method of authentication
MLSR079_312: employ authentication scheme with appropriate strength to identify remote interactive user
MLSR076_133: implement mechanisms for authenticating data source
MLSR049_2064: implement security safeguards to authenticate defined remote commands
MLSR074_743: implement authentication to ensure level of confidence each party requires in each other’s claimed identity
MLSR079_310: use strong authentication methods on system and application accounts
MLSR016_115: implement mechanism such that authentication cannot be bypassed using any procedures that uses less computation
MLSR210_155: ensure operating environment include appropriates security controls such as application whitelisting and session management
MLSR307_212: employ user authentication using password or passphrase, token device or smart card and biometric in addition to unique ID for non-consumer users and admins"
Do we have security requirements for Develop feature in system to uniquely identify users and control authentication in place?,MLSR049_954,"MLSR049_1053: uniquely identify and authenticate non-organizational users
MLSR049_954: uniquely identify and authenticate organizational users
MLSR049_963: authenticate individuals with an individual authenticator, when a group authenticator is employed 
MLSR049_342: provide capability to access user actions without authentication under defined conditions
MLSR079_309: authenticate users before using requested application
MLSR079_1017: control access by appropriate method of authentication
MLSR079_1075: enforce manually entered user ID and password as minimum level of authentication
MLSR074_310: ensure access are controlled by secure log-on procedure according to access control policy
MLSR079_308: employ authentication strategy that defines method of authentication
MLSR079_312: employ authentication scheme with appropriate strength to identify remote interactive user
MLSR076_133: implement mechanisms for authenticating data source
MLSR049_2064: implement security safeguards to authenticate defined remote commands
MLSR074_743: implement authentication to ensure level of confidence each party requires in each other’s claimed identity
MLSR079_310: use strong authentication methods on system and application accounts
MLSR016_115: implement mechanism such that authentication cannot be bypassed using any procedures that uses less computation
MLSR210_155: ensure operating environment include appropriates security controls such as application whitelisting and session management
MLSR307_212: employ user authentication using password or passphrase, token device or smart card and biometric in addition to unique ID for non-consumer users and admins"
Do we have any requirements for Develop feature in system to uniquely identify users and control authentication compliance?,MLSR049_954,"MLSR049_1053: uniquely identify and authenticate non-organizational users
MLSR049_954: uniquely identify and authenticate organizational users
MLSR049_963: authenticate individuals with an individual authenticator, when a group authenticator is employed 
MLSR049_342: provide capability to access user actions without authentication under defined conditions
MLSR079_309: authenticate users before using requested application
MLSR079_1017: control access by appropriate method of authentication
MLSR079_1075: enforce manually entered user ID and password as minimum level of authentication
MLSR074_310: ensure access are controlled by secure log-on procedure according to access control policy
MLSR079_308: employ authentication strategy that defines method of authentication
MLSR079_312: employ authentication scheme with appropriate strength to identify remote interactive user
MLSR076_133: implement mechanisms for authenticating data source
MLSR049_2064: implement security safeguards to authenticate defined remote commands
MLSR074_743: implement authentication to ensure level of confidence each party requires in each other’s claimed identity
MLSR079_310: use strong authentication methods on system and application accounts
MLSR016_115: implement mechanism such that authentication cannot be bypassed using any procedures that uses less computation
MLSR210_155: ensure operating environment include appropriates security controls such as application whitelisting and session management
MLSR307_212: employ user authentication using password or passphrase, token device or smart card and biometric in addition to unique ID for non-consumer users and admins"
I need a requirement for secure Develop feature to disable or suspend authenticator device.,MLSR302_154,MLSR302_154: revoke or suspend authenticator device immediately upon notification from subscriber that loss or theft of authenticator is suspected
Show me security requirements for Develop feature to disable or suspend authenticator device.,MLSR302_154,MLSR302_154: revoke or suspend authenticator device immediately upon notification from subscriber that loss or theft of authenticator is suspected
Fetch requirements mapped to Develop feature to disable or suspend authenticator device.,MLSR302_154,MLSR302_154: revoke or suspend authenticator device immediately upon notification from subscriber that loss or theft of authenticator is suspected
What are the requirements for Implement physical input in single factor cryptographic device to generate authenticator?,MLSR302_134,"MLSR302_134: ensure single-factor cryptographic device authenticators require physical input (e.g., the pressing of a button) in order to operate


"
Do we have any requirements for Implement physical input in single factor cryptographic device to generate authenticator compliance?,MLSR302_134,"MLSR302_134: ensure single-factor cryptographic device authenticators require physical input (e.g., the pressing of a button) in order to operate


"
Show me requirements that comply with Implement physical input in single factor cryptographic device to generate authenticator.,MLSR302_134,"MLSR302_134: ensure single-factor cryptographic device authenticators require physical input (e.g., the pressing of a button) in order to operate


"
"What are the requirements for Develop feature in system to control authentication for devices, services and networks?",MLSR049_981,"MLSR049_266: uniquely identify and authenticate source and destination points
MLSR049_981: uniquely identify and authenticate devices before establishing connections
MLSR049_983: authenticate devices before establishing connections using bidirectional authentication
MLSR049_988: ensure that device identification and authentication based on attestation is handled
MLSR079_1044: authenticate task-to-task communications between devices by checking IP and MAC address
MLSR065_129: enable mutual authentication when API commands are sent through management interface
MLSR080_261: use CHAP for remote users, routers, and network access servers to provide authentication
MLSR088_106: implement node authentication according to industry standards
MLSR055_308: ensure to authenticate service using HTTPS credentials registered
MLSR105_66: implement mutual authentication for all external connections initiated over trusted channels
MLSR079_316: employ appropriate authentication schemes for task-to-task communication
MLSR088_108: implement authentication when providing access to health data and to control access to devices, network resources
MLSR074_714: implement stronger levels of authentication controlling access from publicly accessible networks
MLSR079_1070: employ mechanism to authenticate each device or network
MLSR105_65: use cryptographically strong authentication to authenticate personnel, messages, commands, communication pathways
MLSR043_150: support node authentication for stand-alone and central administration
MLSR017_89: use whitelisting for authentication to avoid new hazards
MLSR049_1066: authenticate system services using security safeguards such as information or code signing, provenance graphs, electronic signatures
MLSR105_63: use authentication to prevent unauthorized software execution
MLSR302_159: accept only authentication requests that come from a white list of IP addresses
MLSR203_78: implement authentication mechanism for modifying configuration in product
"
"Fetch requirements mapped to Develop feature in system to control authentication for devices, services and networks.",MLSR049_981,"MLSR049_266: uniquely identify and authenticate source and destination points
MLSR049_981: uniquely identify and authenticate devices before establishing connections
MLSR049_983: authenticate devices before establishing connections using bidirectional authentication
MLSR049_988: ensure that device identification and authentication based on attestation is handled
MLSR079_1044: authenticate task-to-task communications between devices by checking IP and MAC address
MLSR065_129: enable mutual authentication when API commands are sent through management interface
MLSR080_261: use CHAP for remote users, routers, and network access servers to provide authentication
MLSR088_106: implement node authentication according to industry standards
MLSR055_308: ensure to authenticate service using HTTPS credentials registered
MLSR105_66: implement mutual authentication for all external connections initiated over trusted channels
MLSR079_316: employ appropriate authentication schemes for task-to-task communication
MLSR088_108: implement authentication when providing access to health data and to control access to devices, network resources
MLSR074_714: implement stronger levels of authentication controlling access from publicly accessible networks
MLSR079_1070: employ mechanism to authenticate each device or network
MLSR105_65: use cryptographically strong authentication to authenticate personnel, messages, commands, communication pathways
MLSR043_150: support node authentication for stand-alone and central administration
MLSR017_89: use whitelisting for authentication to avoid new hazards
MLSR049_1066: authenticate system services using security safeguards such as information or code signing, provenance graphs, electronic signatures
MLSR105_63: use authentication to prevent unauthorized software execution
MLSR302_159: accept only authentication requests that come from a white list of IP addresses
MLSR203_78: implement authentication mechanism for modifying configuration in product
"
"What are the requirements for Develop feature in system to control authentication for devices, services and networks?",MLSR049_981,"MLSR049_266: uniquely identify and authenticate source and destination points
MLSR049_981: uniquely identify and authenticate devices before establishing connections
MLSR049_983: authenticate devices before establishing connections using bidirectional authentication
MLSR049_988: ensure that device identification and authentication based on attestation is handled
MLSR079_1044: authenticate task-to-task communications between devices by checking IP and MAC address
MLSR065_129: enable mutual authentication when API commands are sent through management interface
MLSR080_261: use CHAP for remote users, routers, and network access servers to provide authentication
MLSR088_106: implement node authentication according to industry standards
MLSR055_308: ensure to authenticate service using HTTPS credentials registered
MLSR105_66: implement mutual authentication for all external connections initiated over trusted channels
MLSR079_316: employ appropriate authentication schemes for task-to-task communication
MLSR088_108: implement authentication when providing access to health data and to control access to devices, network resources
MLSR074_714: implement stronger levels of authentication controlling access from publicly accessible networks
MLSR079_1070: employ mechanism to authenticate each device or network
MLSR105_65: use cryptographically strong authentication to authenticate personnel, messages, commands, communication pathways
MLSR043_150: support node authentication for stand-alone and central administration
MLSR017_89: use whitelisting for authentication to avoid new hazards
MLSR049_1066: authenticate system services using security safeguards such as information or code signing, provenance graphs, electronic signatures
MLSR105_63: use authentication to prevent unauthorized software execution
MLSR302_159: accept only authentication requests that come from a white list of IP addresses
MLSR203_78: implement authentication mechanism for modifying configuration in product
"
I need a requirement for secure Develop feature in system to re-authenticate users and devices when session is terminated.,MLSR049_1076,"MLSR049_1076: enforce users and devices to re-authenticate when situations require re-authentication
MLSR079_1063: enforce re-authentication for remote user after defined period of inactivity
MLSR076_88: implement authentication mechanism when unlocking existing user session
MLSR016_113: enable renewed authentication when communication session is lost or terminated over remote interface
MLSR302_293: ensure session secrets are not retained across restart of associated application or reboot of host device
MLSR302_294: ensure periodic reauthentication of sessions are performed
MLSR302_296: ensure user establishes new session by authenticating again, when a session is terminated due to a time-out
MLSR302_300: specify maximum acceptable authentication age and reauthenticate subscriber, if not authenticated within specified time period
MLSR307_211: enforce user to re-authenticate to re-activate terminal or session if it has been idle for more than 15 minutes"
Give me requirements related to Develop feature in system to re-authenticate users and devices when session is terminated.,MLSR049_1076,"MLSR049_1076: enforce users and devices to re-authenticate when situations require re-authentication
MLSR079_1063: enforce re-authentication for remote user after defined period of inactivity
MLSR076_88: implement authentication mechanism when unlocking existing user session
MLSR016_113: enable renewed authentication when communication session is lost or terminated over remote interface
MLSR302_293: ensure session secrets are not retained across restart of associated application or reboot of host device
MLSR302_294: ensure periodic reauthentication of sessions are performed
MLSR302_296: ensure user establishes new session by authenticating again, when a session is terminated due to a time-out
MLSR302_300: specify maximum acceptable authentication age and reauthenticate subscriber, if not authenticated within specified time period
MLSR307_211: enforce user to re-authenticate to re-activate terminal or session if it has been idle for more than 15 minutes"
Do we have any requirements for Develop feature in system to re-authenticate users and devices when session is terminated compliance?,MLSR049_1076,"MLSR049_1076: enforce users and devices to re-authenticate when situations require re-authentication
MLSR079_1063: enforce re-authentication for remote user after defined period of inactivity
MLSR076_88: implement authentication mechanism when unlocking existing user session
MLSR016_113: enable renewed authentication when communication session is lost or terminated over remote interface
MLSR302_293: ensure session secrets are not retained across restart of associated application or reboot of host device
MLSR302_294: ensure periodic reauthentication of sessions are performed
MLSR302_296: ensure user establishes new session by authenticating again, when a session is terminated due to a time-out
MLSR302_300: specify maximum acceptable authentication age and reauthenticate subscriber, if not authenticated within specified time period
MLSR307_211: enforce user to re-authenticate to re-activate terminal or session if it has been idle for more than 15 minutes"
I need a requirement for Develop features in system using approved authentication protocols.,MLSR049_1049,"MLSR049_1049: implement authentication to cryptographic module that meets federal laws
MLSR049_1061: conform to FICAM-issued profiles of approved FICAM authentication protocols
MLSR065_124: allow federated identity management infrastructure interoperable both for high assurance such as OTP systems and low assurance such as username and password 
MLSR065_130:  support federated mechanism for authentication
MLSR092_119: implement secured authentication mechanism as per NIST electronic authentication guidelines"
I need a requirement for secure Develop features in system using approved authentication protocols.,MLSR049_1049,"MLSR049_1049: implement authentication to cryptographic module that meets federal laws
MLSR049_1061: conform to FICAM-issued profiles of approved FICAM authentication protocols
MLSR065_124: allow federated identity management infrastructure interoperable both for high assurance such as OTP systems and low assurance such as username and password 
MLSR065_130:  support federated mechanism for authentication
MLSR092_119: implement secured authentication mechanism as per NIST electronic authentication guidelines"
Do we have security requirements for Develop features in system using approved authentication protocols in place?,MLSR049_1049,"MLSR049_1049: implement authentication to cryptographic module that meets federal laws
MLSR049_1061: conform to FICAM-issued profiles of approved FICAM authentication protocols
MLSR065_124: allow federated identity management infrastructure interoperable both for high assurance such as OTP systems and low assurance such as username and password 
MLSR065_130:  support federated mechanism for authentication
MLSR092_119: implement secured authentication mechanism as per NIST electronic authentication guidelines"
Show me requirements that comply with Develop feature to manage biometric authentication.,MLSR302_167,"MLSR302_167: implement PAD technologies to mitigate risk of presentation attacks in biometric device
MLSR049_1038: ensure biometric-based authentication satisfy biometric quality requirements such as acceptable crossover rates to ensure accuracy of biometric
MLSR302_169: ensure that biometrics are used only as part of multi-factor authentication with a physical authenticator 
MLSR302_170_1: ensure biometric sensor or endpoint is authenticated prior to capturing biometric sample from claimant
MLSR302_171: ensure that biometric system shall operate with an FMR (false matching rate) of 1 in 1000 or better
MLSR302_174: biometric system prohibit to allow more than 5 consecutive failed authentication attempts or 10 consecutive failed attempts if PAD is implemented
MLSR302_174_1:impose delay of at least 30 seconds on biometric system before next attempt, increasing exponentially with each successive attempt
MLSR302_174_2: disable biometric user authentication when failed attempts exceed limits and offer another factor such as different biometric modality or PIN/ Passcode
MLSR302_179:  ensure biometric comparison is preferred to be performed locally on claimant’s device than at a central verifier
MLSR302_180: ensure use of biometric as authentication factor is limited to specific devices that are using approved cryptography if comparison is performed centrally
MLSR302_181:implement biometric revocation, if biometric comparison is performed centrally"
What are the requirements for Develop feature to manage biometric authentication?,MLSR302_167,"MLSR302_167: implement PAD technologies to mitigate risk of presentation attacks in biometric device
MLSR049_1038: ensure biometric-based authentication satisfy biometric quality requirements such as acceptable crossover rates to ensure accuracy of biometric
MLSR302_169: ensure that biometrics are used only as part of multi-factor authentication with a physical authenticator 
MLSR302_170_1: ensure biometric sensor or endpoint is authenticated prior to capturing biometric sample from claimant
MLSR302_171: ensure that biometric system shall operate with an FMR (false matching rate) of 1 in 1000 or better
MLSR302_174: biometric system prohibit to allow more than 5 consecutive failed authentication attempts or 10 consecutive failed attempts if PAD is implemented
MLSR302_174_1:impose delay of at least 30 seconds on biometric system before next attempt, increasing exponentially with each successive attempt
MLSR302_174_2: disable biometric user authentication when failed attempts exceed limits and offer another factor such as different biometric modality or PIN/ Passcode
MLSR302_179:  ensure biometric comparison is preferred to be performed locally on claimant’s device than at a central verifier
MLSR302_180: ensure use of biometric as authentication factor is limited to specific devices that are using approved cryptography if comparison is performed centrally
MLSR302_181:implement biometric revocation, if biometric comparison is performed centrally"
Show me security requirements for Develop feature to manage biometric authentication.,MLSR302_167,"MLSR302_167: implement PAD technologies to mitigate risk of presentation attacks in biometric device
MLSR049_1038: ensure biometric-based authentication satisfy biometric quality requirements such as acceptable crossover rates to ensure accuracy of biometric
MLSR302_169: ensure that biometrics are used only as part of multi-factor authentication with a physical authenticator 
MLSR302_170_1: ensure biometric sensor or endpoint is authenticated prior to capturing biometric sample from claimant
MLSR302_171: ensure that biometric system shall operate with an FMR (false matching rate) of 1 in 1000 or better
MLSR302_174: biometric system prohibit to allow more than 5 consecutive failed authentication attempts or 10 consecutive failed attempts if PAD is implemented
MLSR302_174_1:impose delay of at least 30 seconds on biometric system before next attempt, increasing exponentially with each successive attempt
MLSR302_174_2: disable biometric user authentication when failed attempts exceed limits and offer another factor such as different biometric modality or PIN/ Passcode
MLSR302_179:  ensure biometric comparison is preferred to be performed locally on claimant’s device than at a central verifier
MLSR302_180: ensure use of biometric as authentication factor is limited to specific devices that are using approved cryptography if comparison is performed centrally
MLSR302_181:implement biometric revocation, if biometric comparison is performed centrally"
Do we have security requirements for Develop feature in system to implement multifactor authentication (MFA) for users in place?,MLSR049_957,"MLSR049_957: implement MFA for network access to privileged accounts
MLSR049_959: implement MFA for network access to non-privileged accounts
MLSR049_960: implement MFA for local access to privileged accounts
MLSR049_962: implement MFA for local access to non-privileged accounts.
MLSR049_965: implement MFA for network access to privileged accounts with one factor provided by device separate from system gaining access
MLSR049_967: implement MFA for network access to non-privileged accounts with one factor provided by device separate from system gaining access
MLSR049_974:  implement MFA for remote access to privileged and non-privileged accounts
MLSR049_1072: employ supplemental authentication techniques under specific circumstances 
MLSR065_120: implement two factor authentication to manage critical components
MLSR076_98: use two-factor authentication to establish user session
MLSR050_139: enforce MFA to establish nonlocal maintenance sessions via external network connections
MLSR080_242: enforce challenge/response or two-factor authentication for high risk environments
MLSR080_267:  enforce dual factor authentication when physical token authentication is used
MLSR080_323: use location/geography as additional factor to existing authentication
MLSR092_116: use MFA for secured login and sensitive data update
MLSR055_345: use two or more additional factors of identity verification over and above user ID and password
MLSR037_348:  implement two factor authentication to authenticate health information system users
MLSR105_59: use MFA to permit privileged access to administrators, technicians, maintenance personnel
MLSR092_117:  implement additional factors such as physical media, fingerprint for multi-factor authentication
MLSR049_1034: employ smartcard authentication techniques wherein identity and authenticator are bound together
MLSR079_1067: enforce strong authentication using physical token or smart card (two factor authentication)
MLSR065_42: ensure provider mandate physical token based 2-factor authentication for client access
MLSR080_283: use smart card authentication to support building access
MLSR310_24: implement MFA to prevent credential stuffing, brute force, and stolen credential reuse attacks
MLSR302_148: ensure each authentication operation using Multi-Factor cryptographic device authenticator requires input of additional factor via direct input on device or hardware connection
MLSR302_157: ensure claimant completes CAPTCHA before attempting authentication
MLSR302_224: ensure binding of multi-factor authenticators uses multi-factor authentication to bind authenticator
MLSR307_222: secure all individual non-console administrative access and all remote access to cardholder data environment using MFA
MLSR307_223: incorporate MFA for all non-console access into cardholder data environment for personnel with administrative access
MLSR307_224: incorporate MFA for all remote network access originating from outside entity’s network"
Do we have security requirements for Develop feature in system to implement multifactor authentication (MFA) for users in place?,MLSR049_957,"MLSR049_957: implement MFA for network access to privileged accounts
MLSR049_959: implement MFA for network access to non-privileged accounts
MLSR049_960: implement MFA for local access to privileged accounts
MLSR049_962: implement MFA for local access to non-privileged accounts.
MLSR049_965: implement MFA for network access to privileged accounts with one factor provided by device separate from system gaining access
MLSR049_967: implement MFA for network access to non-privileged accounts with one factor provided by device separate from system gaining access
MLSR049_974:  implement MFA for remote access to privileged and non-privileged accounts
MLSR049_1072: employ supplemental authentication techniques under specific circumstances 
MLSR065_120: implement two factor authentication to manage critical components
MLSR076_98: use two-factor authentication to establish user session
MLSR050_139: enforce MFA to establish nonlocal maintenance sessions via external network connections
MLSR080_242: enforce challenge/response or two-factor authentication for high risk environments
MLSR080_267:  enforce dual factor authentication when physical token authentication is used
MLSR080_323: use location/geography as additional factor to existing authentication
MLSR092_116: use MFA for secured login and sensitive data update
MLSR055_345: use two or more additional factors of identity verification over and above user ID and password
MLSR037_348:  implement two factor authentication to authenticate health information system users
MLSR105_59: use MFA to permit privileged access to administrators, technicians, maintenance personnel
MLSR092_117:  implement additional factors such as physical media, fingerprint for multi-factor authentication
MLSR049_1034: employ smartcard authentication techniques wherein identity and authenticator are bound together
MLSR079_1067: enforce strong authentication using physical token or smart card (two factor authentication)
MLSR065_42: ensure provider mandate physical token based 2-factor authentication for client access
MLSR080_283: use smart card authentication to support building access
MLSR310_24: implement MFA to prevent credential stuffing, brute force, and stolen credential reuse attacks
MLSR302_148: ensure each authentication operation using Multi-Factor cryptographic device authenticator requires input of additional factor via direct input on device or hardware connection
MLSR302_157: ensure claimant completes CAPTCHA before attempting authentication
MLSR302_224: ensure binding of multi-factor authenticators uses multi-factor authentication to bind authenticator
MLSR307_222: secure all individual non-console administrative access and all remote access to cardholder data environment using MFA
MLSR307_223: incorporate MFA for all non-console access into cardholder data environment for personnel with administrative access
MLSR307_224: incorporate MFA for all remote network access originating from outside entity’s network"
What are the requirements for Develop feature in system to implement multifactor authentication (MFA) for users?,MLSR049_957,"MLSR049_957: implement MFA for network access to privileged accounts
MLSR049_959: implement MFA for network access to non-privileged accounts
MLSR049_960: implement MFA for local access to privileged accounts
MLSR049_962: implement MFA for local access to non-privileged accounts.
MLSR049_965: implement MFA for network access to privileged accounts with one factor provided by device separate from system gaining access
MLSR049_967: implement MFA for network access to non-privileged accounts with one factor provided by device separate from system gaining access
MLSR049_974:  implement MFA for remote access to privileged and non-privileged accounts
MLSR049_1072: employ supplemental authentication techniques under specific circumstances 
MLSR065_120: implement two factor authentication to manage critical components
MLSR076_98: use two-factor authentication to establish user session
MLSR050_139: enforce MFA to establish nonlocal maintenance sessions via external network connections
MLSR080_242: enforce challenge/response or two-factor authentication for high risk environments
MLSR080_267:  enforce dual factor authentication when physical token authentication is used
MLSR080_323: use location/geography as additional factor to existing authentication
MLSR092_116: use MFA for secured login and sensitive data update
MLSR055_345: use two or more additional factors of identity verification over and above user ID and password
MLSR037_348:  implement two factor authentication to authenticate health information system users
MLSR105_59: use MFA to permit privileged access to administrators, technicians, maintenance personnel
MLSR092_117:  implement additional factors such as physical media, fingerprint for multi-factor authentication
MLSR049_1034: employ smartcard authentication techniques wherein identity and authenticator are bound together
MLSR079_1067: enforce strong authentication using physical token or smart card (two factor authentication)
MLSR065_42: ensure provider mandate physical token based 2-factor authentication for client access
MLSR080_283: use smart card authentication to support building access
MLSR310_24: implement MFA to prevent credential stuffing, brute force, and stolen credential reuse attacks
MLSR302_148: ensure each authentication operation using Multi-Factor cryptographic device authenticator requires input of additional factor via direct input on device or hardware connection
MLSR302_157: ensure claimant completes CAPTCHA before attempting authentication
MLSR302_224: ensure binding of multi-factor authenticators uses multi-factor authentication to bind authenticator
MLSR307_222: secure all individual non-console administrative access and all remote access to cardholder data environment using MFA
MLSR307_223: incorporate MFA for all non-console access into cardholder data environment for personnel with administrative access
MLSR307_224: incorporate MFA for all remote network access originating from outside entity’s network"
Show me requirements that comply with Implement replay-resistant authentication mechanism for network access.,MLSR049_968,"MLSR049_968: implement replay-resistant authentication mechanisms for network access to privileged accounts
MLSR049_970: implement replay-resistant authentication mechanisms for network access to non-privileged accounts"
Give me all the requirements linked to Implement replay-resistant authentication mechanism for network access.,MLSR049_968,"MLSR049_968: implement replay-resistant authentication mechanisms for network access to privileged accounts
MLSR049_970: implement replay-resistant authentication mechanisms for network access to non-privileged accounts"
Do we have security requirements for Implement replay-resistant authentication mechanism for network access in place?,MLSR049_968,"MLSR049_968: implement replay-resistant authentication mechanisms for network access to privileged accounts
MLSR049_970: implement replay-resistant authentication mechanisms for network access to non-privileged accounts"
Show me requirements that comply with Develop single sign-on feature for accessing multiple apps.,MLSR049_972,"MLSR049_972: provide single sign-on capability for information system accounts and services
MLSR065_126: ensure cloud provider incorporates single sign-on capabilities 
MLSR088_109: implement single sign-on mechanism with same password on all work spots
MLSR049_1030:  implement single sign-on to manage risk of compromise due to individuals having accounts on multiple information systems"
I need a requirement for Develop single sign-on feature for accessing multiple apps.,MLSR049_972,"MLSR049_972: provide single sign-on capability for information system accounts and services
MLSR065_126: ensure cloud provider incorporates single sign-on capabilities 
MLSR088_109: implement single sign-on mechanism with same password on all work spots
MLSR049_1030:  implement single sign-on to manage risk of compromise due to individuals having accounts on multiple information systems"
Fetch requirements mapped to Develop single sign-on feature for accessing multiple apps.,MLSR049_972,"MLSR049_972: provide single sign-on capability for information system accounts and services
MLSR065_126: ensure cloud provider incorporates single sign-on capabilities 
MLSR088_109: implement single sign-on mechanism with same password on all work spots
MLSR049_1030:  implement single sign-on to manage risk of compromise due to individuals having accounts on multiple information systems"
Fetch requirements mapped to Implement out-of-band secure authentication for devices and users.,MLSR049_978,"MLSR049_978: implement OOB authentication when two separate communication paths are required, one to identify and authenticate users and other to verify authentication 
MLSR302_91: ensure authentication that uniquely identifies device, when secret is sent to OOB device via PSTN
MLSR302_104: verify that pre-registered telephone number being used is associated with specific physical device, if out-of-band verification is to be made using PSTN
MLSR302_381: notify users of receipt of secret on locked device and if OOB device is locked, enforce authentication to access secret
"
Give me requirements related to Implement out-of-band secure authentication for devices and users.,MLSR049_978,"MLSR049_978: implement OOB authentication when two separate communication paths are required, one to identify and authenticate users and other to verify authentication 
MLSR302_91: ensure authentication that uniquely identifies device, when secret is sent to OOB device via PSTN
MLSR302_104: verify that pre-registered telephone number being used is associated with specific physical device, if out-of-band verification is to be made using PSTN
MLSR302_381: notify users of receipt of secret on locked device and if OOB device is locked, enforce authentication to access secret
"
What are the requirements for Implement out-of-band secure authentication for devices and users?,MLSR049_978,"MLSR049_978: implement OOB authentication when two separate communication paths are required, one to identify and authenticate users and other to verify authentication 
MLSR302_91: ensure authentication that uniquely identifies device, when secret is sent to OOB device via PSTN
MLSR302_104: verify that pre-registered telephone number being used is associated with specific physical device, if out-of-band verification is to be made using PSTN
MLSR302_381: notify users of receipt of secret on locked device and if OOB device is locked, enforce authentication to access secret
"
Show me security requirements for Implement PKI based authentication for users and devices.,MLSR049_1019,"MLSR049_1019:  implement PKI-based authentication and ensure to validate certifications by constructing and verifying a certification path to an accepted trust anchor
MLSR049_1036: employ hardware token-based authentication using PKI-based token
MLSR049_1041: employ PKI-based authentication for managing PKI trust stores, installed across all platforms including networks, OS, browsers and applications
MLSR311_65: ensure microservices APIs with access to sensitive data, use authentication tokens that are digitally signed or verified with authoritative source
"
I need a requirement for secure Implement PKI based authentication for users and devices.,MLSR049_1019,"MLSR049_1019:  implement PKI-based authentication and ensure to validate certifications by constructing and verifying a certification path to an accepted trust anchor
MLSR049_1036: employ hardware token-based authentication using PKI-based token
MLSR049_1041: employ PKI-based authentication for managing PKI trust stores, installed across all platforms including networks, OS, browsers and applications
MLSR311_65: ensure microservices APIs with access to sensitive data, use authentication tokens that are digitally signed or verified with authoritative source
"
Give me requirements related to Implement PKI based authentication for users and devices.,MLSR049_1019,"MLSR049_1019:  implement PKI-based authentication and ensure to validate certifications by constructing and verifying a certification path to an accepted trust anchor
MLSR049_1036: employ hardware token-based authentication using PKI-based token
MLSR049_1041: employ PKI-based authentication for managing PKI trust stores, installed across all platforms including networks, OS, browsers and applications
MLSR311_65: ensure microservices APIs with access to sensitive data, use authentication tokens that are digitally signed or verified with authoritative source
"
Show me security requirements for Implement encryption to protect confidentiality of data at rest.,MLSR088_126,"MLSR050_205: protect confidentiality of CUI at rest
MLSR102_225: enforce to encrypt device data both at rest and in transit
MLSR203_58: ensure user credentials are stored as encrypted rather than plain text
MLSR088_126: encrypt health data stored on medical device
MLSR043_325: ensure accidental power-down does not affect encryption of health data on mass storage device
MLSR043_325: ensure in no circumstance of operation, unencrypted health data becomes accessible on storage device
MLSR049_1925: protect the confidentiality, integrity of information at rest like information stored in storage devices
MLSR074_336: store password files separately from application system data
MLSR092_136: implement partitioning between graphical interface and critical data from rest of network"
Fetch requirements mapped to Implement encryption to protect confidentiality of data at rest.,MLSR088_126,"MLSR050_205: protect confidentiality of CUI at rest
MLSR102_225: enforce to encrypt device data both at rest and in transit
MLSR203_58: ensure user credentials are stored as encrypted rather than plain text
MLSR088_126: encrypt health data stored on medical device
MLSR043_325: ensure accidental power-down does not affect encryption of health data on mass storage device
MLSR043_325: ensure in no circumstance of operation, unencrypted health data becomes accessible on storage device
MLSR049_1925: protect the confidentiality, integrity of information at rest like information stored in storage devices
MLSR074_336: store password files separately from application system data
MLSR092_136: implement partitioning between graphical interface and critical data from rest of network"
Do we have security requirements for Implement encryption to protect confidentiality of data at rest in place?,MLSR088_126,"MLSR050_205: protect confidentiality of CUI at rest
MLSR102_225: enforce to encrypt device data both at rest and in transit
MLSR203_58: ensure user credentials are stored as encrypted rather than plain text
MLSR088_126: encrypt health data stored on medical device
MLSR043_325: ensure accidental power-down does not affect encryption of health data on mass storage device
MLSR043_325: ensure in no circumstance of operation, unencrypted health data becomes accessible on storage device
MLSR049_1925: protect the confidentiality, integrity of information at rest like information stored in storage devices
MLSR074_336: store password files separately from application system data
MLSR092_136: implement partitioning between graphical interface and critical data from rest of network"
What are the requirements for Develop feature in system to protect information and maintain confidentiality during transmission?,MLSR074_709,"MLSR049_260: decompose information into policy-relevant subcomponents when transferring information between different security domains 
MLSR049_263: prohibit transfer of unsanctioned information(malicious code)
MLSR049_261: implement security policy filters when transferring information between security domains
MLSR049_270: apply security policy filtering to metadata when transferring information
MLSR049_274: separate flow of information by logical or physical mechanisms
MLSR049_459: transmit access authorization information to information systems using security safeguards
MLSR076_222: prohibit violation of legal constraints on data transmission when using third party cloud provider
MLSR074_709: ensure information involved in electronic messaging is appropriately protected
MLSR074_711: ensure correct addressing and transportation of message
MLSR074_742: ensure information passing over public networks are protected from fraudulent activity
MLSR074_761: ensure information involved in application service transactions is protected
MLSR092_143: implement sequence number, time-stamping, time-out, source and destination identifiers to prevent replay attack in safety-related communications
MLSR221_60: implement information security for transmitting personal data to prevent accidental events
MLSR049_1815: protect confidentiality and integrity of transmitted information
MLSR049_1819: maintain confidentiality and integrity of information during packing /unpacking
MLSR076_232: reduce misuse of connection by maintaining integrity and confidentiality of transmission
MLSR088_130: maintain confidentiality of health data during transmission between authenticated nodes
MLSR078_197: ensure confidentiality of data on selected communication channels to protect against eavesdropping
MLSR065_113: ensure cloud system encrypts data in transit
MLSR105_76: securely transfer data by data encryption and end point authentication
MLSR208_69: transfer data securely to and from device to prevent unauthorized access or modification
MLSR076_122: use approved standards to encrypt payloads[e.g. AES]
MLSR049_1823: implement cryptographic mechanisms to conceal or randomize communication patterns
MLSR105_78: use NIST recommended standards or equivalent-strength cryptographic protection for communication channels"
What are the requirements for Develop feature in system to protect information and maintain confidentiality during transmission?,MLSR074_709,"MLSR049_260: decompose information into policy-relevant subcomponents when transferring information between different security domains 
MLSR049_263: prohibit transfer of unsanctioned information(malicious code)
MLSR049_261: implement security policy filters when transferring information between security domains
MLSR049_270: apply security policy filtering to metadata when transferring information
MLSR049_274: separate flow of information by logical or physical mechanisms
MLSR049_459: transmit access authorization information to information systems using security safeguards
MLSR076_222: prohibit violation of legal constraints on data transmission when using third party cloud provider
MLSR074_709: ensure information involved in electronic messaging is appropriately protected
MLSR074_711: ensure correct addressing and transportation of message
MLSR074_742: ensure information passing over public networks are protected from fraudulent activity
MLSR074_761: ensure information involved in application service transactions is protected
MLSR092_143: implement sequence number, time-stamping, time-out, source and destination identifiers to prevent replay attack in safety-related communications
MLSR221_60: implement information security for transmitting personal data to prevent accidental events
MLSR049_1815: protect confidentiality and integrity of transmitted information
MLSR049_1819: maintain confidentiality and integrity of information during packing /unpacking
MLSR076_232: reduce misuse of connection by maintaining integrity and confidentiality of transmission
MLSR088_130: maintain confidentiality of health data during transmission between authenticated nodes
MLSR078_197: ensure confidentiality of data on selected communication channels to protect against eavesdropping
MLSR065_113: ensure cloud system encrypts data in transit
MLSR105_76: securely transfer data by data encryption and end point authentication
MLSR208_69: transfer data securely to and from device to prevent unauthorized access or modification
MLSR076_122: use approved standards to encrypt payloads[e.g. AES]
MLSR049_1823: implement cryptographic mechanisms to conceal or randomize communication patterns
MLSR105_78: use NIST recommended standards or equivalent-strength cryptographic protection for communication channels"
Show me requirements that comply with Develop feature in system to protect information and maintain confidentiality during transmission.,MLSR074_709,"MLSR049_260: decompose information into policy-relevant subcomponents when transferring information between different security domains 
MLSR049_263: prohibit transfer of unsanctioned information(malicious code)
MLSR049_261: implement security policy filters when transferring information between security domains
MLSR049_270: apply security policy filtering to metadata when transferring information
MLSR049_274: separate flow of information by logical or physical mechanisms
MLSR049_459: transmit access authorization information to information systems using security safeguards
MLSR076_222: prohibit violation of legal constraints on data transmission when using third party cloud provider
MLSR074_709: ensure information involved in electronic messaging is appropriately protected
MLSR074_711: ensure correct addressing and transportation of message
MLSR074_742: ensure information passing over public networks are protected from fraudulent activity
MLSR074_761: ensure information involved in application service transactions is protected
MLSR092_143: implement sequence number, time-stamping, time-out, source and destination identifiers to prevent replay attack in safety-related communications
MLSR221_60: implement information security for transmitting personal data to prevent accidental events
MLSR049_1815: protect confidentiality and integrity of transmitted information
MLSR049_1819: maintain confidentiality and integrity of information during packing /unpacking
MLSR076_232: reduce misuse of connection by maintaining integrity and confidentiality of transmission
MLSR088_130: maintain confidentiality of health data during transmission between authenticated nodes
MLSR078_197: ensure confidentiality of data on selected communication channels to protect against eavesdropping
MLSR065_113: ensure cloud system encrypts data in transit
MLSR105_76: securely transfer data by data encryption and end point authentication
MLSR208_69: transfer data securely to and from device to prevent unauthorized access or modification
MLSR076_122: use approved standards to encrypt payloads[e.g. AES]
MLSR049_1823: implement cryptographic mechanisms to conceal or randomize communication patterns
MLSR105_78: use NIST recommended standards or equivalent-strength cryptographic protection for communication channels"
I need a requirement for secure Implement encryption to protect confidentiality of data at rest on mobile device.,MLSR305_63,"MLSR305_63: implement strong encryption for stored data on built-in storage
MLSR305_64: implement strong encryption for stored data on removable storage
"
What are the requirements for Implement encryption to protect confidentiality of data at rest on mobile device?,MLSR305_63,"MLSR305_63: implement strong encryption for stored data on built-in storage
MLSR305_64: implement strong encryption for stored data on removable storage
"
Do we have any requirements for Implement encryption to protect confidentiality of data at rest on mobile device compliance?,MLSR305_63,"MLSR305_63: implement strong encryption for stored data on built-in storage
MLSR305_64: implement strong encryption for stored data on removable storage
"
Do we have security requirements for Implement encryption and data isolation mechanism to protect data at rest in cloud in place?,MLSR076_209,"MLSR076_209: ensure data stored in cloud are isolated from other data
MLSR065_73:  implement strong isolation level for VMs, physical machines, network and storage for cloud hosted systems
MLSR065_114: ensure cloud system encrypts data at rest
MLSR065_115: ensure cloud system encrypts data in processor or memory
MLSR065_103: ensure cloud provider implements data storage and protection controls to user directory and manages access to it"
I need a requirement for Implement encryption and data isolation mechanism to protect data at rest in cloud.,MLSR076_209,"MLSR076_209: ensure data stored in cloud are isolated from other data
MLSR065_73:  implement strong isolation level for VMs, physical machines, network and storage for cloud hosted systems
MLSR065_114: ensure cloud system encrypts data at rest
MLSR065_115: ensure cloud system encrypts data in processor or memory
MLSR065_103: ensure cloud provider implements data storage and protection controls to user directory and manages access to it"
Give me all the requirements linked to Implement encryption and data isolation mechanism to protect data at rest in cloud.,MLSR076_209,"MLSR076_209: ensure data stored in cloud are isolated from other data
MLSR065_73:  implement strong isolation level for VMs, physical machines, network and storage for cloud hosted systems
MLSR065_114: ensure cloud system encrypts data at rest
MLSR065_115: ensure cloud system encrypts data in processor or memory
MLSR065_103: ensure cloud provider implements data storage and protection controls to user directory and manages access to it"
Fetch requirements mapped to Implement mechanisms to ensure availability of resources by allocating adequate capacity.,MLSR049_1765,"MLSR049_1760: manage excess capacity, bandwidth to limit effects of information flooding denial of service attacks [Medical Facility]
MLSR049_1765: protect availability of resources by allocating resources based on priority, quota
MLSR074_539: manage capacity demand by deleting of obsolete data 
MLSR074_539: manage capacity demand by decommissioning of applications, systems, databases or environments
MLSR074_539: manage capacity demand by optimizing batch processes and schedules
MLSR074_539: manage capacity demand by optimizing application logic or database queries
MLSR074_539: manage capacity demand by denying or restricting bandwidth for resource-hungry services
MLSR074_712: ensure reliability and availability of service
MLSR092_153: have capability to ensure availability of critical functions when security is compromised"
Show me requirements that comply with Implement mechanisms to ensure availability of resources by allocating adequate capacity.,MLSR049_1765,"MLSR049_1760: manage excess capacity, bandwidth to limit effects of information flooding denial of service attacks [Medical Facility]
MLSR049_1765: protect availability of resources by allocating resources based on priority, quota
MLSR074_539: manage capacity demand by deleting of obsolete data 
MLSR074_539: manage capacity demand by decommissioning of applications, systems, databases or environments
MLSR074_539: manage capacity demand by optimizing batch processes and schedules
MLSR074_539: manage capacity demand by optimizing application logic or database queries
MLSR074_539: manage capacity demand by denying or restricting bandwidth for resource-hungry services
MLSR074_712: ensure reliability and availability of service
MLSR092_153: have capability to ensure availability of critical functions when security is compromised"
Give me requirements related to Implement mechanisms to ensure availability of resources by allocating adequate capacity.,MLSR049_1765,"MLSR049_1760: manage excess capacity, bandwidth to limit effects of information flooding denial of service attacks [Medical Facility]
MLSR049_1765: protect availability of resources by allocating resources based on priority, quota
MLSR074_539: manage capacity demand by deleting of obsolete data 
MLSR074_539: manage capacity demand by decommissioning of applications, systems, databases or environments
MLSR074_539: manage capacity demand by optimizing batch processes and schedules
MLSR074_539: manage capacity demand by optimizing application logic or database queries
MLSR074_539: manage capacity demand by denying or restricting bandwidth for resource-hungry services
MLSR074_712: ensure reliability and availability of service
MLSR092_153: have capability to ensure availability of critical functions when security is compromised"
Show me requirements that comply with Implement mechanisms in system to protect against leakage of data.,MLSR049_217,"MLSR049_217: prohibit to send information outside established system boundary
MLSR049_437: prohibit non-organizationally owned systems to process organizational information
MLSR049_443: employ automated mechanism to assist users in making information sharing/collaboration decisions
MLSR049_445: enforce information-sharing decisions by authorized users
MLSR049_446: implement information search and retrieval services to restrict information sharing
MLSR049_1028: ensure unencrypted static authenticators are not embedded in applications
MLSR049_1045: obscure feedback of authentication information
MLSR049_2013: ensure data collected by sensors is reported to authorized individuals
MLSR049_2015: ensure data collected by sensors is only used for authorized purposes
MLSR049_1965: employ system components with no writeable storage that is persistent across component restart or power on/off
MLSR074_313: prohibit to display identifiers until log-on process are completed
MLSR074_315: prohibit to provide help messages during log-on procedure
MLSR074_763: ensure user's secret authentication information is verified and privacy associated with all parties is retained
MLSR105_98: implement features that protect critical functionality and data, even when device’s cybersecurity is compromised
MLSR049_243: enforce limitations on embedding data types within other data types
MLSR049_452: employ data mining prevention and detection techniques for data storage objects
MLSR310_6: use safe API to mitigate injection attacks
MLSR310_9:  use LIMIT within queries to prevent mass disclosure of records in case of SQL injection
MLSR310_30_1: prohibit to use session IDs in URL, securely store and invalidate after logout, idle and absolute timeouts
MLSR310_79: invalidate JWT tokens on server after logout
MLSR310_97: separate untrusted data from active browser content by using frameworks that automatically escape XSS by design
MLSR310_98 : implement escaping untrusted HTTP request data based on context in HTML output 
MLSR310_99 : implement context sensitive encoding when modifying browser document on client side
MLSR310_100: enable content security policy as a defense in depth mitigating control against XSS
MLSR055_379: adopt suitable file sharing tools, instant messenger, and online discussion forum tools that meets security, effectiveness, efficiency, and reliability needs
"
Show me security requirements for Implement mechanisms in system to protect against leakage of data.,MLSR049_217,"MLSR049_217: prohibit to send information outside established system boundary
MLSR049_437: prohibit non-organizationally owned systems to process organizational information
MLSR049_443: employ automated mechanism to assist users in making information sharing/collaboration decisions
MLSR049_445: enforce information-sharing decisions by authorized users
MLSR049_446: implement information search and retrieval services to restrict information sharing
MLSR049_1028: ensure unencrypted static authenticators are not embedded in applications
MLSR049_1045: obscure feedback of authentication information
MLSR049_2013: ensure data collected by sensors is reported to authorized individuals
MLSR049_2015: ensure data collected by sensors is only used for authorized purposes
MLSR049_1965: employ system components with no writeable storage that is persistent across component restart or power on/off
MLSR074_313: prohibit to display identifiers until log-on process are completed
MLSR074_315: prohibit to provide help messages during log-on procedure
MLSR074_763: ensure user's secret authentication information is verified and privacy associated with all parties is retained
MLSR105_98: implement features that protect critical functionality and data, even when device’s cybersecurity is compromised
MLSR049_243: enforce limitations on embedding data types within other data types
MLSR049_452: employ data mining prevention and detection techniques for data storage objects
MLSR310_6: use safe API to mitigate injection attacks
MLSR310_9:  use LIMIT within queries to prevent mass disclosure of records in case of SQL injection
MLSR310_30_1: prohibit to use session IDs in URL, securely store and invalidate after logout, idle and absolute timeouts
MLSR310_79: invalidate JWT tokens on server after logout
MLSR310_97: separate untrusted data from active browser content by using frameworks that automatically escape XSS by design
MLSR310_98 : implement escaping untrusted HTTP request data based on context in HTML output 
MLSR310_99 : implement context sensitive encoding when modifying browser document on client side
MLSR310_100: enable content security policy as a defense in depth mitigating control against XSS
MLSR055_379: adopt suitable file sharing tools, instant messenger, and online discussion forum tools that meets security, effectiveness, efficiency, and reliability needs
"
Show me requirements that comply with Implement mechanisms in system to protect against leakage of data.,MLSR049_217,"MLSR049_217: prohibit to send information outside established system boundary
MLSR049_437: prohibit non-organizationally owned systems to process organizational information
MLSR049_443: employ automated mechanism to assist users in making information sharing/collaboration decisions
MLSR049_445: enforce information-sharing decisions by authorized users
MLSR049_446: implement information search and retrieval services to restrict information sharing
MLSR049_1028: ensure unencrypted static authenticators are not embedded in applications
MLSR049_1045: obscure feedback of authentication information
MLSR049_2013: ensure data collected by sensors is reported to authorized individuals
MLSR049_2015: ensure data collected by sensors is only used for authorized purposes
MLSR049_1965: employ system components with no writeable storage that is persistent across component restart or power on/off
MLSR074_313: prohibit to display identifiers until log-on process are completed
MLSR074_315: prohibit to provide help messages during log-on procedure
MLSR074_763: ensure user's secret authentication information is verified and privacy associated with all parties is retained
MLSR105_98: implement features that protect critical functionality and data, even when device’s cybersecurity is compromised
MLSR049_243: enforce limitations on embedding data types within other data types
MLSR049_452: employ data mining prevention and detection techniques for data storage objects
MLSR310_6: use safe API to mitigate injection attacks
MLSR310_9:  use LIMIT within queries to prevent mass disclosure of records in case of SQL injection
MLSR310_30_1: prohibit to use session IDs in URL, securely store and invalidate after logout, idle and absolute timeouts
MLSR310_79: invalidate JWT tokens on server after logout
MLSR310_97: separate untrusted data from active browser content by using frameworks that automatically escape XSS by design
MLSR310_98 : implement escaping untrusted HTTP request data based on context in HTML output 
MLSR310_99 : implement context sensitive encoding when modifying browser document on client side
MLSR310_100: enable content security policy as a defense in depth mitigating control against XSS
MLSR055_379: adopt suitable file sharing tools, instant messenger, and online discussion forum tools that meets security, effectiveness, efficiency, and reliability needs
"
Show me security requirements for Implement mechanism to prevent leakage of cardholder data.,MLSR307_71,"MLSR307_71: limit cardholder data storage amount and retention time as required for legal, regulatory, and/or business requirements
MLSR307_72: prohibit to store sensitive authentication data after authorization, even if encrypted
MLSR307_85: prohibit to store card verification code or value after authorization
MLSR307_86: prohibit to store PIN or encrypted PIN block after authorization
"
I need a requirement for Implement mechanism to prevent leakage of cardholder data.,MLSR307_71,"MLSR307_71: limit cardholder data storage amount and retention time as required for legal, regulatory, and/or business requirements
MLSR307_72: prohibit to store sensitive authentication data after authorization, even if encrypted
MLSR307_85: prohibit to store card verification code or value after authorization
MLSR307_86: prohibit to store PIN or encrypted PIN block after authorization
"
Do we have security requirements for Implement mechanism to prevent leakage of cardholder data in place?,MLSR307_71,"MLSR307_71: limit cardholder data storage amount and retention time as required for legal, regulatory, and/or business requirements
MLSR307_72: prohibit to store sensitive authentication data after authorization, even if encrypted
MLSR307_85: prohibit to store card verification code or value after authorization
MLSR307_86: prohibit to store PIN or encrypted PIN block after authorization
"
I need a requirement for secure Implement mechanism to prevent information disclosure of sensitive data.,MLSR049_622,"MLSR049_622: monitor open source sites to determine if information is disclosed in unauthorized manner
MLSR049_624: employ mechanisms to determine if information is disclosed in an unauthorized manner
MLSR074_748: include protection mechanism for confidential information
MLSR049_626: review open source information sites being monitored periodically
MLSR049_1930: remove organizational information from online storage and store off-line securely
MLSR050_75: control CUI posted or processed on publicly accessible systems
MLSR074_551: ensure sensitive data is not copied into testing system environment
MLSR016_122: ensure confidentiality of all sensitive and personally identifiable data information generated, stored, used or communicated
MLSR310_43: prohibit to store sensitive data unnecessarily and discard when not required
MLSR310_47: disable caching for responses that contain sensitive data
MLSR074_765: ensure storage of transaction details is not directly accessible from internet
MLSR088_72: secure audit data containing personal information"
I need a requirement for secure Implement mechanism to prevent information disclosure of sensitive data.,MLSR049_622,"MLSR049_622: monitor open source sites to determine if information is disclosed in unauthorized manner
MLSR049_624: employ mechanisms to determine if information is disclosed in an unauthorized manner
MLSR074_748: include protection mechanism for confidential information
MLSR049_626: review open source information sites being monitored periodically
MLSR049_1930: remove organizational information from online storage and store off-line securely
MLSR050_75: control CUI posted or processed on publicly accessible systems
MLSR074_551: ensure sensitive data is not copied into testing system environment
MLSR016_122: ensure confidentiality of all sensitive and personally identifiable data information generated, stored, used or communicated
MLSR310_43: prohibit to store sensitive data unnecessarily and discard when not required
MLSR310_47: disable caching for responses that contain sensitive data
MLSR074_765: ensure storage of transaction details is not directly accessible from internet
MLSR088_72: secure audit data containing personal information"
Fetch requirements mapped to Implement mechanism to prevent information disclosure of sensitive data.,MLSR049_622,"MLSR049_622: monitor open source sites to determine if information is disclosed in unauthorized manner
MLSR049_624: employ mechanisms to determine if information is disclosed in an unauthorized manner
MLSR074_748: include protection mechanism for confidential information
MLSR049_626: review open source information sites being monitored periodically
MLSR049_1930: remove organizational information from online storage and store off-line securely
MLSR050_75: control CUI posted or processed on publicly accessible systems
MLSR074_551: ensure sensitive data is not copied into testing system environment
MLSR016_122: ensure confidentiality of all sensitive and personally identifiable data information generated, stored, used or communicated
MLSR310_43: prohibit to store sensitive data unnecessarily and discard when not required
MLSR310_47: disable caching for responses that contain sensitive data
MLSR074_765: ensure storage of transaction details is not directly accessible from internet
MLSR088_72: secure audit data containing personal information"
I need a requirement for Develop feature in system to control information flow to prevent data leaks.,MLSR049_245,"MLSR049_245: enforce information flow control based on defined metadata
MLSR049_248: enforce one-way information flow using hardware mechanisms
MLSR049_249: enforce information flow control using security policy filters as basis for control decisions"
Show me security requirements for Develop feature in system to control information flow to prevent data leaks.,MLSR049_245,"MLSR049_245: enforce information flow control based on defined metadata
MLSR049_248: enforce one-way information flow using hardware mechanisms
MLSR049_249: enforce information flow control using security policy filters as basis for control decisions"
Give me all the requirements linked to Develop feature in system to control information flow to prevent data leaks.,MLSR049_245,"MLSR049_245: enforce information flow control based on defined metadata
MLSR049_248: enforce one-way information flow using hardware mechanisms
MLSR049_249: enforce information flow control using security policy filters as basis for control decisions"
Do we have any requirements for Develop feature in system to validate inputs to prevent data leaks compliance?,MLSR049_2176,"MLSR049_2176: check validity of system inputs like character set, length, numerical range, format and content 
MLSR049_2178: provide manual override capability for input validation of inputs
MLSR049_2184: ensure predictable behavior when invalid inputs are received
MLSR049_2186: enforce timing interactions to determine appropriate responses for invalid inputs
MLSR049_2188: restrict use of information inputs to trusted sources and formats, by applying concept of whitelisting to inputs
MLSR049_2182: ensure input validation errors are reviewed and resolved within specified time period
MLSR076_321: validate input both on client side and server side
MLSR074_316: validate log-on information only on completion of all input data and prohibit to indicate which part of data is incorrect
MLSR203_56: validate parameters on client side and on server side as well
MLSR203_41: implement validation on interfaces to detect unexpected signals received
MLSR203_51: ensure all interfaces to devices are secured with sufficient input validation
MLSR310_7: use positive or ""whitelist"" server side input validation to avoid injection attack
MLSR310_8: use escape special characters for dynamic queries using specific escape syntax for interpreter 
MLSR310_61: implement whitelisted server-side input validation, filtering to prevent hostile data within XML document
MLSR310_62: ensure XML or XSL file upload functionality validates incoming XML using XSD validation
MLSR307_171: prevent injection flaws by validating all input data before being sent to application"
I need a requirement for secure Develop feature in system to validate inputs to prevent data leaks.,MLSR049_2176,"MLSR049_2176: check validity of system inputs like character set, length, numerical range, format and content 
MLSR049_2178: provide manual override capability for input validation of inputs
MLSR049_2184: ensure predictable behavior when invalid inputs are received
MLSR049_2186: enforce timing interactions to determine appropriate responses for invalid inputs
MLSR049_2188: restrict use of information inputs to trusted sources and formats, by applying concept of whitelisting to inputs
MLSR049_2182: ensure input validation errors are reviewed and resolved within specified time period
MLSR076_321: validate input both on client side and server side
MLSR074_316: validate log-on information only on completion of all input data and prohibit to indicate which part of data is incorrect
MLSR203_56: validate parameters on client side and on server side as well
MLSR203_41: implement validation on interfaces to detect unexpected signals received
MLSR203_51: ensure all interfaces to devices are secured with sufficient input validation
MLSR310_7: use positive or ""whitelist"" server side input validation to avoid injection attack
MLSR310_8: use escape special characters for dynamic queries using specific escape syntax for interpreter 
MLSR310_61: implement whitelisted server-side input validation, filtering to prevent hostile data within XML document
MLSR310_62: ensure XML or XSL file upload functionality validates incoming XML using XSD validation
MLSR307_171: prevent injection flaws by validating all input data before being sent to application"
Do we have any requirements for Develop feature in system to validate inputs to prevent data leaks compliance?,MLSR049_2176,"MLSR049_2176: check validity of system inputs like character set, length, numerical range, format and content 
MLSR049_2178: provide manual override capability for input validation of inputs
MLSR049_2184: ensure predictable behavior when invalid inputs are received
MLSR049_2186: enforce timing interactions to determine appropriate responses for invalid inputs
MLSR049_2188: restrict use of information inputs to trusted sources and formats, by applying concept of whitelisting to inputs
MLSR049_2182: ensure input validation errors are reviewed and resolved within specified time period
MLSR076_321: validate input both on client side and server side
MLSR074_316: validate log-on information only on completion of all input data and prohibit to indicate which part of data is incorrect
MLSR203_56: validate parameters on client side and on server side as well
MLSR203_41: implement validation on interfaces to detect unexpected signals received
MLSR203_51: ensure all interfaces to devices are secured with sufficient input validation
MLSR310_7: use positive or ""whitelist"" server side input validation to avoid injection attack
MLSR310_8: use escape special characters for dynamic queries using specific escape syntax for interpreter 
MLSR310_61: implement whitelisted server-side input validation, filtering to prevent hostile data within XML document
MLSR310_62: ensure XML or XSL file upload functionality validates incoming XML using XSD validation
MLSR307_171: prevent injection flaws by validating all input data before being sent to application"
"I need a requirement for secure Develop feature in system to display error messages or hint, without revealing sensitive information.",MLSR049_2191,"MLSR049_2191: generate error messages without revealing information that could be exploited
MLSR203_59: enforce to show generic error messages without revealing specific details of errors
MLSR016_98: ensure authentication error messages shall not enumerate any valid credentials
MLSR310_28: ensure registration, credential recovery, and API pathways are hardened against account enumeration attacks
MLSR302_60: prohibit to prompt subscribers to use specific types of information when choosing memorized secrets
MLSR302_92: ensure secret sent to out-of-band device prohibits display of authentication secret when device is locked by owner
MLSR307_175: address improper error handling by returning generic rather than specific error details"
"Show me requirements that comply with Develop feature in system to display error messages or hint, without revealing sensitive information.",MLSR049_2191,"MLSR049_2191: generate error messages without revealing information that could be exploited
MLSR203_59: enforce to show generic error messages without revealing specific details of errors
MLSR016_98: ensure authentication error messages shall not enumerate any valid credentials
MLSR310_28: ensure registration, credential recovery, and API pathways are hardened against account enumeration attacks
MLSR302_60: prohibit to prompt subscribers to use specific types of information when choosing memorized secrets
MLSR302_92: ensure secret sent to out-of-band device prohibits display of authentication secret when device is locked by owner
MLSR307_175: address improper error handling by returning generic rather than specific error details"
"I need a requirement for secure Develop feature in system to display error messages or hint, without revealing sensitive information.",MLSR049_2191,"MLSR049_2191: generate error messages without revealing information that could be exploited
MLSR203_59: enforce to show generic error messages without revealing specific details of errors
MLSR016_98: ensure authentication error messages shall not enumerate any valid credentials
MLSR310_28: ensure registration, credential recovery, and API pathways are hardened against account enumeration attacks
MLSR302_60: prohibit to prompt subscribers to use specific types of information when choosing memorized secrets
MLSR302_92: ensure secret sent to out-of-band device prohibits display of authentication secret when device is locked by owner
MLSR307_175: address improper error handling by returning generic rather than specific error details"
Fetch requirements mapped to Develop feature in system to protect passwords/  memorized secrets.,MLSR049_1570,"MLSR049_1570: implement integrity verification of software and firmware components using one-way hashes
MLSR310_48: store passwords using strong adaptive and salted hashing functions with a work factor such as PBKDF2
MLSR302_70: ensure memorized secrets is salted and hashed using a suitable one-way key derivation function such as PBKDF2 and BALLOON
MLSR302_71: ensure salt is at least 32 bits in length and chosen arbitrarily to minimize salt value collisions among stored hashes
MLSR302_71: ensure both salt value and resulting hash is stored using memorized secret authenticator
MLSR302_72: ensure iteration count of one-way hash function is as large as verification server performance will allow, typically at least 10,000 iterations
MLSR302_73: generate salt value by an approved random bit generator and store secret salt value separately from hashed memorized secrets
MLSR302_79: store look-up secrets with at least 112 bits of entropy hashed with an approved one-way hash function
MLSR307_213: use strong cryptography to render all authentication credentials unreadable during transmission and storage on all system components
MLSR065_116: ensure cloud system encrypts user name and password"
Show me security requirements for Develop feature in system to protect passwords/  memorized secrets.,MLSR049_1570,"MLSR049_1570: implement integrity verification of software and firmware components using one-way hashes
MLSR310_48: store passwords using strong adaptive and salted hashing functions with a work factor such as PBKDF2
MLSR302_70: ensure memorized secrets is salted and hashed using a suitable one-way key derivation function such as PBKDF2 and BALLOON
MLSR302_71: ensure salt is at least 32 bits in length and chosen arbitrarily to minimize salt value collisions among stored hashes
MLSR302_71: ensure both salt value and resulting hash is stored using memorized secret authenticator
MLSR302_72: ensure iteration count of one-way hash function is as large as verification server performance will allow, typically at least 10,000 iterations
MLSR302_73: generate salt value by an approved random bit generator and store secret salt value separately from hashed memorized secrets
MLSR302_79: store look-up secrets with at least 112 bits of entropy hashed with an approved one-way hash function
MLSR307_213: use strong cryptography to render all authentication credentials unreadable during transmission and storage on all system components
MLSR065_116: ensure cloud system encrypts user name and password"
Fetch requirements mapped to Develop feature in system to protect passwords/  memorized secrets.,MLSR049_1570,"MLSR049_1570: implement integrity verification of software and firmware components using one-way hashes
MLSR310_48: store passwords using strong adaptive and salted hashing functions with a work factor such as PBKDF2
MLSR302_70: ensure memorized secrets is salted and hashed using a suitable one-way key derivation function such as PBKDF2 and BALLOON
MLSR302_71: ensure salt is at least 32 bits in length and chosen arbitrarily to minimize salt value collisions among stored hashes
MLSR302_71: ensure both salt value and resulting hash is stored using memorized secret authenticator
MLSR302_72: ensure iteration count of one-way hash function is as large as verification server performance will allow, typically at least 10,000 iterations
MLSR302_73: generate salt value by an approved random bit generator and store secret salt value separately from hashed memorized secrets
MLSR302_79: store look-up secrets with at least 112 bits of entropy hashed with an approved one-way hash function
MLSR307_213: use strong cryptography to render all authentication credentials unreadable during transmission and storage on all system components
MLSR065_116: ensure cloud system encrypts user name and password"
I need a requirement for Develop feature in system to implement cryptography to protect integrity of data and as per recommended standards.,MLSR049_1928,"MLSR049_585: implement cryptographic mechanisms to protect integrity of audit information
MLSR049_1842: implement cryptography in accordance with applicable policies, regulations, and standards
MLSR049_1928: implement cryptographic mechanisms to prevent unauthorized modification of information
MLSR049_1821: implement cryptographic mechanisms to protect message headers/routing information
MLSR049_2143:  implement cryptographic mechanisms to detect unauthorized changes
MLSR074_1041: have cryptographic controls compliance with relevant agreements, legislation and regulations
MLSR088_74: have appropriate security controls to protect audit data that contains personal/health data
MLSR103_53: implement strong encryption for data stored, transferred to or from device 
MLSR092_210: implement cryptography for data transferred from device
MLSR037_371: implement cryptography to protect confidentiality, authenticity and integrity of information
MLSR092_125: implement cryptographic mechanisms to authenticate software/firmware prior to installation
MLSR050_122: store and transmit only cryptographically-protected passwords
MLSR016_97: use cryptographically secure mechanism to store and transmit credential
MLSR050_200: employ FIPS-validated cryptography to protect confidentiality of CUI
MLSR080_485: ensure to use only units certified to comply with FIPS 140-2 for cryptographic systems
MLSR203_48: use accepted algorithms and standard cryptographic procedures
MLSR203_49: ensure BSI Technical guideline TR-02102 is met during cryptographic implementation
MLSR310_45: ensure up-to-date, strong standard algorithms and keys are in place with proper key management
MLSR302_113: use approved cryptography to generate or obtain secrets required to duplicate OTP authenticator output
MLSR302_190: use approved cryptographic algorithms to establish verifier impersonation resistance with keys of minimum security strength (112 bits)
MLSR302_267: ensure possession of session secret is proven using a cryptographic mechanism
MLSR050_197: implement cryptographic mechanisms to prevent disclosure of CUI during transmission
MLSR080_484: protect system data through cryptography by using separate plaintext and ciphertext ports

"
I need a requirement for Develop feature in system to implement cryptography to protect integrity of data and as per recommended standards.,MLSR049_1928,"MLSR049_585: implement cryptographic mechanisms to protect integrity of audit information
MLSR049_1842: implement cryptography in accordance with applicable policies, regulations, and standards
MLSR049_1928: implement cryptographic mechanisms to prevent unauthorized modification of information
MLSR049_1821: implement cryptographic mechanisms to protect message headers/routing information
MLSR049_2143:  implement cryptographic mechanisms to detect unauthorized changes
MLSR074_1041: have cryptographic controls compliance with relevant agreements, legislation and regulations
MLSR088_74: have appropriate security controls to protect audit data that contains personal/health data
MLSR103_53: implement strong encryption for data stored, transferred to or from device 
MLSR092_210: implement cryptography for data transferred from device
MLSR037_371: implement cryptography to protect confidentiality, authenticity and integrity of information
MLSR092_125: implement cryptographic mechanisms to authenticate software/firmware prior to installation
MLSR050_122: store and transmit only cryptographically-protected passwords
MLSR016_97: use cryptographically secure mechanism to store and transmit credential
MLSR050_200: employ FIPS-validated cryptography to protect confidentiality of CUI
MLSR080_485: ensure to use only units certified to comply with FIPS 140-2 for cryptographic systems
MLSR203_48: use accepted algorithms and standard cryptographic procedures
MLSR203_49: ensure BSI Technical guideline TR-02102 is met during cryptographic implementation
MLSR310_45: ensure up-to-date, strong standard algorithms and keys are in place with proper key management
MLSR302_113: use approved cryptography to generate or obtain secrets required to duplicate OTP authenticator output
MLSR302_190: use approved cryptographic algorithms to establish verifier impersonation resistance with keys of minimum security strength (112 bits)
MLSR302_267: ensure possession of session secret is proven using a cryptographic mechanism
MLSR050_197: implement cryptographic mechanisms to prevent disclosure of CUI during transmission
MLSR080_484: protect system data through cryptography by using separate plaintext and ciphertext ports

"
What are the requirements for Develop feature in system to implement cryptography to protect integrity of data and as per recommended standards?,MLSR049_1928,"MLSR049_585: implement cryptographic mechanisms to protect integrity of audit information
MLSR049_1842: implement cryptography in accordance with applicable policies, regulations, and standards
MLSR049_1928: implement cryptographic mechanisms to prevent unauthorized modification of information
MLSR049_1821: implement cryptographic mechanisms to protect message headers/routing information
MLSR049_2143:  implement cryptographic mechanisms to detect unauthorized changes
MLSR074_1041: have cryptographic controls compliance with relevant agreements, legislation and regulations
MLSR088_74: have appropriate security controls to protect audit data that contains personal/health data
MLSR103_53: implement strong encryption for data stored, transferred to or from device 
MLSR092_210: implement cryptography for data transferred from device
MLSR037_371: implement cryptography to protect confidentiality, authenticity and integrity of information
MLSR092_125: implement cryptographic mechanisms to authenticate software/firmware prior to installation
MLSR050_122: store and transmit only cryptographically-protected passwords
MLSR016_97: use cryptographically secure mechanism to store and transmit credential
MLSR050_200: employ FIPS-validated cryptography to protect confidentiality of CUI
MLSR080_485: ensure to use only units certified to comply with FIPS 140-2 for cryptographic systems
MLSR203_48: use accepted algorithms and standard cryptographic procedures
MLSR203_49: ensure BSI Technical guideline TR-02102 is met during cryptographic implementation
MLSR310_45: ensure up-to-date, strong standard algorithms and keys are in place with proper key management
MLSR302_113: use approved cryptography to generate or obtain secrets required to duplicate OTP authenticator output
MLSR302_190: use approved cryptographic algorithms to establish verifier impersonation resistance with keys of minimum security strength (112 bits)
MLSR302_267: ensure possession of session secret is proven using a cryptographic mechanism
MLSR050_197: implement cryptographic mechanisms to prevent disclosure of CUI during transmission
MLSR080_484: protect system data through cryptography by using separate plaintext and ciphertext ports

"
Give me all the requirements linked to Implement cryptography to protect data on mobile device.,MLSR305_132,"MLSR305_132: implement cryptographic protection for all or portions of device data storage locations
MLSR305_133: implement application-level encryption as a additional layer of cryptographic protection
MLSR305_139: use hardware security modules to provide tamper-resistance to perform cryptographic operations
MLSR050_72: encrypt CUI on mobile devices and mobile computing platforms
MLSR076_250: encrypt IVD system data in application on mobile device
MLSR049_423:implement full-device encryption or container encryption to protect confidentiality and integrity of information on mobile devices"
Give me requirements related to Implement cryptography to protect data on mobile device.,MLSR305_132,"MLSR305_132: implement cryptographic protection for all or portions of device data storage locations
MLSR305_133: implement application-level encryption as a additional layer of cryptographic protection
MLSR305_139: use hardware security modules to provide tamper-resistance to perform cryptographic operations
MLSR050_72: encrypt CUI on mobile devices and mobile computing platforms
MLSR076_250: encrypt IVD system data in application on mobile device
MLSR049_423:implement full-device encryption or container encryption to protect confidentiality and integrity of information on mobile devices"
Show me requirements that comply with Implement cryptography to protect data on mobile device.,MLSR305_132,"MLSR305_132: implement cryptographic protection for all or portions of device data storage locations
MLSR305_133: implement application-level encryption as a additional layer of cryptographic protection
MLSR305_139: use hardware security modules to provide tamper-resistance to perform cryptographic operations
MLSR050_72: encrypt CUI on mobile devices and mobile computing platforms
MLSR076_250: encrypt IVD system data in application on mobile device
MLSR049_423:implement full-device encryption or container encryption to protect confidentiality and integrity of information on mobile devices"
Do we have any requirements for Employ mechanism to verify digital signatures for mobile application and OS updates compliance?,MLSR305_76,"MLSR305_76: verify digital signatures on applications to ensure applications are installed from trusted entities
MLSR305_149: ensure application and OS updates are installed from valid source by verifying digital signature
MLSR309_83: ensure MDM Agent only accept digitally signed policies and policy updates
MLSR309_87: ensure MDM Agent prohibit policies installation if policy-signing certificate is deemed invalid"
Fetch requirements mapped to Employ mechanism to verify digital signatures for mobile application and OS updates.,MLSR305_76,"MLSR305_76: verify digital signatures on applications to ensure applications are installed from trusted entities
MLSR305_149: ensure application and OS updates are installed from valid source by verifying digital signature
MLSR309_83: ensure MDM Agent only accept digitally signed policies and policy updates
MLSR309_87: ensure MDM Agent prohibit policies installation if policy-signing certificate is deemed invalid"
What are the requirements for Employ mechanism to verify digital signatures for mobile application and OS updates?,MLSR305_76,"MLSR305_76: verify digital signatures on applications to ensure applications are installed from trusted entities
MLSR305_149: ensure application and OS updates are installed from valid source by verifying digital signature
MLSR309_83: ensure MDM Agent only accept digitally signed policies and policy updates
MLSR309_87: ensure MDM Agent prohibit policies installation if policy-signing certificate is deemed invalid"
Do we have any requirements for Develop feature in system to encrypt sensitive data/images compliance?,MLSR049_242,"MLSR049_242: prevent encrypted information from bypassing content-checking mechanisms
MLSR065_111: encrypt customer system images
MLSR076_132: encrypt file system, back up certificates and store them in secure location
MLSR076_132_1: encrypt backup file or partition as well as backup data when transferred through open networks
MLSR076_132_2: identify and classify sensitive data to apply required encryption
MLSR076_132_3: use industry standard cryptographic algorithms for database encryption
MLSR092_129: encrypt file which contains sensitive information
MLSR310_44: implement encryption for all sensitive data at rest"
Do we have security requirements for Develop feature in system to encrypt sensitive data/images in place?,MLSR049_242,"MLSR049_242: prevent encrypted information from bypassing content-checking mechanisms
MLSR065_111: encrypt customer system images
MLSR076_132: encrypt file system, back up certificates and store them in secure location
MLSR076_132_1: encrypt backup file or partition as well as backup data when transferred through open networks
MLSR076_132_2: identify and classify sensitive data to apply required encryption
MLSR076_132_3: use industry standard cryptographic algorithms for database encryption
MLSR092_129: encrypt file which contains sensitive information
MLSR310_44: implement encryption for all sensitive data at rest"
Do we have any requirements for Develop feature in system to encrypt sensitive data/images compliance?,MLSR049_242,"MLSR049_242: prevent encrypted information from bypassing content-checking mechanisms
MLSR065_111: encrypt customer system images
MLSR076_132: encrypt file system, back up certificates and store them in secure location
MLSR076_132_1: encrypt backup file or partition as well as backup data when transferred through open networks
MLSR076_132_2: identify and classify sensitive data to apply required encryption
MLSR076_132_3: use industry standard cryptographic algorithms for database encryption
MLSR092_129: encrypt file which contains sensitive information
MLSR310_44: implement encryption for all sensitive data at rest"
What are the requirements for Develop feature in system to protect and verify integrity of data/ software/ applications/ documents?,MLSR049_2138,"MLSR049_2138: employ centrally managed integrity verification tools
MLSR049_2131: employ integrity verification tools to detect unauthorized changes to software, firmware, and information
MLSR049_1863: validate integrity of transmitted security attributes
MLSR092_147: have capability to perform integrity check and alert authorized users if any critical impact is flagged
MLSR105_75: verify integrity for incoming data to ensure data is well-formed/compliant with expected protocol
MLSR049_2155: verify integrity of user-installed software prior to execution
MLSR049_2133: perform integrity check of software, firmware and information at defined transitional states 
MLSR049_2216: validate information output from software programs to ensure information is consistent with expected content
MLSR076_191: verify integrity of application and components
MLSR203_81: implement integrity check mechanisms for configurations of product
MLSR092_175: implement mechanism to run integrity check at startup and during updates
MLSR203_50: ensure integrity checks are in place for data 
MLSR049_1963: enforce to load and execute operating environment and applications from hardware-enforced, read-only media
MLSR049_1967: protect integrity of information prior to storage on read-only media
MLSR092_162: implement self-test mechanism at startup and during operation to check device integrity
MLSR043_138: ensure integrity of health data is not tampered for both fixed and removable media
MLSR219_38: ensure integrity of ePHI that it creates, receives, maintains, or transmits
MLSR219_39: protect against any reasonably anticipated threats and hazards to security or integrity of ePHI
MLSR219_108: protect ePHI from improper alteration or destruction
MLSR076_141: implement mechanism to ensure integrity of data transmitted
MLSR076_184: ensure integrity of data stored and processed
MLSR037_630: protect integrity of publicly available health information 
MLSR105_77: protect integrity of data necessary to ensure essential performance of device
MLSR088_99: assure integrity of health data has not been altered or destroyed in non-authorized manner
MLSR105_52:  ensure code, data and execution integrity to reduce patient harm
MLSR065_67: protect integrity of operating system and application software
MLSR074_747: ensure level of trust required in integrity of key documents"
Give me all the requirements linked to Develop feature in system to protect and verify integrity of data/ software/ applications/ documents.,MLSR049_2138,"MLSR049_2138: employ centrally managed integrity verification tools
MLSR049_2131: employ integrity verification tools to detect unauthorized changes to software, firmware, and information
MLSR049_1863: validate integrity of transmitted security attributes
MLSR092_147: have capability to perform integrity check and alert authorized users if any critical impact is flagged
MLSR105_75: verify integrity for incoming data to ensure data is well-formed/compliant with expected protocol
MLSR049_2155: verify integrity of user-installed software prior to execution
MLSR049_2133: perform integrity check of software, firmware and information at defined transitional states 
MLSR049_2216: validate information output from software programs to ensure information is consistent with expected content
MLSR076_191: verify integrity of application and components
MLSR203_81: implement integrity check mechanisms for configurations of product
MLSR092_175: implement mechanism to run integrity check at startup and during updates
MLSR203_50: ensure integrity checks are in place for data 
MLSR049_1963: enforce to load and execute operating environment and applications from hardware-enforced, read-only media
MLSR049_1967: protect integrity of information prior to storage on read-only media
MLSR092_162: implement self-test mechanism at startup and during operation to check device integrity
MLSR043_138: ensure integrity of health data is not tampered for both fixed and removable media
MLSR219_38: ensure integrity of ePHI that it creates, receives, maintains, or transmits
MLSR219_39: protect against any reasonably anticipated threats and hazards to security or integrity of ePHI
MLSR219_108: protect ePHI from improper alteration or destruction
MLSR076_141: implement mechanism to ensure integrity of data transmitted
MLSR076_184: ensure integrity of data stored and processed
MLSR037_630: protect integrity of publicly available health information 
MLSR105_77: protect integrity of data necessary to ensure essential performance of device
MLSR088_99: assure integrity of health data has not been altered or destroyed in non-authorized manner
MLSR105_52:  ensure code, data and execution integrity to reduce patient harm
MLSR065_67: protect integrity of operating system and application software
MLSR074_747: ensure level of trust required in integrity of key documents"
Show me requirements that comply with Develop feature in system to protect and verify integrity of data/ software/ applications/ documents.,MLSR049_2138,"MLSR049_2138: employ centrally managed integrity verification tools
MLSR049_2131: employ integrity verification tools to detect unauthorized changes to software, firmware, and information
MLSR049_1863: validate integrity of transmitted security attributes
MLSR092_147: have capability to perform integrity check and alert authorized users if any critical impact is flagged
MLSR105_75: verify integrity for incoming data to ensure data is well-formed/compliant with expected protocol
MLSR049_2155: verify integrity of user-installed software prior to execution
MLSR049_2133: perform integrity check of software, firmware and information at defined transitional states 
MLSR049_2216: validate information output from software programs to ensure information is consistent with expected content
MLSR076_191: verify integrity of application and components
MLSR203_81: implement integrity check mechanisms for configurations of product
MLSR092_175: implement mechanism to run integrity check at startup and during updates
MLSR203_50: ensure integrity checks are in place for data 
MLSR049_1963: enforce to load and execute operating environment and applications from hardware-enforced, read-only media
MLSR049_1967: protect integrity of information prior to storage on read-only media
MLSR092_162: implement self-test mechanism at startup and during operation to check device integrity
MLSR043_138: ensure integrity of health data is not tampered for both fixed and removable media
MLSR219_38: ensure integrity of ePHI that it creates, receives, maintains, or transmits
MLSR219_39: protect against any reasonably anticipated threats and hazards to security or integrity of ePHI
MLSR219_108: protect ePHI from improper alteration or destruction
MLSR076_141: implement mechanism to ensure integrity of data transmitted
MLSR076_184: ensure integrity of data stored and processed
MLSR037_630: protect integrity of publicly available health information 
MLSR105_77: protect integrity of data necessary to ensure essential performance of device
MLSR088_99: assure integrity of health data has not been altered or destroyed in non-authorized manner
MLSR105_52:  ensure code, data and execution integrity to reduce patient harm
MLSR065_67: protect integrity of operating system and application software
MLSR074_747: ensure level of trust required in integrity of key documents"
Show me requirements that comply with Implement mechanism in system to de-identify sensitive data.,MLSR076_177,"MLSR076_177: implement de-identification of user information logged in audit trail while distributing to other institutions
MLSR043_119: allow user to de-identify health data for various purposes without patient identity
MLSR221_34: implement pseudonymization/ de-identification process to personal data
MLSR049_2421: locate and remove/redact irrelevant PII and use anonymization and de-identification techniques"
Show me security requirements for Implement mechanism in system to de-identify sensitive data.,MLSR076_177,"MLSR076_177: implement de-identification of user information logged in audit trail while distributing to other institutions
MLSR043_119: allow user to de-identify health data for various purposes without patient identity
MLSR221_34: implement pseudonymization/ de-identification process to personal data
MLSR049_2421: locate and remove/redact irrelevant PII and use anonymization and de-identification techniques"
Give me all the requirements linked to Implement mechanism in system to de-identify sensitive data.,MLSR076_177,"MLSR076_177: implement de-identification of user information logged in audit trail while distributing to other institutions
MLSR043_119: allow user to de-identify health data for various purposes without patient identity
MLSR221_34: implement pseudonymization/ de-identification process to personal data
MLSR049_2421: locate and remove/redact irrelevant PII and use anonymization and de-identification techniques"
"I need a requirement for secure Implement digital signatures for software, firmware and network components.",MLSR049_763,"MLSR049_763: use only approved digitally signed certificate for installation of software and firmware components
MLSR076_188: ensure software updates are digitally signed and check origin of certificate
MLSR092_197: set up secure update function to ensure authenticity and integrity for software
MLSR105_67: verify authentication tags such as signatures, MACs of software/firmware content, version numbers, metadata
MLSR105_72: allow installation of cryptographically verified firmware/software updates
MLSR105_73: use ‘whitelisting’ based on digital signatures to verify integrity of software before execution
MLSR016_129: verify authenticity and integrity of any software update cryptographically before installation
MLSR016_135: validate software updates/ software source by implementing message authentication code, digital signature and hash
MLSR055_272: implement digital code signing for binaries to determine owner of file
MLSR102_218: implement code signing for firmware updates to check integrity before installation
MLSR049_1698: employ anti-tamper techniques during multiple phases in system development life cycle
MLSR049_1621: validate that system component received is genuine and has not been altered
MLSR049_1696: implement tamper protection program for system component
MLSR049_1817: protect information integrity during transmission using digital signatures
MLSR049_1887: provide data origin and integrity protection artifacts for internal name/address resolution queries
MLSR049_1889: perform data origin authentication and data integrity verification on name/address resolution responses
MLSR076_139: validate sender and recipient of message using cryptography
MLSR076_190: ensure backup/archive data are digitally signed and check signature during retrieval
MLSR074_762: ensure to use electronic signatures in application service transaction
MLSR092_144: implement mechanisms for non-rejection and authenticity of communications
MLSR016_119: ensure integrity and authenticity of all data communicated over any remote interface
MLSR016_129: enable offline product update mode such that it supports validation of authenticity and integrity
MLSR310_106:  implement digital signature for serialized objects to prevent hostile object creation or data tampering"
"Show me security requirements for Implement digital signatures for software, firmware and network components.",MLSR049_763,"MLSR049_763: use only approved digitally signed certificate for installation of software and firmware components
MLSR076_188: ensure software updates are digitally signed and check origin of certificate
MLSR092_197: set up secure update function to ensure authenticity and integrity for software
MLSR105_67: verify authentication tags such as signatures, MACs of software/firmware content, version numbers, metadata
MLSR105_72: allow installation of cryptographically verified firmware/software updates
MLSR105_73: use ‘whitelisting’ based on digital signatures to verify integrity of software before execution
MLSR016_129: verify authenticity and integrity of any software update cryptographically before installation
MLSR016_135: validate software updates/ software source by implementing message authentication code, digital signature and hash
MLSR055_272: implement digital code signing for binaries to determine owner of file
MLSR102_218: implement code signing for firmware updates to check integrity before installation
MLSR049_1698: employ anti-tamper techniques during multiple phases in system development life cycle
MLSR049_1621: validate that system component received is genuine and has not been altered
MLSR049_1696: implement tamper protection program for system component
MLSR049_1817: protect information integrity during transmission using digital signatures
MLSR049_1887: provide data origin and integrity protection artifacts for internal name/address resolution queries
MLSR049_1889: perform data origin authentication and data integrity verification on name/address resolution responses
MLSR076_139: validate sender and recipient of message using cryptography
MLSR076_190: ensure backup/archive data are digitally signed and check signature during retrieval
MLSR074_762: ensure to use electronic signatures in application service transaction
MLSR092_144: implement mechanisms for non-rejection and authenticity of communications
MLSR016_119: ensure integrity and authenticity of all data communicated over any remote interface
MLSR016_129: enable offline product update mode such that it supports validation of authenticity and integrity
MLSR310_106:  implement digital signature for serialized objects to prevent hostile object creation or data tampering"
"Give me requirements related to Implement digital signatures for software, firmware and network components.",MLSR049_763,"MLSR049_763: use only approved digitally signed certificate for installation of software and firmware components
MLSR076_188: ensure software updates are digitally signed and check origin of certificate
MLSR092_197: set up secure update function to ensure authenticity and integrity for software
MLSR105_67: verify authentication tags such as signatures, MACs of software/firmware content, version numbers, metadata
MLSR105_72: allow installation of cryptographically verified firmware/software updates
MLSR105_73: use ‘whitelisting’ based on digital signatures to verify integrity of software before execution
MLSR016_129: verify authenticity and integrity of any software update cryptographically before installation
MLSR016_135: validate software updates/ software source by implementing message authentication code, digital signature and hash
MLSR055_272: implement digital code signing for binaries to determine owner of file
MLSR102_218: implement code signing for firmware updates to check integrity before installation
MLSR049_1698: employ anti-tamper techniques during multiple phases in system development life cycle
MLSR049_1621: validate that system component received is genuine and has not been altered
MLSR049_1696: implement tamper protection program for system component
MLSR049_1817: protect information integrity during transmission using digital signatures
MLSR049_1887: provide data origin and integrity protection artifacts for internal name/address resolution queries
MLSR049_1889: perform data origin authentication and data integrity verification on name/address resolution responses
MLSR076_139: validate sender and recipient of message using cryptography
MLSR076_190: ensure backup/archive data are digitally signed and check signature during retrieval
MLSR074_762: ensure to use electronic signatures in application service transaction
MLSR092_144: implement mechanisms for non-rejection and authenticity of communications
MLSR016_119: ensure integrity and authenticity of all data communicated over any remote interface
MLSR016_129: enable offline product update mode such that it supports validation of authenticity and integrity
MLSR310_106:  implement digital signature for serialized objects to prevent hostile object creation or data tampering"
Give me all the requirements linked to Develop feature in system to manage keys used by software/ device authenticators.,MLSR302_112,"MLSR302_112: ensure symmetric keys used by OTP authenticators are strongly protected against compromise
MLSR302_129: ensure secret key encapsulated in cryptographic authenticators, is stored in suitable secure storage 
MLSR302_129: protect secret key encapsulated in cryptographic authenticators, by use of access controls that limit access to key to only those software components requiring access
MLSR302_133: ensure challenge nonce presented by cryptographic device authenticators are at least 64 bits in length and use approved cryptography "
Give me all the requirements linked to Develop feature in system to manage keys used by software/ device authenticators.,MLSR302_112,"MLSR302_112: ensure symmetric keys used by OTP authenticators are strongly protected against compromise
MLSR302_129: ensure secret key encapsulated in cryptographic authenticators, is stored in suitable secure storage 
MLSR302_129: protect secret key encapsulated in cryptographic authenticators, by use of access controls that limit access to key to only those software components requiring access
MLSR302_133: ensure challenge nonce presented by cryptographic device authenticators are at least 64 bits in length and use approved cryptography "
Show me requirements that comply with Develop feature in system to manage keys used by software/ device authenticators.,MLSR302_112,"MLSR302_112: ensure symmetric keys used by OTP authenticators are strongly protected against compromise
MLSR302_129: ensure secret key encapsulated in cryptographic authenticators, is stored in suitable secure storage 
MLSR302_129: protect secret key encapsulated in cryptographic authenticators, by use of access controls that limit access to key to only those software components requiring access
MLSR302_133: ensure challenge nonce presented by cryptographic device authenticators are at least 64 bits in length and use approved cryptography "
Show me security requirements for Implement mechanism to secure keys used to protect cardholder data.,MLSR307_108,"MLSR307_108: implement mechanism to protect keys used to secure stored cardholder data against disclosure and misuse
MLSR307_111: ensure secret and private keys is encrypted with a key-encrypting key that is at least as strong as data-encrypting key
MLSR307_111: store key-encrypting key separately from data-encrypting key
MLSR307_111_1: store secret keys within a secure cryptographic device such as HSM or PTS-approved point-of-interaction device
MLSR307_117: ensure to generate strong cryptographic keys to increase level of security of encrypted cardholder data
MLSR307_118: secure cryptographic key distribution by distributing only to custodians who have access
MLSR307_119: secure cryptographic key storage
MLSR307_120: change cryptographic keys that have reached end of their cryptoperiod 
MLSR307_121: replace/ archive/ destroy keys when integrity of key has been weakened or keys are suspected of being compromised
MLSR307_123: implement split knowledge and dual control when manual clear-text cryptographic key-management operations are used
MLSR307_125: prevent unauthorized substitution of cryptographic keys by preventing substitution from unauthorized sources
MLSR307_173: address insecure cryptographic storage by using strong cryptographic algorithms and keys"
Show me security requirements for Implement mechanism to secure keys used to protect cardholder data.,MLSR307_108,"MLSR307_108: implement mechanism to protect keys used to secure stored cardholder data against disclosure and misuse
MLSR307_111: ensure secret and private keys is encrypted with a key-encrypting key that is at least as strong as data-encrypting key
MLSR307_111: store key-encrypting key separately from data-encrypting key
MLSR307_111_1: store secret keys within a secure cryptographic device such as HSM or PTS-approved point-of-interaction device
MLSR307_117: ensure to generate strong cryptographic keys to increase level of security of encrypted cardholder data
MLSR307_118: secure cryptographic key distribution by distributing only to custodians who have access
MLSR307_119: secure cryptographic key storage
MLSR307_120: change cryptographic keys that have reached end of their cryptoperiod 
MLSR307_121: replace/ archive/ destroy keys when integrity of key has been weakened or keys are suspected of being compromised
MLSR307_123: implement split knowledge and dual control when manual clear-text cryptographic key-management operations are used
MLSR307_125: prevent unauthorized substitution of cryptographic keys by preventing substitution from unauthorized sources
MLSR307_173: address insecure cryptographic storage by using strong cryptographic algorithms and keys"
What are the requirements for Implement mechanism to secure keys used to protect cardholder data?,MLSR307_108,"MLSR307_108: implement mechanism to protect keys used to secure stored cardholder data against disclosure and misuse
MLSR307_111: ensure secret and private keys is encrypted with a key-encrypting key that is at least as strong as data-encrypting key
MLSR307_111: store key-encrypting key separately from data-encrypting key
MLSR307_111_1: store secret keys within a secure cryptographic device such as HSM or PTS-approved point-of-interaction device
MLSR307_117: ensure to generate strong cryptographic keys to increase level of security of encrypted cardholder data
MLSR307_118: secure cryptographic key distribution by distributing only to custodians who have access
MLSR307_119: secure cryptographic key storage
MLSR307_120: change cryptographic keys that have reached end of their cryptoperiod 
MLSR307_121: replace/ archive/ destroy keys when integrity of key has been weakened or keys are suspected of being compromised
MLSR307_123: implement split knowledge and dual control when manual clear-text cryptographic key-management operations are used
MLSR307_125: prevent unauthorized substitution of cryptographic keys by preventing substitution from unauthorized sources
MLSR307_173: address insecure cryptographic storage by using strong cryptographic algorithms and keys"
What are the requirements for Develop feature in system to prevent unauthorized access and modification of cryptographic keys?,MLSR049_1834,"MLSR049_1834: manage cryptographic keys including key generation, distribution, storage, access and destruction
MLSR049_1838: produce, control, and distribute symmetric cryptographic keys using NIST FIPS-compliant and NSA-approved process
MLSR049_1839: produce, control, and distribute asymmetric cryptographic keys using NSA-approved process
MLSR065_108: implement security controls for using keys to sign and encrypt data
MLSR065_109: ensure procedures are in place to handle situation when key is compromised
MLSR065_110: implement key revocation to deal with simultaneity issues for multiple sites
MLSR065_119: implement security mechanism to protect keys stored on cloud 
MLSR065_128: ensure authentication and cryptographic keys are not contained within customer system images
MLSR050_199: implement and manage cryptographic keys employed in system
MLSR074_384: ensure cryptographic keys are protected against modification and loss
MLSR080_482: ensure cryptographic keys are long enough
MLSR092_173: ensure to provide cryptographic key (One Key, One use) during installation
MLSR055_378: backup cryptographic keys along with software and hardware for emergency recovery needs
MLSR105_79: use unique per device cryptographically secure key to prevent leveraging knowledge of one key to access multitude of devices
MLSR016_125: use separate cryptographic key for each service, operation or function 
MLSR302_136: ensure both symmetric and asymmetric cryptographic keys are protected against modification
MLSR302_136: ensure symmetric keys are additionally protected against unauthorized disclosure
"
I need a requirement for secure Develop feature in system to prevent unauthorized access and modification of cryptographic keys.,MLSR049_1834,"MLSR049_1834: manage cryptographic keys including key generation, distribution, storage, access and destruction
MLSR049_1838: produce, control, and distribute symmetric cryptographic keys using NIST FIPS-compliant and NSA-approved process
MLSR049_1839: produce, control, and distribute asymmetric cryptographic keys using NSA-approved process
MLSR065_108: implement security controls for using keys to sign and encrypt data
MLSR065_109: ensure procedures are in place to handle situation when key is compromised
MLSR065_110: implement key revocation to deal with simultaneity issues for multiple sites
MLSR065_119: implement security mechanism to protect keys stored on cloud 
MLSR065_128: ensure authentication and cryptographic keys are not contained within customer system images
MLSR050_199: implement and manage cryptographic keys employed in system
MLSR074_384: ensure cryptographic keys are protected against modification and loss
MLSR080_482: ensure cryptographic keys are long enough
MLSR092_173: ensure to provide cryptographic key (One Key, One use) during installation
MLSR055_378: backup cryptographic keys along with software and hardware for emergency recovery needs
MLSR105_79: use unique per device cryptographically secure key to prevent leveraging knowledge of one key to access multitude of devices
MLSR016_125: use separate cryptographic key for each service, operation or function 
MLSR302_136: ensure both symmetric and asymmetric cryptographic keys are protected against modification
MLSR302_136: ensure symmetric keys are additionally protected against unauthorized disclosure
"
Show me security requirements for Develop feature in system to prevent unauthorized access and modification of cryptographic keys.,MLSR049_1834,"MLSR049_1834: manage cryptographic keys including key generation, distribution, storage, access and destruction
MLSR049_1838: produce, control, and distribute symmetric cryptographic keys using NIST FIPS-compliant and NSA-approved process
MLSR049_1839: produce, control, and distribute asymmetric cryptographic keys using NSA-approved process
MLSR065_108: implement security controls for using keys to sign and encrypt data
MLSR065_109: ensure procedures are in place to handle situation when key is compromised
MLSR065_110: implement key revocation to deal with simultaneity issues for multiple sites
MLSR065_119: implement security mechanism to protect keys stored on cloud 
MLSR065_128: ensure authentication and cryptographic keys are not contained within customer system images
MLSR050_199: implement and manage cryptographic keys employed in system
MLSR074_384: ensure cryptographic keys are protected against modification and loss
MLSR080_482: ensure cryptographic keys are long enough
MLSR092_173: ensure to provide cryptographic key (One Key, One use) during installation
MLSR055_378: backup cryptographic keys along with software and hardware for emergency recovery needs
MLSR105_79: use unique per device cryptographically secure key to prevent leveraging knowledge of one key to access multitude of devices
MLSR016_125: use separate cryptographic key for each service, operation or function 
MLSR302_136: ensure both symmetric and asymmetric cryptographic keys are protected against modification
MLSR302_136: ensure symmetric keys are additionally protected against unauthorized disclosure
"
"Do we have any requirements for Implement mechanism to validate digital certificates, ensure authenticity and integrity compliance?",MLSR049_1866,"MLSR049_1866: obtain public key certificates from an approved service provider
MLSR049_1884: enable verification of a chain of trust among parent and child domains
MLSR049_2161: implement cryptographic mechanisms to authenticate components prior to installation using approved certificates
MLSR203_80: ensure credentials and certificates are changeable for all the services used  
MLSR055_346: consider use of high assurance certificate to provide added assurance to online users
MLSR049_1905: allow use of certificate authorities for verification of protected sessions"
"I need a requirement for secure Implement mechanism to validate digital certificates, ensure authenticity and integrity.",MLSR049_1866,"MLSR049_1866: obtain public key certificates from an approved service provider
MLSR049_1884: enable verification of a chain of trust among parent and child domains
MLSR049_2161: implement cryptographic mechanisms to authenticate components prior to installation using approved certificates
MLSR203_80: ensure credentials and certificates are changeable for all the services used  
MLSR055_346: consider use of high assurance certificate to provide added assurance to online users
MLSR049_1905: allow use of certificate authorities for verification of protected sessions"
"Do we have any requirements for Implement mechanism to validate digital certificates, ensure authenticity and integrity compliance?",MLSR049_1866,"MLSR049_1866: obtain public key certificates from an approved service provider
MLSR049_1884: enable verification of a chain of trust among parent and child domains
MLSR049_2161: implement cryptographic mechanisms to authenticate components prior to installation using approved certificates
MLSR203_80: ensure credentials and certificates are changeable for all the services used  
MLSR055_346: consider use of high assurance certificate to provide added assurance to online users
MLSR049_1905: allow use of certificate authorities for verification of protected sessions"
Show me requirements that comply with Develop feature in bluetooth device to protect integrity and confidentiality.,MLSR304_36,"MLSR304_36: use P-256 Elliptic Curve for link key generation in bluetooth classic module when bluetooth (classic) version is above 4.1
MLSR304_37: use HMAC-SHA-256 and AES-CCM encryption to protect message integrity when bluetooth version is above 4.1
MLSR304_46: use ECDH public key cryptography for protection against passive eavesdropping and MITM attacks during pairing of bluetooth (classic) devices
MLSR304_63: enforce master device to set “minimum acceptable” encryption key size parameter to slave device, to prevent driving key size down to minimum of 1 byte
MLSR304_65: implement application-level FIPS-approved encryption over native Bluetooth encryption
MLSR304_70: implement security mode 4 with Service Level 4 in bluetooth(classic) to provide MITM protection and encryption 
MLSR304_74: ensure one BLE device determines LTK and securely sends it to other device during pairing instead of both devices generating same key individually
MLSR304_75:  implement low energy Secure Connections feature using FIPS approved AES-CMAC and P-256 BLE version is 4.2 or above
MLSR304_77: verify cryptographically-signed ATT data frames from bluetooth device over unencrypted links using CSRK
MLSR304_86: generate 128 bit unique random number for TK when both devices support OOB for BLE pairing
MLSR304_89:  use unique, random passkey for each BLE device pairing to provide protection across multiple pairings
MLSR304_159:  implement link encryption to secure all data transmissions during bluetooth connection
MLSR304_118: securely store link key to protect from unauthorized access
MLSR304_163: configure encryption key sizes to maximum allowable to provide protection from brute force attacks
"
Give me all the requirements linked to Develop feature in bluetooth device to protect integrity and confidentiality.,MLSR304_36,"MLSR304_36: use P-256 Elliptic Curve for link key generation in bluetooth classic module when bluetooth (classic) version is above 4.1
MLSR304_37: use HMAC-SHA-256 and AES-CCM encryption to protect message integrity when bluetooth version is above 4.1
MLSR304_46: use ECDH public key cryptography for protection against passive eavesdropping and MITM attacks during pairing of bluetooth (classic) devices
MLSR304_63: enforce master device to set “minimum acceptable” encryption key size parameter to slave device, to prevent driving key size down to minimum of 1 byte
MLSR304_65: implement application-level FIPS-approved encryption over native Bluetooth encryption
MLSR304_70: implement security mode 4 with Service Level 4 in bluetooth(classic) to provide MITM protection and encryption 
MLSR304_74: ensure one BLE device determines LTK and securely sends it to other device during pairing instead of both devices generating same key individually
MLSR304_75:  implement low energy Secure Connections feature using FIPS approved AES-CMAC and P-256 BLE version is 4.2 or above
MLSR304_77: verify cryptographically-signed ATT data frames from bluetooth device over unencrypted links using CSRK
MLSR304_86: generate 128 bit unique random number for TK when both devices support OOB for BLE pairing
MLSR304_89:  use unique, random passkey for each BLE device pairing to provide protection across multiple pairings
MLSR304_159:  implement link encryption to secure all data transmissions during bluetooth connection
MLSR304_118: securely store link key to protect from unauthorized access
MLSR304_163: configure encryption key sizes to maximum allowable to provide protection from brute force attacks
"
Show me security requirements for Develop feature in bluetooth device to protect integrity and confidentiality.,MLSR304_36,"MLSR304_36: use P-256 Elliptic Curve for link key generation in bluetooth classic module when bluetooth (classic) version is above 4.1
MLSR304_37: use HMAC-SHA-256 and AES-CCM encryption to protect message integrity when bluetooth version is above 4.1
MLSR304_46: use ECDH public key cryptography for protection against passive eavesdropping and MITM attacks during pairing of bluetooth (classic) devices
MLSR304_63: enforce master device to set “minimum acceptable” encryption key size parameter to slave device, to prevent driving key size down to minimum of 1 byte
MLSR304_65: implement application-level FIPS-approved encryption over native Bluetooth encryption
MLSR304_70: implement security mode 4 with Service Level 4 in bluetooth(classic) to provide MITM protection and encryption 
MLSR304_74: ensure one BLE device determines LTK and securely sends it to other device during pairing instead of both devices generating same key individually
MLSR304_75:  implement low energy Secure Connections feature using FIPS approved AES-CMAC and P-256 BLE version is 4.2 or above
MLSR304_77: verify cryptographically-signed ATT data frames from bluetooth device over unencrypted links using CSRK
MLSR304_86: generate 128 bit unique random number for TK when both devices support OOB for BLE pairing
MLSR304_89:  use unique, random passkey for each BLE device pairing to provide protection across multiple pairings
MLSR304_159:  implement link encryption to secure all data transmissions during bluetooth connection
MLSR304_118: securely store link key to protect from unauthorized access
MLSR304_163: configure encryption key sizes to maximum allowable to provide protection from brute force attacks
"
Do we have any requirements for Develop feature in mobile device to verify integrity of boot process compliance?,MLSR305_147,MLSR305_147: implement boot validation to verify if device is in known working state
I need a requirement for secure Develop feature in mobile device to verify integrity of boot process.,MLSR305_147,MLSR305_147: implement boot validation to verify if device is in known working state
Give me requirements related to Develop feature in mobile device to verify integrity of boot process.,MLSR305_147,MLSR305_147: implement boot validation to verify if device is in known working state
Give me requirements related to Develop feature in system to verify integrity of boot process.,MLSR049_2149,"MLSR049_2149: verify integrity of boot process of devices
MLSR049_2151: verifying authenticity of all updates to boot firmware prior to applying changes
MLSR092_160: check integrity and authenticity of device's software and sensitive data at startup and during operation"
Give me all the requirements linked to Develop feature in system to verify integrity of boot process.,MLSR049_2149,"MLSR049_2149: verify integrity of boot process of devices
MLSR049_2151: verifying authenticity of all updates to boot firmware prior to applying changes
MLSR092_160: check integrity and authenticity of device's software and sensitive data at startup and during operation"
Give me requirements related to Develop feature in system to verify integrity of boot process.,MLSR049_2149,"MLSR049_2149: verify integrity of boot process of devices
MLSR049_2151: verifying authenticity of all updates to boot firmware prior to applying changes
MLSR092_160: check integrity and authenticity of device's software and sensitive data at startup and during operation"
Show me security requirements for Employ mechanism to verify integrity of hardware components.,MLSR049_1969,"MLSR049_1574: implement integrity verification of hardware components through hard-to-copy labels, verifiable serial numbers and anti-tampering technologies
MLSR049_1969: employ hardware-based, write-protect for firmware components
MLSR049_1970: disable hardware write-protect for firmware modifications
MLSR049_2220: implement hardware-enforced protection of memory from unauthorized code execution
MLSR302_132: ensure single-factor cryptographic device authenticators encapsulate secret keys unique to device that is not be exportable or alternatively use hardware TPM
"
Do we have any requirements for Employ mechanism to verify integrity of hardware components compliance?,MLSR049_1969,"MLSR049_1574: implement integrity verification of hardware components through hard-to-copy labels, verifiable serial numbers and anti-tampering technologies
MLSR049_1969: employ hardware-based, write-protect for firmware components
MLSR049_1970: disable hardware write-protect for firmware modifications
MLSR049_2220: implement hardware-enforced protection of memory from unauthorized code execution
MLSR302_132: ensure single-factor cryptographic device authenticators encapsulate secret keys unique to device that is not be exportable or alternatively use hardware TPM
"
Show me requirements that comply with Employ mechanism to verify integrity of hardware components.,MLSR049_1969,"MLSR049_1574: implement integrity verification of hardware components through hard-to-copy labels, verifiable serial numbers and anti-tampering technologies
MLSR049_1969: employ hardware-based, write-protect for firmware components
MLSR049_1970: disable hardware write-protect for firmware modifications
MLSR049_2220: implement hardware-enforced protection of memory from unauthorized code execution
MLSR302_132: ensure single-factor cryptographic device authenticators encapsulate secret keys unique to device that is not be exportable or alternatively use hardware TPM
"
Show me requirements that comply with Implement baseline configuration  to system components that are up-to-date.,MLSR049_720,"MLSR049_720: update baseline configuration as part of component installations and upgrades
MLSR049_722: maintain up-to-date baseline configuration
MLSR049_724: retain previous versions of baseline configurations to support rollback
MLSR049_728: maintain operational baseline configuration separately from baseline configuration of development and test environments
MLSR049_731: issue system components and devices with defined configurations to individuals on travel to risk locations
MLSR050_99: establish and maintain baseline configurations throughout system development life cycle
MLSR050_100: establish and enforce security configuration settings"
Fetch requirements mapped to Implement baseline configuration  to system components that are up-to-date.,MLSR049_720,"MLSR049_720: update baseline configuration as part of component installations and upgrades
MLSR049_722: maintain up-to-date baseline configuration
MLSR049_724: retain previous versions of baseline configurations to support rollback
MLSR049_728: maintain operational baseline configuration separately from baseline configuration of development and test environments
MLSR049_731: issue system components and devices with defined configurations to individuals on travel to risk locations
MLSR050_99: establish and maintain baseline configurations throughout system development life cycle
MLSR050_100: establish and enforce security configuration settings"
I need a requirement for Implement baseline configuration  to system components that are up-to-date.,MLSR049_720,"MLSR049_720: update baseline configuration as part of component installations and upgrades
MLSR049_722: maintain up-to-date baseline configuration
MLSR049_724: retain previous versions of baseline configurations to support rollback
MLSR049_728: maintain operational baseline configuration separately from baseline configuration of development and test environments
MLSR049_731: issue system components and devices with defined configurations to individuals on travel to risk locations
MLSR050_99: establish and maintain baseline configurations throughout system development life cycle
MLSR050_100: establish and enforce security configuration settings"
"Give me all the requirements linked to Develop, design, update and review information security architecture for system .",MLSR049_1418,"MLSR049_1418: develop security architecture in line with protecting confidentiality, integrity and availability of information
MLSR049_1419: periodically review and update information security architecture
MLSR049_1422: design security architecture using defense-in-depth approach
MLSR049_1424: enforce security safeguards allocated to architectural layers are obtained from different suppliers
MLSR049_1677: produce a design specification and security architecture that completely describes required security functionality
MLSR049_1681: define security-relevant hardware, software and firmware and ensure completeness
MLSR049_1689: structure security-relevant hardware, software and firmware and implement protection with defined semantics
MLSR049_1691: structure security-relevant hardware, software, and firmware to facilitate testing
MLSR049_1693: structure security-relevant hardware, software, and firmware to facilitate controlling access with least privilege
MLSR105_94: design system to anticipate need for software patches and updates
MLSR105_95: design system to facilitate rapid verification, validation, and testing of patches and updates
MLSR105_96: design system to facilitate rapid deployment of patches and updates
MLSR310_89:  design segmented application architecture to provide secure separation between components"
"Give me requirements related to Develop, design, update and review information security architecture for system .",MLSR049_1418,"MLSR049_1418: develop security architecture in line with protecting confidentiality, integrity and availability of information
MLSR049_1419: periodically review and update information security architecture
MLSR049_1422: design security architecture using defense-in-depth approach
MLSR049_1424: enforce security safeguards allocated to architectural layers are obtained from different suppliers
MLSR049_1677: produce a design specification and security architecture that completely describes required security functionality
MLSR049_1681: define security-relevant hardware, software and firmware and ensure completeness
MLSR049_1689: structure security-relevant hardware, software and firmware and implement protection with defined semantics
MLSR049_1691: structure security-relevant hardware, software, and firmware to facilitate testing
MLSR049_1693: structure security-relevant hardware, software, and firmware to facilitate controlling access with least privilege
MLSR105_94: design system to anticipate need for software patches and updates
MLSR105_95: design system to facilitate rapid verification, validation, and testing of patches and updates
MLSR105_96: design system to facilitate rapid deployment of patches and updates
MLSR310_89:  design segmented application architecture to provide secure separation between components"
"I need a requirement for Develop, design, update and review information security architecture for system .",MLSR049_1418,"MLSR049_1418: develop security architecture in line with protecting confidentiality, integrity and availability of information
MLSR049_1419: periodically review and update information security architecture
MLSR049_1422: design security architecture using defense-in-depth approach
MLSR049_1424: enforce security safeguards allocated to architectural layers are obtained from different suppliers
MLSR049_1677: produce a design specification and security architecture that completely describes required security functionality
MLSR049_1681: define security-relevant hardware, software and firmware and ensure completeness
MLSR049_1689: structure security-relevant hardware, software and firmware and implement protection with defined semantics
MLSR049_1691: structure security-relevant hardware, software, and firmware to facilitate testing
MLSR049_1693: structure security-relevant hardware, software, and firmware to facilitate controlling access with least privilege
MLSR105_94: design system to anticipate need for software patches and updates
MLSR105_95: design system to facilitate rapid verification, validation, and testing of patches and updates
MLSR105_96: design system to facilitate rapid deployment of patches and updates
MLSR310_89:  design segmented application architecture to provide secure separation between components"
Show me requirements that comply with Develop platform-independent applications to achieve diversity of technologies.,MLSR049_1921,"MLSR049_1921: implement platform-independent applications that can run on multiple platforms 
MLSR049_1933: implement diverse set of information technologies for system components
MLSR049_1935: employ virtualization techniques to support deployment of diversity of operating systems and applications"
Fetch requirements mapped to Develop platform-independent applications to achieve diversity of technologies.,MLSR049_1921,"MLSR049_1921: implement platform-independent applications that can run on multiple platforms 
MLSR049_1933: implement diverse set of information technologies for system components
MLSR049_1935: employ virtualization techniques to support deployment of diversity of operating systems and applications"
Fetch requirements mapped to Develop platform-independent applications to achieve diversity of technologies.,MLSR049_1921,"MLSR049_1921: implement platform-independent applications that can run on multiple platforms 
MLSR049_1933: implement diverse set of information technologies for system components
MLSR049_1935: employ virtualization techniques to support deployment of diversity of operating systems and applications"
Do we have security requirements for Implement configuration change control to track and review changes in system in place?,MLSR049_735,"MLSR049_735: approve or disapprove proposed configuration-controlled changes with explicit consideration for security impact analyses
MLSR049_735_1: implement approved configuration-controlled changes to system
MLSR049_735_2: retain records of configuration-controlled changes to system for defined time period
MLSR049_739: validate changes to system before implementing changes on operational system
MLSR049_741: implement changes to current baseline and deploy updated baseline across installed base
MLSR080_695: use host configuration management tools to manage resources and control access to systems
MLSR080_695: use host configuration management tools to set general level of security for each host on network
MLSR079_979: employ configuration change management practices on barrier device
MLSR050_102: implement configuration change control to track, review, approve or disapprove and log changes
MLSR049_1706: maintain configuration control over system components awaiting service/repair
MLSR055_312: review security configuration of server
MLSR105_99: allow retention and recovery of device configuration by authenticated privileged user
MLSR049_811: include assessed component configurations and approved deviations to current deployed configurations
MLSR049_773: implement configuration settings using defined checklist and control deviation of changes
MLSR049_778: centrally manage, apply and verify configuration settings for system components
MLSR049_1578: maintain integrity between master build and on-site master copy of data for current version
MLSR049_746: ensure cryptographic mechanism used to provide defined security safeguards are under configuration management
MLSR203_79: ensure delivered configuration for product is secure by default
MLSR049_1580: ensure hardware, software, and firmware updates are distributed exactly as specified by master copies
MLSR049_780: respond changes to configuration settings by alerting authorized personnel and restore previous configuration
MLSR049_744: implement security responses if baseline configurations are changed in an unauthorized manner
MLSR049_738: employ automated mechanism to document, notify and highlight proposed changes to information system
MLSR049_738: employ automated mechanism to prohibit changes to information system until designated approvals are received, and document all changes to information system"
Do we have any requirements for Implement configuration change control to track and review changes in system compliance?,MLSR049_735,"MLSR049_735: approve or disapprove proposed configuration-controlled changes with explicit consideration for security impact analyses
MLSR049_735_1: implement approved configuration-controlled changes to system
MLSR049_735_2: retain records of configuration-controlled changes to system for defined time period
MLSR049_739: validate changes to system before implementing changes on operational system
MLSR049_741: implement changes to current baseline and deploy updated baseline across installed base
MLSR080_695: use host configuration management tools to manage resources and control access to systems
MLSR080_695: use host configuration management tools to set general level of security for each host on network
MLSR079_979: employ configuration change management practices on barrier device
MLSR050_102: implement configuration change control to track, review, approve or disapprove and log changes
MLSR049_1706: maintain configuration control over system components awaiting service/repair
MLSR055_312: review security configuration of server
MLSR105_99: allow retention and recovery of device configuration by authenticated privileged user
MLSR049_811: include assessed component configurations and approved deviations to current deployed configurations
MLSR049_773: implement configuration settings using defined checklist and control deviation of changes
MLSR049_778: centrally manage, apply and verify configuration settings for system components
MLSR049_1578: maintain integrity between master build and on-site master copy of data for current version
MLSR049_746: ensure cryptographic mechanism used to provide defined security safeguards are under configuration management
MLSR203_79: ensure delivered configuration for product is secure by default
MLSR049_1580: ensure hardware, software, and firmware updates are distributed exactly as specified by master copies
MLSR049_780: respond changes to configuration settings by alerting authorized personnel and restore previous configuration
MLSR049_744: implement security responses if baseline configurations are changed in an unauthorized manner
MLSR049_738: employ automated mechanism to document, notify and highlight proposed changes to information system
MLSR049_738: employ automated mechanism to prohibit changes to information system until designated approvals are received, and document all changes to information system"
Show me security requirements for Implement configuration change control to track and review changes in system.,MLSR049_735,"MLSR049_735: approve or disapprove proposed configuration-controlled changes with explicit consideration for security impact analyses
MLSR049_735_1: implement approved configuration-controlled changes to system
MLSR049_735_2: retain records of configuration-controlled changes to system for defined time period
MLSR049_739: validate changes to system before implementing changes on operational system
MLSR049_741: implement changes to current baseline and deploy updated baseline across installed base
MLSR080_695: use host configuration management tools to manage resources and control access to systems
MLSR080_695: use host configuration management tools to set general level of security for each host on network
MLSR079_979: employ configuration change management practices on barrier device
MLSR050_102: implement configuration change control to track, review, approve or disapprove and log changes
MLSR049_1706: maintain configuration control over system components awaiting service/repair
MLSR055_312: review security configuration of server
MLSR105_99: allow retention and recovery of device configuration by authenticated privileged user
MLSR049_811: include assessed component configurations and approved deviations to current deployed configurations
MLSR049_773: implement configuration settings using defined checklist and control deviation of changes
MLSR049_778: centrally manage, apply and verify configuration settings for system components
MLSR049_1578: maintain integrity between master build and on-site master copy of data for current version
MLSR049_746: ensure cryptographic mechanism used to provide defined security safeguards are under configuration management
MLSR203_79: ensure delivered configuration for product is secure by default
MLSR049_1580: ensure hardware, software, and firmware updates are distributed exactly as specified by master copies
MLSR049_780: respond changes to configuration settings by alerting authorized personnel and restore previous configuration
MLSR049_744: implement security responses if baseline configurations are changed in an unauthorized manner
MLSR049_738: employ automated mechanism to document, notify and highlight proposed changes to information system
MLSR049_738: employ automated mechanism to prohibit changes to information system until designated approvals are received, and document all changes to information system"
Fetch requirements mapped to Employ mechanisms to maintain backup of information to recover during system failures.,MLSR049_910,"MLSR049_583: backup audit records in separate physical system other than that being audited 
MLSR049_910: conduct backup of user-level and system-level  information and security related documentations
MLSR076_69:  implement appropriate backup mechanism as needed
MLSR074_579: backup copies information, software and system images and test regularly in accordance with agreed backup policy
MLSR074_584: build capability for full/differential backup and frequency of backups as required
MLSR074_624: archive old versions of software together with all required information and parameters
MLSR076_175: have capability to archive audit information and archiving time is defined by vendor
MLSR037_490: backup all PHI and store in physically secure environment
MLSR092_209: have capability to transfer data and recover it for storage or reuse before erasing data
MLSR307_302: periodically back up audit trail files to centralized log server, to keep logs protected even if system generating logs becomes compromised"
Do we have any requirements for Employ mechanisms to maintain backup of information to recover during system failures compliance?,MLSR049_910,"MLSR049_583: backup audit records in separate physical system other than that being audited 
MLSR049_910: conduct backup of user-level and system-level  information and security related documentations
MLSR076_69:  implement appropriate backup mechanism as needed
MLSR074_579: backup copies information, software and system images and test regularly in accordance with agreed backup policy
MLSR074_584: build capability for full/differential backup and frequency of backups as required
MLSR074_624: archive old versions of software together with all required information and parameters
MLSR076_175: have capability to archive audit information and archiving time is defined by vendor
MLSR037_490: backup all PHI and store in physically secure environment
MLSR092_209: have capability to transfer data and recover it for storage or reuse before erasing data
MLSR307_302: periodically back up audit trail files to centralized log server, to keep logs protected even if system generating logs becomes compromised"
I need a requirement for Employ mechanisms to maintain backup of information to recover during system failures.,MLSR049_910,"MLSR049_583: backup audit records in separate physical system other than that being audited 
MLSR049_910: conduct backup of user-level and system-level  information and security related documentations
MLSR076_69:  implement appropriate backup mechanism as needed
MLSR074_579: backup copies information, software and system images and test regularly in accordance with agreed backup policy
MLSR074_584: build capability for full/differential backup and frequency of backups as required
MLSR074_624: archive old versions of software together with all required information and parameters
MLSR076_175: have capability to archive audit information and archiving time is defined by vendor
MLSR037_490: backup all PHI and store in physically secure environment
MLSR092_209: have capability to transfer data and recover it for storage or reuse before erasing data
MLSR307_302: periodically back up audit trail files to centralized log server, to keep logs protected even if system generating logs becomes compromised"
I need a requirement for Configure retention period for backup of information in system.,MLSR074_591,"MLSR074_591: define retention period for archived copies
MLSR074_1032: define retention schedule for identifying records and period of time for which they should be retained
MLSR221_267: retain personal data only as long as necessary"
Show me requirements that comply with Configure retention period for backup of information in system.,MLSR074_591,"MLSR074_591: define retention period for archived copies
MLSR074_1032: define retention schedule for identifying records and period of time for which they should be retained
MLSR221_267: retain personal data only as long as necessary"
I need a requirement for Configure retention period for backup of information in system.,MLSR074_591,"MLSR074_591: define retention period for archived copies
MLSR074_1032: define retention schedule for identifying records and period of time for which they should be retained
MLSR221_267: retain personal data only as long as necessary"
Show me security requirements for Employ mechanisms to protect confidentiality of backup to prevent unauthorized modification.,MLSR050_153,"MLSR050_153: protect confidentiality of backup CUI at storage locations
MLSR074_588: ensure backups are protected by means of encryption
MLSR203_72: ensure secure mechanisms for standard backup and restore procedures
MLSR037_490_1: ensure PHI are backed up in encrypted format to protect the confidentiality
MLSR049_935: protect backup and restoration of hardware, firmware and software
MLSR076_199: maintain secure backup and restore mechanism to create retrievable copy of system data
MLSR074_586: provide appropriate level of physical and environmental protection to backup information"
What are the requirements for Employ mechanisms to protect confidentiality of backup to prevent unauthorized modification?,MLSR050_153,"MLSR050_153: protect confidentiality of backup CUI at storage locations
MLSR074_588: ensure backups are protected by means of encryption
MLSR203_72: ensure secure mechanisms for standard backup and restore procedures
MLSR037_490_1: ensure PHI are backed up in encrypted format to protect the confidentiality
MLSR049_935: protect backup and restoration of hardware, firmware and software
MLSR076_199: maintain secure backup and restore mechanism to create retrievable copy of system data
MLSR074_586: provide appropriate level of physical and environmental protection to backup information"
Give me requirements related to Employ mechanisms to protect confidentiality of backup to prevent unauthorized modification.,MLSR050_153,"MLSR050_153: protect confidentiality of backup CUI at storage locations
MLSR074_588: ensure backups are protected by means of encryption
MLSR203_72: ensure secure mechanisms for standard backup and restore procedures
MLSR037_490_1: ensure PHI are backed up in encrypted format to protect the confidentiality
MLSR049_935: protect backup and restoration of hardware, firmware and software
MLSR076_199: maintain secure backup and restore mechanism to create retrievable copy of system data
MLSR074_586: provide appropriate level of physical and environmental protection to backup information"
What are the requirements for Employ code analysis tools to identify security flaws ?,MLSR049_1586,"MLSR049_1586: employ static code analysis tools to identify common flaws
MLSR049_1600: employ dynamic code analysis tools to identify common flaws
MLSR092_159: ensure that test coverage is maximum and eliminate dead code
MLSR076_332: identify and avoid unsafe application programming interface calls"
Give me all the requirements linked to Employ code analysis tools to identify security flaws .,MLSR049_1586,"MLSR049_1586: employ static code analysis tools to identify common flaws
MLSR049_1600: employ dynamic code analysis tools to identify common flaws
MLSR092_159: ensure that test coverage is maximum and eliminate dead code
MLSR076_332: identify and avoid unsafe application programming interface calls"
Show me requirements that comply with Employ code analysis tools to identify security flaws .,MLSR049_1586,"MLSR049_1586: employ static code analysis tools to identify common flaws
MLSR049_1600: employ dynamic code analysis tools to identify common flaws
MLSR092_159: ensure that test coverage is maximum and eliminate dead code
MLSR076_332: identify and avoid unsafe application programming interface calls"
Do we have security requirements for Implement hardware separation mechanism to minimize vulnerabilities in place?,MLSR049_1739,"MLSR049_1739: implement security function isolation using hardware separation
MLSR049_1992: implement hardware separation mechanisms to facilitate process separation"
Do we have security requirements for Implement hardware separation mechanism to minimize vulnerabilities in place?,MLSR049_1739,"MLSR049_1739: implement security function isolation using hardware separation
MLSR049_1992: implement hardware separation mechanisms to facilitate process separation"
Show me security requirements for Implement hardware separation mechanism to minimize vulnerabilities.,MLSR049_1739,"MLSR049_1739: implement security function isolation using hardware separation
MLSR049_1992: implement hardware separation mechanisms to facilitate process separation"
I need a requirement for secure Implement best practices during design and development for microservices.,MLSR311_6,"MLSR311_6: design each microservice such that it is managed, replicated, scaled, upgraded, and deployed independently of other microservices
MLSR311_7: design each microservice such that it has a single function and operates in a bounded context 
MLSR311_8:  design all microservices to be stateless in order to handle constant failure and recovery
MLSR311_9:  reuse existing trusted services such as databases, caches, directories for state management
MLSR311_11: ensure microservice-based applications are highly scalable to maintain availability
MLSR311_31: implement Blue/Green deployments such that when a new version of a microservice is deployed, requests from customers using old version can be redirected to new version
MLSR311_114: implement canary releases such that only a limited number of requests are routed to the new version after it is brought online
MLSR311_115: route traffic through API gateway for both existing version and new version of service, to monitor risk associated with canary release


"
Do we have any requirements for Implement best practices during design and development for microservices compliance?,MLSR311_6,"MLSR311_6: design each microservice such that it is managed, replicated, scaled, upgraded, and deployed independently of other microservices
MLSR311_7: design each microservice such that it has a single function and operates in a bounded context 
MLSR311_8:  design all microservices to be stateless in order to handle constant failure and recovery
MLSR311_9:  reuse existing trusted services such as databases, caches, directories for state management
MLSR311_11: ensure microservice-based applications are highly scalable to maintain availability
MLSR311_31: implement Blue/Green deployments such that when a new version of a microservice is deployed, requests from customers using old version can be redirected to new version
MLSR311_114: implement canary releases such that only a limited number of requests are routed to the new version after it is brought online
MLSR311_115: route traffic through API gateway for both existing version and new version of service, to monitor risk associated with canary release


"
Show me security requirements for Implement best practices during design and development for microservices.,MLSR311_6,"MLSR311_6: design each microservice such that it is managed, replicated, scaled, upgraded, and deployed independently of other microservices
MLSR311_7: design each microservice such that it has a single function and operates in a bounded context 
MLSR311_8:  design all microservices to be stateless in order to handle constant failure and recovery
MLSR311_9:  reuse existing trusted services such as databases, caches, directories for state management
MLSR311_11: ensure microservice-based applications are highly scalable to maintain availability
MLSR311_31: implement Blue/Green deployments such that when a new version of a microservice is deployed, requests from customers using old version can be redirected to new version
MLSR311_114: implement canary releases such that only a limited number of requests are routed to the new version after it is brought online
MLSR311_115: route traffic through API gateway for both existing version and new version of service, to monitor risk associated with canary release


"
Fetch requirements mapped to Implement service registry feature for microservices.,MLSR311_41,"MLSR311_41: ensure microgateway communicates with service registry and monitoring modules to keep track of operational status of microservice
MLSR311_83: ensure to provide service registry capabilities through servers that are either dedicated or part of a service mesh architecture
MLSR311_84: ensure service registry services are in a network that has been configured with certain QoS parameters 
MLSR311_86: ensure service registry performs validation checks to ensure that only legitimate services are performing registration, refresh operations, and database queries 
MLSR311_87: ensure bounded context and loose coupling principle are observed for microservice registration/ deregistration functions
MLSR311_88: ensure registration/deregistration of an application service is enabled using a third-party registration pattern 
MLSR311_89: perform registration/deregistration only after performing health check on the application service, if a third-party registration pattern is implemented
MLSR311_90: deploy distributed service registry for large microservices applications and maintain data consistency among multiple service registry instances
"
Do we have security requirements for Implement service registry feature for microservices in place?,MLSR311_41,"MLSR311_41: ensure microgateway communicates with service registry and monitoring modules to keep track of operational status of microservice
MLSR311_83: ensure to provide service registry capabilities through servers that are either dedicated or part of a service mesh architecture
MLSR311_84: ensure service registry services are in a network that has been configured with certain QoS parameters 
MLSR311_86: ensure service registry performs validation checks to ensure that only legitimate services are performing registration, refresh operations, and database queries 
MLSR311_87: ensure bounded context and loose coupling principle are observed for microservice registration/ deregistration functions
MLSR311_88: ensure registration/deregistration of an application service is enabled using a third-party registration pattern 
MLSR311_89: perform registration/deregistration only after performing health check on the application service, if a third-party registration pattern is implemented
MLSR311_90: deploy distributed service registry for large microservices applications and maintain data consistency among multiple service registry instances
"
Give me all the requirements linked to Implement service registry feature for microservices.,MLSR311_41,"MLSR311_41: ensure microgateway communicates with service registry and monitoring modules to keep track of operational status of microservice
MLSR311_83: ensure to provide service registry capabilities through servers that are either dedicated or part of a service mesh architecture
MLSR311_84: ensure service registry services are in a network that has been configured with certain QoS parameters 
MLSR311_86: ensure service registry performs validation checks to ensure that only legitimate services are performing registration, refresh operations, and database queries 
MLSR311_87: ensure bounded context and loose coupling principle are observed for microservice registration/ deregistration functions
MLSR311_88: ensure registration/deregistration of an application service is enabled using a third-party registration pattern 
MLSR311_89: perform registration/deregistration only after performing health check on the application service, if a third-party registration pattern is implemented
MLSR311_90: deploy distributed service registry for large microservices applications and maintain data consistency among multiple service registry instances
"
Show me requirements that comply with Implement API gateway feature for microservices.,MLSR311_76,"MLSR311_67: ensure every API Key used in application has restrictions specified both for applications and set of APIs in use
MLSR311_68: restrict scope for functionality of every API Key to commensurate with level of assurance provided during identity proofing
MLSR311_76: leverage API Gateway to centralize enforcement of authentication and access control for all downstream microservices
MLSR311_93: ensure clients are not configured to call target microservices directly but rather to point to single API gateway URL
MLSR311_94: ensure client to API gateway as well as Service to Service communication takes place after mutual authentication 
MLSR311_125: integrate API gateway with an identity management application to provision credentials before activating API 
MLSR311_127: implement token translation service between gateways in distributed gateway deployments 
MLSR311_127: ensure token presented to initial gateway has permissions with broad scope whereas token to microgateways shall be more narrowly scoped with specific permissions

"
Give me all the requirements linked to Implement API gateway feature for microservices.,MLSR311_76,"MLSR311_67: ensure every API Key used in application has restrictions specified both for applications and set of APIs in use
MLSR311_68: restrict scope for functionality of every API Key to commensurate with level of assurance provided during identity proofing
MLSR311_76: leverage API Gateway to centralize enforcement of authentication and access control for all downstream microservices
MLSR311_93: ensure clients are not configured to call target microservices directly but rather to point to single API gateway URL
MLSR311_94: ensure client to API gateway as well as Service to Service communication takes place after mutual authentication 
MLSR311_125: integrate API gateway with an identity management application to provision credentials before activating API 
MLSR311_127: implement token translation service between gateways in distributed gateway deployments 
MLSR311_127: ensure token presented to initial gateway has permissions with broad scope whereas token to microgateways shall be more narrowly scoped with specific permissions

"
Give me requirements related to Implement API gateway feature for microservices.,MLSR311_76,"MLSR311_67: ensure every API Key used in application has restrictions specified both for applications and set of APIs in use
MLSR311_68: restrict scope for functionality of every API Key to commensurate with level of assurance provided during identity proofing
MLSR311_76: leverage API Gateway to centralize enforcement of authentication and access control for all downstream microservices
MLSR311_93: ensure clients are not configured to call target microservices directly but rather to point to single API gateway URL
MLSR311_94: ensure client to API gateway as well as Service to Service communication takes place after mutual authentication 
MLSR311_125: integrate API gateway with an identity management application to provision credentials before activating API 
MLSR311_127: implement token translation service between gateways in distributed gateway deployments 
MLSR311_127: ensure token presented to initial gateway has permissions with broad scope whereas token to microgateways shall be more narrowly scoped with specific permissions

"
Show me security requirements for Implement Service Mesh deployment for microservices.,MLSR311_128,"MLSR311_128: implement a service mesh to ensure that proper configuration parameters associated with security policies are defined correctly in control plane
MLSR311_130: ensure service mesh deployment has configuration capabilities to specify resource usage limits for its components, to collect and send environment metrics"
I need a requirement for secure Implement Service Mesh deployment for microservices.,MLSR311_128,"MLSR311_128: implement a service mesh to ensure that proper configuration parameters associated with security policies are defined correctly in control plane
MLSR311_130: ensure service mesh deployment has configuration capabilities to specify resource usage limits for its components, to collect and send environment metrics"
Do we have any requirements for Implement Service Mesh deployment for microservices compliance?,MLSR311_128,"MLSR311_128: implement a service mesh to ensure that proper configuration parameters associated with security policies are defined correctly in control plane
MLSR311_130: ensure service mesh deployment has configuration capabilities to specify resource usage limits for its components, to collect and send environment metrics"
Fetch requirements mapped to Implement security best practices before moving to production.,MLSR307_153,"MLSR307_153: remove development, test and custom application accounts, user IDs, and passwords before applications are released to customers
MLSR307_161: remove test data and accounts from system components before system goes into production
MLSR203_18: ensure test code or undocumented entry points are removed from final release
MLSR310_86: automate deployment setup to configure identically with different credentials for development, QA and production
"
What are the requirements for Implement security best practices before moving to production?,MLSR307_153,"MLSR307_153: remove development, test and custom application accounts, user IDs, and passwords before applications are released to customers
MLSR307_161: remove test data and accounts from system components before system goes into production
MLSR203_18: ensure test code or undocumented entry points are removed from final release
MLSR310_86: automate deployment setup to configure identically with different credentials for development, QA and production
"
Show me security requirements for Implement security best practices before moving to production.,MLSR307_153,"MLSR307_153: remove development, test and custom application accounts, user IDs, and passwords before applications are released to customers
MLSR307_161: remove test data and accounts from system components before system goes into production
MLSR203_18: ensure test code or undocumented entry points are removed from final release
MLSR310_86: automate deployment setup to configure identically with different credentials for development, QA and production
"
Give me requirements related to Implement security best practices during  design and development.,MLSR049_1745,"MLSR049_1745: implement security functions as largely independent modules to minimize coupling
MLSR049_1747: implement security functions as layered structure minimizing interactions between design layers
MLSR049_1711: develop customized critical information system components for higher assurance 
MLSR049_1720: replace system components when support for components is no longer available
MLSR065_33: prohibit custom implementations of authorization, authentication and accounting
MLSR076_156: protect systems during product development, manufacturing, transportation, and installation
MLSR104_18:  consider information model, functional model, and architectural model during design and development 
MLSR092_157: implement secure by construction by specifying coding rules for development of medical device software
MLSR017_78: constrain programs to avoid vulnerabilities such as buffer overflow and use of uninitialized programming constructs.
MLSR017_79: ensure to use memory safe languages
MLSR017_81: ensure use of automated memory safety error mitigation and compiler-enforced buffer overflow elimination
MLSR017_83: ensure to use automated thread safety analysis
MLSR017_75: use random number seeds during design for suitability per security risk assessment
MLSR017_84: use proven cryptographic algorithms and implementations during development
MLSR017_87: use digitally signed software and firmware during development
MLSR017_88: validate software and firmware updates using digital signatures prior to re-initiation of product during development
MLSR017_91: monitor storage with integrity monitor to ensure code and data sections are not unintentionally modified during development
MLSR017_93: ensure to use perfect-forward secrecy in encryption protocol during development
MLSR017_82: ensure to use secure coding standards during development
MLSR210_75: design a system with layered defense in depth approach and security controls that does not rely on OS
MLSR210_102: implement “Defense-in-Depth strategy” strategy for device
MLSR311_70: use OAuth or OpenID connect for implementing authentication
MLSR017_77: validate all inputs prior to processing during development 
MLSR307_49: implement only one primary function per server to prevent functions that require different security levels from co-existing on same server
MLSR222_1542: design device to ensure reliability, repeatability and performance in line with intended use
MLSR017_76:  grant required privileges for software and authorized users to perform specified functions during development
MLSR310_73: implement access control mechanisms once and re-use them throughout application, including CORS
MLSR310_90: ensure to send security directives to clients such as security headers
MLSR310_107: enforce strict type constraints during deserialization before object creation
MLSR074_1014:  implement controls to ensure that any maximum number of users permitted within license is not exceeded

"
Give me requirements related to Implement security best practices during  design and development.,MLSR049_1745,"MLSR049_1745: implement security functions as largely independent modules to minimize coupling
MLSR049_1747: implement security functions as layered structure minimizing interactions between design layers
MLSR049_1711: develop customized critical information system components for higher assurance 
MLSR049_1720: replace system components when support for components is no longer available
MLSR065_33: prohibit custom implementations of authorization, authentication and accounting
MLSR076_156: protect systems during product development, manufacturing, transportation, and installation
MLSR104_18:  consider information model, functional model, and architectural model during design and development 
MLSR092_157: implement secure by construction by specifying coding rules for development of medical device software
MLSR017_78: constrain programs to avoid vulnerabilities such as buffer overflow and use of uninitialized programming constructs.
MLSR017_79: ensure to use memory safe languages
MLSR017_81: ensure use of automated memory safety error mitigation and compiler-enforced buffer overflow elimination
MLSR017_83: ensure to use automated thread safety analysis
MLSR017_75: use random number seeds during design for suitability per security risk assessment
MLSR017_84: use proven cryptographic algorithms and implementations during development
MLSR017_87: use digitally signed software and firmware during development
MLSR017_88: validate software and firmware updates using digital signatures prior to re-initiation of product during development
MLSR017_91: monitor storage with integrity monitor to ensure code and data sections are not unintentionally modified during development
MLSR017_93: ensure to use perfect-forward secrecy in encryption protocol during development
MLSR017_82: ensure to use secure coding standards during development
MLSR210_75: design a system with layered defense in depth approach and security controls that does not rely on OS
MLSR210_102: implement “Defense-in-Depth strategy” strategy for device
MLSR311_70: use OAuth or OpenID connect for implementing authentication
MLSR017_77: validate all inputs prior to processing during development 
MLSR307_49: implement only one primary function per server to prevent functions that require different security levels from co-existing on same server
MLSR222_1542: design device to ensure reliability, repeatability and performance in line with intended use
MLSR017_76:  grant required privileges for software and authorized users to perform specified functions during development
MLSR310_73: implement access control mechanisms once and re-use them throughout application, including CORS
MLSR310_90: ensure to send security directives to clients such as security headers
MLSR310_107: enforce strict type constraints during deserialization before object creation
MLSR074_1014:  implement controls to ensure that any maximum number of users permitted within license is not exceeded

"
Give me requirements related to Implement security best practices during  design and development.,MLSR049_1745,"MLSR049_1745: implement security functions as largely independent modules to minimize coupling
MLSR049_1747: implement security functions as layered structure minimizing interactions between design layers
MLSR049_1711: develop customized critical information system components for higher assurance 
MLSR049_1720: replace system components when support for components is no longer available
MLSR065_33: prohibit custom implementations of authorization, authentication and accounting
MLSR076_156: protect systems during product development, manufacturing, transportation, and installation
MLSR104_18:  consider information model, functional model, and architectural model during design and development 
MLSR092_157: implement secure by construction by specifying coding rules for development of medical device software
MLSR017_78: constrain programs to avoid vulnerabilities such as buffer overflow and use of uninitialized programming constructs.
MLSR017_79: ensure to use memory safe languages
MLSR017_81: ensure use of automated memory safety error mitigation and compiler-enforced buffer overflow elimination
MLSR017_83: ensure to use automated thread safety analysis
MLSR017_75: use random number seeds during design for suitability per security risk assessment
MLSR017_84: use proven cryptographic algorithms and implementations during development
MLSR017_87: use digitally signed software and firmware during development
MLSR017_88: validate software and firmware updates using digital signatures prior to re-initiation of product during development
MLSR017_91: monitor storage with integrity monitor to ensure code and data sections are not unintentionally modified during development
MLSR017_93: ensure to use perfect-forward secrecy in encryption protocol during development
MLSR017_82: ensure to use secure coding standards during development
MLSR210_75: design a system with layered defense in depth approach and security controls that does not rely on OS
MLSR210_102: implement “Defense-in-Depth strategy” strategy for device
MLSR311_70: use OAuth or OpenID connect for implementing authentication
MLSR017_77: validate all inputs prior to processing during development 
MLSR307_49: implement only one primary function per server to prevent functions that require different security levels from co-existing on same server
MLSR222_1542: design device to ensure reliability, repeatability and performance in line with intended use
MLSR017_76:  grant required privileges for software and authorized users to perform specified functions during development
MLSR310_73: implement access control mechanisms once and re-use them throughout application, including CORS
MLSR310_90: ensure to send security directives to clients such as security headers
MLSR310_107: enforce strict type constraints during deserialization before object creation
MLSR074_1014:  implement controls to ensure that any maximum number of users permitted within license is not exceeded

"
Show me security requirements for Implement mechanisms to protect data/services against attacks.,MLSR049_2210,"MLSR049_1756: protect against effects of various types of DoS attacks
MLSR049_1758: restrict internal users to launch denial of service attacks 
MLSR049_2210: implement non-persistent components/services that does not give sufficient time for attack
MLSR065_72: define cloud environment controls to mitigate DDoS attacks
MLSR065_161: ensure security controls are in place to prevent malicious activities by insiders
MLSR074_317: protect against brute force log-on attempts
MLSR074_710: protect messages from unauthorized access, modification or denial of service
MLSR074_324: restrict connection times to reduce window of opportunity for unauthorized access
MLSR203_62: ensure applications and process running with system privileges are protected against attacks
MLSR203_67:  implement measures that prevent DoS attack by opening many sessions
MLSR208_82: implement security controls to detect, resist, respond and recover from cybersecurity attacks
MLSR078_200: ensure availability of all network resources to protect against denial of service attacks
MLSR076_330: use strongly typed parameterized queries to avoid SQL injection
MLSR076_331: implement procedures to prevent cross-site scripting
MLSR055_305: secure input validation and prevent common attacks such as SQL-Injection
MLSR055_306: secure web page scripting to prevent common attacks such as cross-site scripting
MLSR307_172: prevent buffer overflows by implementing appropriate bounds checking on its buffer space
MLSR307_177: address cross-site scripting by validating all parameters before inclusion and utilizing context-sensitive escaping
MLSR307_181: address CSRF by ensuring applications do not rely on authorization credentials and tokens automatically submitted by browsers"
What are the requirements for Implement mechanisms to protect data/services against attacks?,MLSR049_2210,"MLSR049_1756: protect against effects of various types of DoS attacks
MLSR049_1758: restrict internal users to launch denial of service attacks 
MLSR049_2210: implement non-persistent components/services that does not give sufficient time for attack
MLSR065_72: define cloud environment controls to mitigate DDoS attacks
MLSR065_161: ensure security controls are in place to prevent malicious activities by insiders
MLSR074_317: protect against brute force log-on attempts
MLSR074_710: protect messages from unauthorized access, modification or denial of service
MLSR074_324: restrict connection times to reduce window of opportunity for unauthorized access
MLSR203_62: ensure applications and process running with system privileges are protected against attacks
MLSR203_67:  implement measures that prevent DoS attack by opening many sessions
MLSR208_82: implement security controls to detect, resist, respond and recover from cybersecurity attacks
MLSR078_200: ensure availability of all network resources to protect against denial of service attacks
MLSR076_330: use strongly typed parameterized queries to avoid SQL injection
MLSR076_331: implement procedures to prevent cross-site scripting
MLSR055_305: secure input validation and prevent common attacks such as SQL-Injection
MLSR055_306: secure web page scripting to prevent common attacks such as cross-site scripting
MLSR307_172: prevent buffer overflows by implementing appropriate bounds checking on its buffer space
MLSR307_177: address cross-site scripting by validating all parameters before inclusion and utilizing context-sensitive escaping
MLSR307_181: address CSRF by ensuring applications do not rely on authorization credentials and tokens automatically submitted by browsers"
I need a requirement for secure Implement mechanisms to protect data/services against attacks.,MLSR049_2210,"MLSR049_1756: protect against effects of various types of DoS attacks
MLSR049_1758: restrict internal users to launch denial of service attacks 
MLSR049_2210: implement non-persistent components/services that does not give sufficient time for attack
MLSR065_72: define cloud environment controls to mitigate DDoS attacks
MLSR065_161: ensure security controls are in place to prevent malicious activities by insiders
MLSR074_317: protect against brute force log-on attempts
MLSR074_710: protect messages from unauthorized access, modification or denial of service
MLSR074_324: restrict connection times to reduce window of opportunity for unauthorized access
MLSR203_62: ensure applications and process running with system privileges are protected against attacks
MLSR203_67:  implement measures that prevent DoS attack by opening many sessions
MLSR208_82: implement security controls to detect, resist, respond and recover from cybersecurity attacks
MLSR078_200: ensure availability of all network resources to protect against denial of service attacks
MLSR076_330: use strongly typed parameterized queries to avoid SQL injection
MLSR076_331: implement procedures to prevent cross-site scripting
MLSR055_305: secure input validation and prevent common attacks such as SQL-Injection
MLSR055_306: secure web page scripting to prevent common attacks such as cross-site scripting
MLSR307_172: prevent buffer overflows by implementing appropriate bounds checking on its buffer space
MLSR307_177: address cross-site scripting by validating all parameters before inclusion and utilizing context-sensitive escaping
MLSR307_181: address CSRF by ensuring applications do not rely on authorization credentials and tokens automatically submitted by browsers"
Fetch requirements mapped to Implement spam protection mechanisms in systems.,MLSR049_2169,"MLSR049_2166: employ spam protection mechanisms at system entry and exit points
MLSR049_2169: centrally manage spam protection mechanisms
MLSR049_2172: implement spam protection mechanisms with learning capability (Bayesian filters)"
Fetch requirements mapped to Implement spam protection mechanisms in systems.,MLSR049_2169,"MLSR049_2166: employ spam protection mechanisms at system entry and exit points
MLSR049_2169: centrally manage spam protection mechanisms
MLSR049_2172: implement spam protection mechanisms with learning capability (Bayesian filters)"
What are the requirements for Implement spam protection mechanisms in systems?,MLSR049_2169,"MLSR049_2166: employ spam protection mechanisms at system entry and exit points
MLSR049_2169: centrally manage spam protection mechanisms
MLSR049_2172: implement spam protection mechanisms with learning capability (Bayesian filters)"
Show me security requirements for Employ isolation mechanisms to setup trusted environment in mobile device.,MLSR305_140,"MLSR305_140: use sandboxing at OS or application-level to achieve higher levels of overall isolation
MLSR305_141: use memory isolation to prevent one process from accessing or modifying another processʼs memory
MLSR305_142: create and run process in trustworthy and isolated execution environment
MLSR312_61: employ data isolation mechanisms to prevent unauthorized access to user and mobile device data
MLSR312_103: employ secure containers to provide data isolation and segment enterprise applications and information from personal apps and data. 
"
I need a requirement for Employ isolation mechanisms to setup trusted environment in mobile device.,MLSR305_140,"MLSR305_140: use sandboxing at OS or application-level to achieve higher levels of overall isolation
MLSR305_141: use memory isolation to prevent one process from accessing or modifying another processʼs memory
MLSR305_142: create and run process in trustworthy and isolated execution environment
MLSR312_61: employ data isolation mechanisms to prevent unauthorized access to user and mobile device data
MLSR312_103: employ secure containers to provide data isolation and segment enterprise applications and information from personal apps and data. 
"
Give me requirements related to Employ isolation mechanisms to setup trusted environment in mobile device.,MLSR305_140,"MLSR305_140: use sandboxing at OS or application-level to achieve higher levels of overall isolation
MLSR305_141: use memory isolation to prevent one process from accessing or modifying another processʼs memory
MLSR305_142: create and run process in trustworthy and isolated execution environment
MLSR312_61: employ data isolation mechanisms to prevent unauthorized access to user and mobile device data
MLSR312_103: employ secure containers to provide data isolation and segment enterprise applications and information from personal apps and data. 
"
Show me security requirements for Employ concealment and misdirection techniques to mislead adversaries.,MLSR049_1938,"MLSR049_1916: include honeypots for detecting and deflecting malicious attacks
MLSR049_1938: employ concealment and misdirection techniques to confuse and mislead adversaries
MLSR049_1941: employ misdirection techniques to introduce randomness into operations and assets
MLSR049_1943: change location of organizational processing and storage at random time intervals
MLSR049_1945: employ misleading information with regard to system security state or posture

"
Do we have security requirements for Employ concealment and misdirection techniques to mislead adversaries in place?,MLSR049_1938,"MLSR049_1916: include honeypots for detecting and deflecting malicious attacks
MLSR049_1938: employ concealment and misdirection techniques to confuse and mislead adversaries
MLSR049_1941: employ misdirection techniques to introduce randomness into operations and assets
MLSR049_1943: change location of organizational processing and storage at random time intervals
MLSR049_1945: employ misleading information with regard to system security state or posture

"
Do we have security requirements for Employ concealment and misdirection techniques to mislead adversaries in place?,MLSR049_1938,"MLSR049_1916: include honeypots for detecting and deflecting malicious attacks
MLSR049_1938: employ concealment and misdirection techniques to confuse and mislead adversaries
MLSR049_1941: employ misdirection techniques to introduce randomness into operations and assets
MLSR049_1943: change location of organizational processing and storage at random time intervals
MLSR049_1945: employ misleading information with regard to system security state or posture

"
Give me all the requirements linked to Employ mechanism to enforce security policy and usage restrictions on mobile device.,MLSR309_8,"MLSR049_411: establish usage restrictions and configuration/ connection for mobile device
MLSR309_7: ensure enterprise administrators use MDM product to establish policies on organization-owned devices prior to user issuance
MLSR309_8: ensure enterprise-owned device has limited network connectivity, tightly controlled configuration, and limited software inventory by using MDM product
MLSR309_9: enforce security policies via MDM on personally owned device(BYOD) for personal and enterprise use
MLSR309_11: ensure personally owned device is given access to limited enterprise services such as enterprise email and web browsing
MLSR309_30: facilitate configuration and enforcement of security policies on mobile devices
MLSR309_35: ensure MDM agent relies upon trustworthy mobile platform and hardware to provide policy enforcement, cryptographic services and data protection
MLSR309_88: ensure MDM Agent is capable to interact with platform to perform administrator-provided management functions
MLSR309_119: ensure configuration policy is enabled to detect missed reachability events since last successful connection with MDM server
MLSR305_57: automatically take action in response to policy violations
MLSR305_143: have capability to enable/disable device peripherals and certain OS-provided functionality
MLSR312_70: employ EMM technology to configure enterprise security policies on mobile device
MLSR312_140: employ EMMs to notify user when OS and app updates are available and enforce compliance actions if user does not make appropriate updates
MLSR312_171: use EMM to apply restrictions such as disabling copy/paste feature when in enterprise applications
"
Give me requirements related to Employ mechanism to enforce security policy and usage restrictions on mobile device.,MLSR309_8,"MLSR049_411: establish usage restrictions and configuration/ connection for mobile device
MLSR309_7: ensure enterprise administrators use MDM product to establish policies on organization-owned devices prior to user issuance
MLSR309_8: ensure enterprise-owned device has limited network connectivity, tightly controlled configuration, and limited software inventory by using MDM product
MLSR309_9: enforce security policies via MDM on personally owned device(BYOD) for personal and enterprise use
MLSR309_11: ensure personally owned device is given access to limited enterprise services such as enterprise email and web browsing
MLSR309_30: facilitate configuration and enforcement of security policies on mobile devices
MLSR309_35: ensure MDM agent relies upon trustworthy mobile platform and hardware to provide policy enforcement, cryptographic services and data protection
MLSR309_88: ensure MDM Agent is capable to interact with platform to perform administrator-provided management functions
MLSR309_119: ensure configuration policy is enabled to detect missed reachability events since last successful connection with MDM server
MLSR305_57: automatically take action in response to policy violations
MLSR305_143: have capability to enable/disable device peripherals and certain OS-provided functionality
MLSR312_70: employ EMM technology to configure enterprise security policies on mobile device
MLSR312_140: employ EMMs to notify user when OS and app updates are available and enforce compliance actions if user does not make appropriate updates
MLSR312_171: use EMM to apply restrictions such as disabling copy/paste feature when in enterprise applications
"
Show me security requirements for Employ mechanism to enforce security policy and usage restrictions on mobile device.,MLSR309_8,"MLSR049_411: establish usage restrictions and configuration/ connection for mobile device
MLSR309_7: ensure enterprise administrators use MDM product to establish policies on organization-owned devices prior to user issuance
MLSR309_8: ensure enterprise-owned device has limited network connectivity, tightly controlled configuration, and limited software inventory by using MDM product
MLSR309_9: enforce security policies via MDM on personally owned device(BYOD) for personal and enterprise use
MLSR309_11: ensure personally owned device is given access to limited enterprise services such as enterprise email and web browsing
MLSR309_30: facilitate configuration and enforcement of security policies on mobile devices
MLSR309_35: ensure MDM agent relies upon trustworthy mobile platform and hardware to provide policy enforcement, cryptographic services and data protection
MLSR309_88: ensure MDM Agent is capable to interact with platform to perform administrator-provided management functions
MLSR309_119: ensure configuration policy is enabled to detect missed reachability events since last successful connection with MDM server
MLSR305_57: automatically take action in response to policy violations
MLSR305_143: have capability to enable/disable device peripherals and certain OS-provided functionality
MLSR312_70: employ EMM technology to configure enterprise security policies on mobile device
MLSR312_140: employ EMMs to notify user when OS and app updates are available and enforce compliance actions if user does not make appropriate updates
MLSR312_171: use EMM to apply restrictions such as disabling copy/paste feature when in enterprise applications
"
Do we have any requirements for Develop feature in bluetooth device to change private address and settings compliance?,MLSR304_76,"MLSR304_76: implement low energy private device addresses and data signing for bluetooth device
MLSR304_147: change default settings of device to reflect organization security policy such as default name
MLSR304_148: set bluetooth device to lowest power level so that transmissions remain within secure perimeter
MLSR304_153: ensure bluetooth 2.1 or later device using Security Mode 4 must fall back to Security Mode 3 for backward compatibility with 2.0 and earlier devices
"
I need a requirement for Develop feature in bluetooth device to change private address and settings.,MLSR304_76,"MLSR304_76: implement low energy private device addresses and data signing for bluetooth device
MLSR304_147: change default settings of device to reflect organization security policy such as default name
MLSR304_148: set bluetooth device to lowest power level so that transmissions remain within secure perimeter
MLSR304_153: ensure bluetooth 2.1 or later device using Security Mode 4 must fall back to Security Mode 3 for backward compatibility with 2.0 and earlier devices
"
Fetch requirements mapped to Develop feature in bluetooth device to change private address and settings.,MLSR304_76,"MLSR304_76: implement low energy private device addresses and data signing for bluetooth device
MLSR304_147: change default settings of device to reflect organization security policy such as default name
MLSR304_148: set bluetooth device to lowest power level so that transmissions remain within secure perimeter
MLSR304_153: ensure bluetooth 2.1 or later device using Security Mode 4 must fall back to Security Mode 3 for backward compatibility with 2.0 and earlier devices
"
Give me requirements related to Employ App vetting tool to detect vulnerabilities in mobile device.,MLSR312_97,MLSR312_97: use app vetting system to detect software or configuration flaws before app is deployed to mobile device
Give me requirements related to Employ App vetting tool to detect vulnerabilities in mobile device.,MLSR312_97,MLSR312_97: use app vetting system to detect software or configuration flaws before app is deployed to mobile device
Do we have any requirements for Employ App vetting tool to detect vulnerabilities in mobile device compliance?,MLSR312_97,MLSR312_97: use app vetting system to detect software or configuration flaws before app is deployed to mobile device
I need a requirement for Develop feature in system to isolate process execution .,MLSR049_1990,"MLSR049_1990: maintain separate execution domain for each executing process
MLSR049_1994: maintain separate execution domain for each thread in multi-threaded processing
MLSR049_2163: prohibit system processes to execute without supervision for more than specified time period"
I need a requirement for secure Develop feature in system to isolate process execution .,MLSR049_1990,"MLSR049_1990: maintain separate execution domain for each executing process
MLSR049_1994: maintain separate execution domain for each thread in multi-threaded processing
MLSR049_2163: prohibit system processes to execute without supervision for more than specified time period"
I need a requirement for Develop feature in system to isolate process execution .,MLSR049_1990,"MLSR049_1990: maintain separate execution domain for each executing process
MLSR049_1994: maintain separate execution domain for each thread in multi-threaded processing
MLSR049_2163: prohibit system processes to execute without supervision for more than specified time period"
"Give me requirements related to Implement power shutoff during emergency situations
.",MLSR049_1351,"MLSR049_1351: provide capability for shutting off power to system components in emergency situations
MLSR049_1352: place emergency shutoff switches in specified location to facilitate safe access for personnel 
MLSR049_1352: protect emergency power shutoff capability from unauthorized activation"
"Give me requirements related to Implement power shutoff during emergency situations
.",MLSR049_1351,"MLSR049_1351: provide capability for shutting off power to system components in emergency situations
MLSR049_1352: place emergency shutoff switches in specified location to facilitate safe access for personnel 
MLSR049_1352: protect emergency power shutoff capability from unauthorized activation"
"I need a requirement for Implement power shutoff during emergency situations
.",MLSR049_1351,"MLSR049_1351: provide capability for shutting off power to system components in emergency situations
MLSR049_1352: place emergency shutoff switches in specified location to facilitate safe access for personnel 
MLSR049_1352: protect emergency power shutoff capability from unauthorized activation"
Fetch requirements mapped to Develop feature in system to handle security incidents.,MLSR049_1100,"MLSR049_1100: implement dynamic reconfiguration of system components as part of incident response capability
MLSR049_1106: implement configurable capability to disable system if security violations are detected
MLSR049_2145: incorporate detection of unauthorized security-relevant changes to information system into incident response capability
MLSR208_102: restore device to its normal operating condition when cybersecurity incident occurred
MLSR049_1098: implement automated mechanisms such as online incident management system to support the incident handling process
MLSR049_1107: implement incident handling capability for insider threats
MLSR049_1113: implement dynamic response capabilities to effectively respond to security incidents
MLSR049_1120: employ automated mechanisms to assist in tracking of security incidents, collection and analysis of incident information
MLSR049_1125: employ automated mechanisms to assist in reporting of security incidents
MLSR049_1133: employ automated mechanisms to increase availability of incident response-related information and support
MLSR049_2119: employ automated mechanisms to make security alert and advisory information available throughout organization
MLSR222_313:  define a system for recording and reporting of incidents and field safety corrective actions
"
Show me security requirements for Develop feature in system to handle security incidents.,MLSR049_1100,"MLSR049_1100: implement dynamic reconfiguration of system components as part of incident response capability
MLSR049_1106: implement configurable capability to disable system if security violations are detected
MLSR049_2145: incorporate detection of unauthorized security-relevant changes to information system into incident response capability
MLSR208_102: restore device to its normal operating condition when cybersecurity incident occurred
MLSR049_1098: implement automated mechanisms such as online incident management system to support the incident handling process
MLSR049_1107: implement incident handling capability for insider threats
MLSR049_1113: implement dynamic response capabilities to effectively respond to security incidents
MLSR049_1120: employ automated mechanisms to assist in tracking of security incidents, collection and analysis of incident information
MLSR049_1125: employ automated mechanisms to assist in reporting of security incidents
MLSR049_1133: employ automated mechanisms to increase availability of incident response-related information and support
MLSR049_2119: employ automated mechanisms to make security alert and advisory information available throughout organization
MLSR222_313:  define a system for recording and reporting of incidents and field safety corrective actions
"
Do we have security requirements for Develop feature in system to handle security incidents in place?,MLSR049_1100,"MLSR049_1100: implement dynamic reconfiguration of system components as part of incident response capability
MLSR049_1106: implement configurable capability to disable system if security violations are detected
MLSR049_2145: incorporate detection of unauthorized security-relevant changes to information system into incident response capability
MLSR208_102: restore device to its normal operating condition when cybersecurity incident occurred
MLSR049_1098: implement automated mechanisms such as online incident management system to support the incident handling process
MLSR049_1107: implement incident handling capability for insider threats
MLSR049_1113: implement dynamic response capabilities to effectively respond to security incidents
MLSR049_1120: employ automated mechanisms to assist in tracking of security incidents, collection and analysis of incident information
MLSR049_1125: employ automated mechanisms to assist in reporting of security incidents
MLSR049_1133: employ automated mechanisms to increase availability of incident response-related information and support
MLSR049_2119: employ automated mechanisms to make security alert and advisory information available throughout organization
MLSR222_313:  define a system for recording and reporting of incidents and field safety corrective actions
"
Show me security requirements for Perform vulnerability scanning to identify vulnerabilities.,MLSR049_1490,"MLSR049_1490: employ vulnerability scanning tools to update list of system vulnerabilities scanned
MLSR049_1497: implement privileged access authorization to system components for vulnerability scanning
MLSR049_1499: employ mechanisms to compare results of vulnerability scans
MLSR049_1505: correlate output from vulnerability scanning tools
MLSR080_641: employ vulnerability scanners with four primary components such as vulnerability database, scanning engine, agent with local administrative privileges and reporting mechanisms
MLSR080_648: ensure vulnerability scanners check security policy weakness, misconfigurations and software flaws
MLSR080_662: ensure vulnerability scanners employed in system are carefully monitored on backup network
MLSR080_638: employ vulnerability scanners to identify weaknesses and generate security reports
MLSR080_638: employ vulnerability scanners to deploy patches or security configuration changes
MLSR050_175: scan system and applications for vulnerabilities
MLSR050_213: perform periodic scans of organizational systems
MLSR050_213: perform real-time scans of files from external sources
MLSR074_564: scan computers and media on routine basis
MLSR074_565: scan files received over networks or via any form of storage medium
MLSR080_639: perform targeted scans against specific high-risk hosts or appliances
MLSR106_35: monitor cybersecurity information sources for identifying and detecting vulnerabilities
MLSR106_36: monitor third party software components for new vulnerabilities
MLSR055_313: ensure to run anti-malicious software controls on server
MLSR055_314: ensure to scan all hosted content regularly and use up-to-date anti-malicious software controls
MLSR055_315: perform regular vulnerability assessments and security testing for online sites and applications
MLSR055_316: regularly scan for compromises
MLSR049_1709: scan for counterfeit system components at specified time intervals
MLSR049_1486: scan for vulnerabilities in a defined frequency and when new vulnerabilities are identified and reported
MLSR049_1487: employ vulnerability scanning tools and techniques that facilitate interoperability among tools "
What are the requirements for Perform vulnerability scanning to identify vulnerabilities?,MLSR049_1490,"MLSR049_1490: employ vulnerability scanning tools to update list of system vulnerabilities scanned
MLSR049_1497: implement privileged access authorization to system components for vulnerability scanning
MLSR049_1499: employ mechanisms to compare results of vulnerability scans
MLSR049_1505: correlate output from vulnerability scanning tools
MLSR080_641: employ vulnerability scanners with four primary components such as vulnerability database, scanning engine, agent with local administrative privileges and reporting mechanisms
MLSR080_648: ensure vulnerability scanners check security policy weakness, misconfigurations and software flaws
MLSR080_662: ensure vulnerability scanners employed in system are carefully monitored on backup network
MLSR080_638: employ vulnerability scanners to identify weaknesses and generate security reports
MLSR080_638: employ vulnerability scanners to deploy patches or security configuration changes
MLSR050_175: scan system and applications for vulnerabilities
MLSR050_213: perform periodic scans of organizational systems
MLSR050_213: perform real-time scans of files from external sources
MLSR074_564: scan computers and media on routine basis
MLSR074_565: scan files received over networks or via any form of storage medium
MLSR080_639: perform targeted scans against specific high-risk hosts or appliances
MLSR106_35: monitor cybersecurity information sources for identifying and detecting vulnerabilities
MLSR106_36: monitor third party software components for new vulnerabilities
MLSR055_313: ensure to run anti-malicious software controls on server
MLSR055_314: ensure to scan all hosted content regularly and use up-to-date anti-malicious software controls
MLSR055_315: perform regular vulnerability assessments and security testing for online sites and applications
MLSR055_316: regularly scan for compromises
MLSR049_1709: scan for counterfeit system components at specified time intervals
MLSR049_1486: scan for vulnerabilities in a defined frequency and when new vulnerabilities are identified and reported
MLSR049_1487: employ vulnerability scanning tools and techniques that facilitate interoperability among tools "
I need a requirement for Perform vulnerability scanning to identify vulnerabilities.,MLSR049_1490,"MLSR049_1490: employ vulnerability scanning tools to update list of system vulnerabilities scanned
MLSR049_1497: implement privileged access authorization to system components for vulnerability scanning
MLSR049_1499: employ mechanisms to compare results of vulnerability scans
MLSR049_1505: correlate output from vulnerability scanning tools
MLSR080_641: employ vulnerability scanners with four primary components such as vulnerability database, scanning engine, agent with local administrative privileges and reporting mechanisms
MLSR080_648: ensure vulnerability scanners check security policy weakness, misconfigurations and software flaws
MLSR080_662: ensure vulnerability scanners employed in system are carefully monitored on backup network
MLSR080_638: employ vulnerability scanners to identify weaknesses and generate security reports
MLSR080_638: employ vulnerability scanners to deploy patches or security configuration changes
MLSR050_175: scan system and applications for vulnerabilities
MLSR050_213: perform periodic scans of organizational systems
MLSR050_213: perform real-time scans of files from external sources
MLSR074_564: scan computers and media on routine basis
MLSR074_565: scan files received over networks or via any form of storage medium
MLSR080_639: perform targeted scans against specific high-risk hosts or appliances
MLSR106_35: monitor cybersecurity information sources for identifying and detecting vulnerabilities
MLSR106_36: monitor third party software components for new vulnerabilities
MLSR055_313: ensure to run anti-malicious software controls on server
MLSR055_314: ensure to scan all hosted content regularly and use up-to-date anti-malicious software controls
MLSR055_315: perform regular vulnerability assessments and security testing for online sites and applications
MLSR055_316: regularly scan for compromises
MLSR049_1709: scan for counterfeit system components at specified time intervals
MLSR049_1486: scan for vulnerabilities in a defined frequency and when new vulnerabilities are identified and reported
MLSR049_1487: employ vulnerability scanning tools and techniques that facilitate interoperability among tools "
Give me requirements related to Develop feature in system to authorize maintenance personnel.,MLSR049_1173,"MLSR049_1173: restrict use of maintenance tool to authorized personnel
MLSR049_1203: ensure personnel performing maintenance/diagnostic activities are authorized regional users
MLSR049_1205: ensure cleared foreign nationals are used to conduct maintenance and diagnostic activities on classified information systems
MLSR050_140: supervise maintenance activities of personnel without required access authorization
MLSR092_199: have strong authentication in place during software update process to ensure authenticity
MLSR105_64: verify user authentication before permitting software or firmware update
MLSR074_475: ensure equipment, information or software are not taken off-site without prior authorization
MLSR074_471: ensure appropriate controls are implemented when equipment is scheduled for maintenance 
MLSR203_85: ensure all interfaces used in product for maintenance purposes are protected"
Fetch requirements mapped to Develop feature in system to authorize maintenance personnel.,MLSR049_1173,"MLSR049_1173: restrict use of maintenance tool to authorized personnel
MLSR049_1203: ensure personnel performing maintenance/diagnostic activities are authorized regional users
MLSR049_1205: ensure cleared foreign nationals are used to conduct maintenance and diagnostic activities on classified information systems
MLSR050_140: supervise maintenance activities of personnel without required access authorization
MLSR092_199: have strong authentication in place during software update process to ensure authenticity
MLSR105_64: verify user authentication before permitting software or firmware update
MLSR074_475: ensure equipment, information or software are not taken off-site without prior authorization
MLSR074_471: ensure appropriate controls are implemented when equipment is scheduled for maintenance 
MLSR203_85: ensure all interfaces used in product for maintenance purposes are protected"
I need a requirement for secure Develop feature in system to authorize maintenance personnel.,MLSR049_1173,"MLSR049_1173: restrict use of maintenance tool to authorized personnel
MLSR049_1203: ensure personnel performing maintenance/diagnostic activities are authorized regional users
MLSR049_1205: ensure cleared foreign nationals are used to conduct maintenance and diagnostic activities on classified information systems
MLSR050_140: supervise maintenance activities of personnel without required access authorization
MLSR092_199: have strong authentication in place during software update process to ensure authenticity
MLSR105_64: verify user authentication before permitting software or firmware update
MLSR074_475: ensure equipment, information or software are not taken off-site without prior authorization
MLSR074_471: ensure appropriate controls are implemented when equipment is scheduled for maintenance 
MLSR203_85: ensure all interfaces used in product for maintenance purposes are protected"
Show me requirements that comply with Develop feature in system to perform preventive and predictive maintenance periodically.,MLSR049_1212,"MLSR049_1212: perform preventive maintenance at specific time intervals
MLSR049_1214: perform predictive maintenance at specific time intervals
MLSR049_1216: transfer predictive maintenance data to a computerized management system
MLSR049_2037: employ mechanism to determine state of system components for flaw remediation
MLSR074_470: ensure records are kept of all suspected or actual faults and of all preventive and corrective maintenance
MLSR049_1162: implement automated mechanisms to schedule, conduct, and document maintenance and repairs"
Show me security requirements for Develop feature in system to perform preventive and predictive maintenance periodically.,MLSR049_1212,"MLSR049_1212: perform preventive maintenance at specific time intervals
MLSR049_1214: perform predictive maintenance at specific time intervals
MLSR049_1216: transfer predictive maintenance data to a computerized management system
MLSR049_2037: employ mechanism to determine state of system components for flaw remediation
MLSR074_470: ensure records are kept of all suspected or actual faults and of all preventive and corrective maintenance
MLSR049_1162: implement automated mechanisms to schedule, conduct, and document maintenance and repairs"
Fetch requirements mapped to Develop feature in system to perform preventive and predictive maintenance periodically.,MLSR049_1212,"MLSR049_1212: perform preventive maintenance at specific time intervals
MLSR049_1214: perform predictive maintenance at specific time intervals
MLSR049_1216: transfer predictive maintenance data to a computerized management system
MLSR049_2037: employ mechanism to determine state of system components for flaw remediation
MLSR074_470: ensure records are kept of all suspected or actual faults and of all preventive and corrective maintenance
MLSR049_1162: implement automated mechanisms to schedule, conduct, and document maintenance and repairs"
"Give me all the requirements linked to Deploy antivirus software on bluetooth devices to protect from malwares
.",MLSR304_173,"MLSR304_173: install antivirus software on bluetooth-enabled hosts to protect bluetooth network from malwares
MLSR304_174: regularly deploy bluetooth software and firmware patches and upgrades
"
"Do we have security requirements for Deploy antivirus software on bluetooth devices to protect from malwares
 in place?",MLSR304_173,"MLSR304_173: install antivirus software on bluetooth-enabled hosts to protect bluetooth network from malwares
MLSR304_174: regularly deploy bluetooth software and firmware patches and upgrades
"
"Show me requirements that comply with Deploy antivirus software on bluetooth devices to protect from malwares
.",MLSR304_173,"MLSR304_173: install antivirus software on bluetooth-enabled hosts to protect bluetooth network from malwares
MLSR304_174: regularly deploy bluetooth software and firmware patches and upgrades
"
Fetch requirements mapped to Implement mechanism to rollout updates in containers.,MLSR301_27,"MLSR301_27: destroy and replace new container with updates whenever an upgrade is required
MLSR301_69: deploy baseline software updates on container by replacing entire image 
MLSR301_147: maintain repositories to ensure change in vulnerabilities and configuration are updated in container images
MLSR301_185_1: ensure hosts and lower level components are continuously scanned for vulnerabilities and updates are applied 
MLSR301_187:  ensure host OS is kept up to date with security updates and also latest component updates recommended by vendor"
Give me all the requirements linked to Implement mechanism to rollout updates in containers.,MLSR301_27,"MLSR301_27: destroy and replace new container with updates whenever an upgrade is required
MLSR301_69: deploy baseline software updates on container by replacing entire image 
MLSR301_147: maintain repositories to ensure change in vulnerabilities and configuration are updated in container images
MLSR301_185_1: ensure hosts and lower level components are continuously scanned for vulnerabilities and updates are applied 
MLSR301_187:  ensure host OS is kept up to date with security updates and also latest component updates recommended by vendor"
I need a requirement for Implement mechanism to rollout updates in containers.,MLSR301_27,"MLSR301_27: destroy and replace new container with updates whenever an upgrade is required
MLSR301_69: deploy baseline software updates on container by replacing entire image 
MLSR301_147: maintain repositories to ensure change in vulnerabilities and configuration are updated in container images
MLSR301_185_1: ensure hosts and lower level components are continuously scanned for vulnerabilities and updates are applied 
MLSR301_187:  ensure host OS is kept up to date with security updates and also latest component updates recommended by vendor"
Fetch requirements mapped to Develop feature in system to provide software and firmware updates/patches and ensure it is up to date.,MLSR049_2045,"MLSR049_2045: remove previous versions of software and firmware after updated versions are installed
MLSR082_66: provide remediation through patches, fixes and upgrades
MLSR203_22: implement product patches and updates quickly to eliminate detected vulnerabilities
MLSR203_24: provide patches, updates and dependent software to run the product
MLSR076_153: update and configure antispyware software
MLSR076_149: publish patches once vulnerabilities are discovered
MLSR055_317: use OS with most updated security patches installed
MLSR055_318: use latest software applications with most updated patches installed
MLSR055_347: ensure installation of latest security updates
MLSR043_110: create unified way of working for installation and upgrade of product security patches 
MLSR016_128: design system to allow security updates to product's software
MLSR016_128: design system to support roll back to previous installed version incase of update failures
MLSR208_77: update patches against newly discovered cybersecurity threats at regular interval
MLSR208_80: ensure operating system software, third-party software, or open source software are updated or controlled
MLSR208_215: have designated source containing validated patches for customer retrieval
MLSR049_2043: install software and firmware updates automatically
MLSR049_2052: update malicious code protection mechanisms like signature definitions automatically
MLSR049_2171: update spam protection mechanisms automatically
MLSR055_323: enable automated updates ensuring that systems are updated with latest security patches
MLSR310_59:  patch or upgrade all XML processors and libraries in use by application or on underlying OS
MLSR307_150: protect all system components and software from known vulnerabilities by installing applicable vendor-supplied security patches
MLSR080_714: use automated software management tool to deploy major software packages across network
MLSR080_714: use automated software management tool for application version control and update COTS
MLSR080_721: use automated software management tools for deployment of security updates and patches
MLSR208_181: deploy remediation controls with established means of reporting deployment failures and rolling back changes
MLSR055_310: ensure server operating system and applications are kept up-to-date promptly when new security updates are available"
Give me requirements related to Develop feature in system to provide software and firmware updates/patches and ensure it is up to date.,MLSR049_2045,"MLSR049_2045: remove previous versions of software and firmware after updated versions are installed
MLSR082_66: provide remediation through patches, fixes and upgrades
MLSR203_22: implement product patches and updates quickly to eliminate detected vulnerabilities
MLSR203_24: provide patches, updates and dependent software to run the product
MLSR076_153: update and configure antispyware software
MLSR076_149: publish patches once vulnerabilities are discovered
MLSR055_317: use OS with most updated security patches installed
MLSR055_318: use latest software applications with most updated patches installed
MLSR055_347: ensure installation of latest security updates
MLSR043_110: create unified way of working for installation and upgrade of product security patches 
MLSR016_128: design system to allow security updates to product's software
MLSR016_128: design system to support roll back to previous installed version incase of update failures
MLSR208_77: update patches against newly discovered cybersecurity threats at regular interval
MLSR208_80: ensure operating system software, third-party software, or open source software are updated or controlled
MLSR208_215: have designated source containing validated patches for customer retrieval
MLSR049_2043: install software and firmware updates automatically
MLSR049_2052: update malicious code protection mechanisms like signature definitions automatically
MLSR049_2171: update spam protection mechanisms automatically
MLSR055_323: enable automated updates ensuring that systems are updated with latest security patches
MLSR310_59:  patch or upgrade all XML processors and libraries in use by application or on underlying OS
MLSR307_150: protect all system components and software from known vulnerabilities by installing applicable vendor-supplied security patches
MLSR080_714: use automated software management tool to deploy major software packages across network
MLSR080_714: use automated software management tool for application version control and update COTS
MLSR080_721: use automated software management tools for deployment of security updates and patches
MLSR208_181: deploy remediation controls with established means of reporting deployment failures and rolling back changes
MLSR055_310: ensure server operating system and applications are kept up-to-date promptly when new security updates are available"
Fetch requirements mapped to Develop feature in system to provide software and firmware updates/patches and ensure it is up to date.,MLSR049_2045,"MLSR049_2045: remove previous versions of software and firmware after updated versions are installed
MLSR082_66: provide remediation through patches, fixes and upgrades
MLSR203_22: implement product patches and updates quickly to eliminate detected vulnerabilities
MLSR203_24: provide patches, updates and dependent software to run the product
MLSR076_153: update and configure antispyware software
MLSR076_149: publish patches once vulnerabilities are discovered
MLSR055_317: use OS with most updated security patches installed
MLSR055_318: use latest software applications with most updated patches installed
MLSR055_347: ensure installation of latest security updates
MLSR043_110: create unified way of working for installation and upgrade of product security patches 
MLSR016_128: design system to allow security updates to product's software
MLSR016_128: design system to support roll back to previous installed version incase of update failures
MLSR208_77: update patches against newly discovered cybersecurity threats at regular interval
MLSR208_80: ensure operating system software, third-party software, or open source software are updated or controlled
MLSR208_215: have designated source containing validated patches for customer retrieval
MLSR049_2043: install software and firmware updates automatically
MLSR049_2052: update malicious code protection mechanisms like signature definitions automatically
MLSR049_2171: update spam protection mechanisms automatically
MLSR055_323: enable automated updates ensuring that systems are updated with latest security patches
MLSR310_59:  patch or upgrade all XML processors and libraries in use by application or on underlying OS
MLSR307_150: protect all system components and software from known vulnerabilities by installing applicable vendor-supplied security patches
MLSR080_714: use automated software management tool to deploy major software packages across network
MLSR080_714: use automated software management tool for application version control and update COTS
MLSR080_721: use automated software management tools for deployment of security updates and patches
MLSR208_181: deploy remediation controls with established means of reporting deployment failures and rolling back changes
MLSR055_310: ensure server operating system and applications are kept up-to-date promptly when new security updates are available"
"Give me requirements related to Perform nonlocal maintenance and diagnostic services 
.",MLSR049_1185,"MLSR049_1185: protect nonlocal maintenance sessions by employing replay resistant authenticators
MLSR049_1185: separate maintenance sessions from other network sessions by either physical/logical separated communication paths
MLSR049_1191: implement remote disconnect verification at termination of nonlocal maintenance
MLSR203_70: implement secure remote update mechanism for software and firmware updates
MLSR203_86:  protect device's actual operation when remote maintenance is performed
MLSR208_214: apply patches via secure authorized remote service and support platforms"
"Give me all the requirements linked to Perform nonlocal maintenance and diagnostic services 
.",MLSR049_1185,"MLSR049_1185: protect nonlocal maintenance sessions by employing replay resistant authenticators
MLSR049_1185: separate maintenance sessions from other network sessions by either physical/logical separated communication paths
MLSR049_1191: implement remote disconnect verification at termination of nonlocal maintenance
MLSR203_70: implement secure remote update mechanism for software and firmware updates
MLSR203_86:  protect device's actual operation when remote maintenance is performed
MLSR208_214: apply patches via secure authorized remote service and support platforms"
"Show me requirements that comply with Perform nonlocal maintenance and diagnostic services 
.",MLSR049_1185,"MLSR049_1185: protect nonlocal maintenance sessions by employing replay resistant authenticators
MLSR049_1185: separate maintenance sessions from other network sessions by either physical/logical separated communication paths
MLSR049_1191: implement remote disconnect verification at termination of nonlocal maintenance
MLSR203_70: implement secure remote update mechanism for software and firmware updates
MLSR203_86:  protect device's actual operation when remote maintenance is performed
MLSR208_214: apply patches via secure authorized remote service and support platforms"
"Do we have security requirements for Develop feature in system to approve and notify nonlocal maintenance activities


 in place?",MLSR049_1187,"MLSR049_1187: ensure approval for each nonlocal maintenance session by authorized personnel
MLSR049_1187: send notification of date and time of planned  nonlocal maintenance
MLSR203_87: ensure remote maintenance or write access to device are possible when explicitly activated with authorization"
"Fetch requirements mapped to Develop feature in system to approve and notify nonlocal maintenance activities


.",MLSR049_1187,"MLSR049_1187: ensure approval for each nonlocal maintenance session by authorized personnel
MLSR049_1187: send notification of date and time of planned  nonlocal maintenance
MLSR203_87: ensure remote maintenance or write access to device are possible when explicitly activated with authorization"
"Do we have security requirements for Develop feature in system to approve and notify nonlocal maintenance activities


 in place?",MLSR049_1187,"MLSR049_1187: ensure approval for each nonlocal maintenance session by authorized personnel
MLSR049_1187: send notification of date and time of planned  nonlocal maintenance
MLSR203_87: ensure remote maintenance or write access to device are possible when explicitly activated with authorization"
"Fetch requirements mapped to Implement mechanism in system to capture logs for programs, procedures and system activities.",MLSR076_169,"MLSR074_346: log all use of utility programs
MLSR074_359: ensure audit log is maintained of all accesses to program source libraries
MLSR065_62: provide details on information recorded within audit logs
MLSR076_169: implement mechanism that record and examine system activities
MLSR074_640: implement audit log for all procedures undertaken
MLSR092_145: implement log function to trace all access to connected device that has critical impact on operation
MLSR105_87: ensure log design enables forensic evidence capture
MLSR105_87: capture security events like configuration changes, network anomalies, login attempts, and anomalous traffic in logs
MLSR102_114: log cybersecurity issues of medical device
MLSR310_109: log deserialization exceptions and failures
MLSR307_285: log creation and deletion of system level objects such as database tables or stored procedures 
MLSR307_303: write logs for external-facing technologies such as wireless, firewalls onto a secure, centralized, internal log server or media device
MLSR049_735_3: audit and review activities associated with configuration-controlled changes to system"
"I need a requirement for secure Implement mechanism in system to capture logs for programs, procedures and system activities.",MLSR076_169,"MLSR074_346: log all use of utility programs
MLSR074_359: ensure audit log is maintained of all accesses to program source libraries
MLSR065_62: provide details on information recorded within audit logs
MLSR076_169: implement mechanism that record and examine system activities
MLSR074_640: implement audit log for all procedures undertaken
MLSR092_145: implement log function to trace all access to connected device that has critical impact on operation
MLSR105_87: ensure log design enables forensic evidence capture
MLSR105_87: capture security events like configuration changes, network anomalies, login attempts, and anomalous traffic in logs
MLSR102_114: log cybersecurity issues of medical device
MLSR310_109: log deserialization exceptions and failures
MLSR307_285: log creation and deletion of system level objects such as database tables or stored procedures 
MLSR307_303: write logs for external-facing technologies such as wireless, firewalls onto a secure, centralized, internal log server or media device
MLSR049_735_3: audit and review activities associated with configuration-controlled changes to system"
"Give me requirements related to Implement mechanism in system to capture logs for programs, procedures and system activities.",MLSR076_169,"MLSR074_346: log all use of utility programs
MLSR074_359: ensure audit log is maintained of all accesses to program source libraries
MLSR065_62: provide details on information recorded within audit logs
MLSR076_169: implement mechanism that record and examine system activities
MLSR074_640: implement audit log for all procedures undertaken
MLSR092_145: implement log function to trace all access to connected device that has critical impact on operation
MLSR105_87: ensure log design enables forensic evidence capture
MLSR105_87: capture security events like configuration changes, network anomalies, login attempts, and anomalous traffic in logs
MLSR102_114: log cybersecurity issues of medical device
MLSR310_109: log deserialization exceptions and failures
MLSR307_285: log creation and deletion of system level objects such as database tables or stored procedures 
MLSR307_303: write logs for external-facing technologies such as wireless, firewalls onto a secure, centralized, internal log server or media device
MLSR049_735_3: audit and review activities associated with configuration-controlled changes to system"
"Do we have security requirements for Develop feature in system to configure attributes, generate and review audit trail to enable analysis and reporting in place?",MLSR076_170,"MLSR076_170: cover all operations in audit trail on sensitive information including PHI and other data that impact instrument operation
MLSR076_171: capture audit trail to track user sessions, access or modification of data
MLSR076_173: capture sensitive data as part of audit trail with proper security mechanism
MLSR076_174: capture audit trail with general operations that change performance of system
MLSR049_581: write audit-trails to hardware-enforced, write-once media
MLSR049_640: preserve identity of individuals in cross-organizational audit trails
MLSR074_657: monitor all access and log to produce reference trail
MLSR074_846: ensure copying and use of operational information is logged in audit trail 
MLSR088_70: capture system activities in audit trails
MLSR055_311: monitor security performance of server through regular reviews of audit trails
MLSR037_501: provide capability to analyze logs and audit trails
MLSR043_90: record and examine system activity by creating audit trails
MLSR310_130: implement audit trail for high-value transactions with integrity controls to prevent tampering 
MLSR307_277: implement audit trails to link all access to system components to each individual user
MLSR307_278: implement automated audit trails for all system components to provide a history trail for post-incident follow-up
MLSR307_287: include user identification, type of event,  date and time, success or failure indication, origination of event and identity of affected data, system component in audit trail"
"Give me requirements related to Develop feature in system to configure attributes, generate and review audit trail to enable analysis and reporting.",MLSR076_170,"MLSR076_170: cover all operations in audit trail on sensitive information including PHI and other data that impact instrument operation
MLSR076_171: capture audit trail to track user sessions, access or modification of data
MLSR076_173: capture sensitive data as part of audit trail with proper security mechanism
MLSR076_174: capture audit trail with general operations that change performance of system
MLSR049_581: write audit-trails to hardware-enforced, write-once media
MLSR049_640: preserve identity of individuals in cross-organizational audit trails
MLSR074_657: monitor all access and log to produce reference trail
MLSR074_846: ensure copying and use of operational information is logged in audit trail 
MLSR088_70: capture system activities in audit trails
MLSR055_311: monitor security performance of server through regular reviews of audit trails
MLSR037_501: provide capability to analyze logs and audit trails
MLSR043_90: record and examine system activity by creating audit trails
MLSR310_130: implement audit trail for high-value transactions with integrity controls to prevent tampering 
MLSR307_277: implement audit trails to link all access to system components to each individual user
MLSR307_278: implement automated audit trails for all system components to provide a history trail for post-incident follow-up
MLSR307_287: include user identification, type of event,  date and time, success or failure indication, origination of event and identity of affected data, system component in audit trail"
"Fetch requirements mapped to Develop feature in system to configure attributes, generate and review audit trail to enable analysis and reporting.",MLSR076_170,"MLSR076_170: cover all operations in audit trail on sensitive information including PHI and other data that impact instrument operation
MLSR076_171: capture audit trail to track user sessions, access or modification of data
MLSR076_173: capture sensitive data as part of audit trail with proper security mechanism
MLSR076_174: capture audit trail with general operations that change performance of system
MLSR049_581: write audit-trails to hardware-enforced, write-once media
MLSR049_640: preserve identity of individuals in cross-organizational audit trails
MLSR074_657: monitor all access and log to produce reference trail
MLSR074_846: ensure copying and use of operational information is logged in audit trail 
MLSR088_70: capture system activities in audit trails
MLSR055_311: monitor security performance of server through regular reviews of audit trails
MLSR037_501: provide capability to analyze logs and audit trails
MLSR043_90: record and examine system activity by creating audit trails
MLSR310_130: implement audit trail for high-value transactions with integrity controls to prevent tampering 
MLSR307_277: implement audit trails to link all access to system components to each individual user
MLSR307_278: implement automated audit trails for all system components to provide a history trail for post-incident follow-up
MLSR307_287: include user identification, type of event,  date and time, success or failure indication, origination of event and identity of affected data, system component in audit trail"
Show me requirements that comply with Develop feature in system to generate audit records related to user actions and accounts.,MLSR049_175,"MLSR049_175: audit account creation/modification/disabling & termination
MLSR049_302: audit execution of privileged functions
MLSR050_87: ensure actions of individual users are uniquely traced 
MLSR074_288: log changes to privileged accounts for periodic review
MLSR049_2180: audit use of manual override capability
MLSR049_519: generate audit containing full text recording of privileged commands
MLSR049_519: generate audit containing individual identities of group account users
MLSR074_608: have capability to log system administrator and system operator activities
MLSR088_69: audit user activities and monitor using public frameworks, standards and technology
MLSR088_95: have capability to record and report emergency access
MLSR037_496: create audit record when user accesses, creates, updates or archives PHI
MLSR037_496_1: ensure audit log can uniquely identify user, data subject, function performed by user along with date, time
MLSR102_223: establish logs to ensure traceable access to device
MLSR016_130: include login attempts, change of user authentication credentials, changes in list of valid user accounts, software updates in logs
MLSR049_632: provide capability for authorized users to remotely view all audit content related to user session in real time
MLSR049_628: allow authorized users to select a user session to capture/record user session
MLSR049_630: initiate session audits at system start-up
MLSR049_631: provide capability for authorized users to capture/record log related to user session
MLSR049_517: generate audit containing about type, source, outcome of event, when and where event occurred 
MLSR049_613: provide audit record generation capability for auditable and defined events 
MLSR049_613: allow personnel to select which auditable events are to be audited by specific components
MLSR049_619: allow authorized individuals to change auditing based on selectable event criteria within time thresholds
MLSR049_2147: audit event and initiate generation of audit record
MLSR074_595: capture event logs with user IDs, system activities, dates, times and details of key events
MLSR074_594: have capability to produce and keep event logs and ensure it is regularly reviewed
MLSR037_498: log transmission messages with time, date, origin and destination of message
MLSR076_99: capture audit log with successful and unsuccessful log-on attempts
MLSR076_100: capture and monitor audit log from user login/logout and local/remote access attempts
MLSR074_318: log unsuccessful and successful attempts
MLSR310_128: log all login, access control failures, and server-side input validation failures with sufficient user context
MLSR307_279: generate audit record of all individual accesses to cardholder data to identify compromised accounts 
MLSR307_280: log all actions taken by any individual with root or administrative privileges
MLSR307_282: log all invalid logical access attempts to identify an unauthorized user’s attempts to “brute force” or guess a password
MLSR307_283: log use of identification and authentication mechanisms including creation, updation and deletion in user accounts"
Do we have any requirements for Develop feature in system to generate audit records related to user actions and accounts compliance?,MLSR049_175,"MLSR049_175: audit account creation/modification/disabling & termination
MLSR049_302: audit execution of privileged functions
MLSR050_87: ensure actions of individual users are uniquely traced 
MLSR074_288: log changes to privileged accounts for periodic review
MLSR049_2180: audit use of manual override capability
MLSR049_519: generate audit containing full text recording of privileged commands
MLSR049_519: generate audit containing individual identities of group account users
MLSR074_608: have capability to log system administrator and system operator activities
MLSR088_69: audit user activities and monitor using public frameworks, standards and technology
MLSR088_95: have capability to record and report emergency access
MLSR037_496: create audit record when user accesses, creates, updates or archives PHI
MLSR037_496_1: ensure audit log can uniquely identify user, data subject, function performed by user along with date, time
MLSR102_223: establish logs to ensure traceable access to device
MLSR016_130: include login attempts, change of user authentication credentials, changes in list of valid user accounts, software updates in logs
MLSR049_632: provide capability for authorized users to remotely view all audit content related to user session in real time
MLSR049_628: allow authorized users to select a user session to capture/record user session
MLSR049_630: initiate session audits at system start-up
MLSR049_631: provide capability for authorized users to capture/record log related to user session
MLSR049_517: generate audit containing about type, source, outcome of event, when and where event occurred 
MLSR049_613: provide audit record generation capability for auditable and defined events 
MLSR049_613: allow personnel to select which auditable events are to be audited by specific components
MLSR049_619: allow authorized individuals to change auditing based on selectable event criteria within time thresholds
MLSR049_2147: audit event and initiate generation of audit record
MLSR074_595: capture event logs with user IDs, system activities, dates, times and details of key events
MLSR074_594: have capability to produce and keep event logs and ensure it is regularly reviewed
MLSR037_498: log transmission messages with time, date, origin and destination of message
MLSR076_99: capture audit log with successful and unsuccessful log-on attempts
MLSR076_100: capture and monitor audit log from user login/logout and local/remote access attempts
MLSR074_318: log unsuccessful and successful attempts
MLSR310_128: log all login, access control failures, and server-side input validation failures with sufficient user context
MLSR307_279: generate audit record of all individual accesses to cardholder data to identify compromised accounts 
MLSR307_280: log all actions taken by any individual with root or administrative privileges
MLSR307_282: log all invalid logical access attempts to identify an unauthorized user’s attempts to “brute force” or guess a password
MLSR307_283: log use of identification and authentication mechanisms including creation, updation and deletion in user accounts"
Give me all the requirements linked to Develop feature in system to generate audit records related to user actions and accounts.,MLSR049_175,"MLSR049_175: audit account creation/modification/disabling & termination
MLSR049_302: audit execution of privileged functions
MLSR050_87: ensure actions of individual users are uniquely traced 
MLSR074_288: log changes to privileged accounts for periodic review
MLSR049_2180: audit use of manual override capability
MLSR049_519: generate audit containing full text recording of privileged commands
MLSR049_519: generate audit containing individual identities of group account users
MLSR074_608: have capability to log system administrator and system operator activities
MLSR088_69: audit user activities and monitor using public frameworks, standards and technology
MLSR088_95: have capability to record and report emergency access
MLSR037_496: create audit record when user accesses, creates, updates or archives PHI
MLSR037_496_1: ensure audit log can uniquely identify user, data subject, function performed by user along with date, time
MLSR102_223: establish logs to ensure traceable access to device
MLSR016_130: include login attempts, change of user authentication credentials, changes in list of valid user accounts, software updates in logs
MLSR049_632: provide capability for authorized users to remotely view all audit content related to user session in real time
MLSR049_628: allow authorized users to select a user session to capture/record user session
MLSR049_630: initiate session audits at system start-up
MLSR049_631: provide capability for authorized users to capture/record log related to user session
MLSR049_517: generate audit containing about type, source, outcome of event, when and where event occurred 
MLSR049_613: provide audit record generation capability for auditable and defined events 
MLSR049_613: allow personnel to select which auditable events are to be audited by specific components
MLSR049_619: allow authorized individuals to change auditing based on selectable event criteria within time thresholds
MLSR049_2147: audit event and initiate generation of audit record
MLSR074_595: capture event logs with user IDs, system activities, dates, times and details of key events
MLSR074_594: have capability to produce and keep event logs and ensure it is regularly reviewed
MLSR037_498: log transmission messages with time, date, origin and destination of message
MLSR076_99: capture audit log with successful and unsuccessful log-on attempts
MLSR076_100: capture and monitor audit log from user login/logout and local/remote access attempts
MLSR074_318: log unsuccessful and successful attempts
MLSR310_128: log all login, access control failures, and server-side input validation failures with sufficient user context
MLSR307_279: generate audit record of all individual accesses to cardholder data to identify compromised accounts 
MLSR307_280: log all actions taken by any individual with root or administrative privileges
MLSR307_282: log all invalid logical access attempts to identify an unauthorized user’s attempts to “brute force” or guess a password
MLSR307_283: log use of identification and authentication mechanisms including creation, updation and deletion in user accounts"
Do we have security requirements for Develop feature in system to generate and review logs related to system alarms in place?,MLSR020_211,"MLSR020_210: log occurrence and identity of High Priority alarm conditions
MLSR020_211: log time of occurrence, associated alarm limits, alarm signal inactivation states, physiological and technical alarm conditions
MLSR020_444: log all alarm conditions for quality assurance purpose and for study of critical incidents. 
MLSR020_446: log all generated alarm signals of alarm conditions at priority to assist analysis of problematic situations
MLSR020_447: log all entry and exit for each ALARM SIGNAL inactivation state like Alarm OFF, Alarm paused, Audio OFF, Audio paused
MLSR020_450: ensure log contents are stored either for specified period of time or until deleted by responsible organization
MLSR020_451: ensure log contents are available for review by operator as required
MLSR020_454: log technical alarm conditions that cannot be reset by operator action for servicing and maintenance purposes"
What are the requirements for Develop feature in system to generate and review logs related to system alarms?,MLSR020_211,"MLSR020_210: log occurrence and identity of High Priority alarm conditions
MLSR020_211: log time of occurrence, associated alarm limits, alarm signal inactivation states, physiological and technical alarm conditions
MLSR020_444: log all alarm conditions for quality assurance purpose and for study of critical incidents. 
MLSR020_446: log all generated alarm signals of alarm conditions at priority to assist analysis of problematic situations
MLSR020_447: log all entry and exit for each ALARM SIGNAL inactivation state like Alarm OFF, Alarm paused, Audio OFF, Audio paused
MLSR020_450: ensure log contents are stored either for specified period of time or until deleted by responsible organization
MLSR020_451: ensure log contents are available for review by operator as required
MLSR020_454: log technical alarm conditions that cannot be reset by operator action for servicing and maintenance purposes"
I need a requirement for secure Develop feature in system to generate and review logs related to system alarms.,MLSR020_211,"MLSR020_210: log occurrence and identity of High Priority alarm conditions
MLSR020_211: log time of occurrence, associated alarm limits, alarm signal inactivation states, physiological and technical alarm conditions
MLSR020_444: log all alarm conditions for quality assurance purpose and for study of critical incidents. 
MLSR020_446: log all generated alarm signals of alarm conditions at priority to assist analysis of problematic situations
MLSR020_447: log all entry and exit for each ALARM SIGNAL inactivation state like Alarm OFF, Alarm paused, Audio OFF, Audio paused
MLSR020_450: ensure log contents are stored either for specified period of time or until deleted by responsible organization
MLSR020_451: ensure log contents are available for review by operator as required
MLSR020_454: log technical alarm conditions that cannot be reset by operator action for servicing and maintenance purposes"
Give me requirements related to Develop feature in system to review and update audit records to enable accurate analysis and reporting.,MLSR049_507,"MLSR049_507: log auditable events, review and update audited events
MLSR049_513: review and update audited events
MLSR049_548: centrally review and analyze audit records from multiple components
MLSR049_555: allow only authorized users to analyze, review and report audit information
MLSR049_562: adjust level of audit review, analysis, and reporting when there is change in risk 
MLSR049_1180: audit and review nonlocal maintenance and diagnostic sessions
MLSR050_89: review and update logged events
MLSR079_311: record and review log files to critical systems
MLSR079_1061: log and review all access attempts to critical systems
MLSR307_306: review frequently all security events, logs of all system components that store, process or transmit sensitive data
MLSR049_761: review system changes to determine whether unauthorized changes have occurred"
What are the requirements for Develop feature in system to review and update audit records to enable accurate analysis and reporting?,MLSR049_507,"MLSR049_507: log auditable events, review and update audited events
MLSR049_513: review and update audited events
MLSR049_548: centrally review and analyze audit records from multiple components
MLSR049_555: allow only authorized users to analyze, review and report audit information
MLSR049_562: adjust level of audit review, analysis, and reporting when there is change in risk 
MLSR049_1180: audit and review nonlocal maintenance and diagnostic sessions
MLSR050_89: review and update logged events
MLSR079_311: record and review log files to critical systems
MLSR079_1061: log and review all access attempts to critical systems
MLSR307_306: review frequently all security events, logs of all system components that store, process or transmit sensitive data
MLSR049_761: review system changes to determine whether unauthorized changes have occurred"
I need a requirement for Develop feature in system to review and update audit records to enable accurate analysis and reporting.,MLSR049_507,"MLSR049_507: log auditable events, review and update audited events
MLSR049_513: review and update audited events
MLSR049_548: centrally review and analyze audit records from multiple components
MLSR049_555: allow only authorized users to analyze, review and report audit information
MLSR049_562: adjust level of audit review, analysis, and reporting when there is change in risk 
MLSR049_1180: audit and review nonlocal maintenance and diagnostic sessions
MLSR050_89: review and update logged events
MLSR079_311: record and review log files to critical systems
MLSR079_1061: log and review all access attempts to critical systems
MLSR307_306: review frequently all security events, logs of all system components that store, process or transmit sensitive data
MLSR049_761: review system changes to determine whether unauthorized changes have occurred"
"Give me requirements related to Employ tools for audit configuration, protection and analysis.",MLSR049_521,"MLSR049_521: centrally manage and configure content captured in audit records
MLSR049_543: employ mechanism to integrate audit review, analysis, and reporting processes
MLSR080_568: use security audit logging tool to monitor events
MLSR203_27: implement mechanism to define which log data will be collected, how it will be analyzed and which log entries require response
MLSR203_75: implement automated alarm trigger while logging critical events or states
MLSR088_71: use stand-alone repository or central repository to store audit files
MLSR043_91: capture audit files in standalone repository or in central repository
MLSR016_131: store security-related logs in non-volatile memory
MLSR208_74: implement audit log function to ensure data non-repudiation are maintained
MLSR219_107:  implement software mechanisms that record and examine activity in information systems
MLSR310_129: ensure logs are generated in a format that can be easily consumed by centralized log management solutions
MLSR307_284: log initialization of audit logs and stopping or pausing of audit logs
MLSR307_478: use automated log-correlation tools for timely identification of attack patterns and undesirable behavior across systems"
"What are the requirements for Employ tools for audit configuration, protection and analysis?",MLSR049_521,"MLSR049_521: centrally manage and configure content captured in audit records
MLSR049_543: employ mechanism to integrate audit review, analysis, and reporting processes
MLSR080_568: use security audit logging tool to monitor events
MLSR203_27: implement mechanism to define which log data will be collected, how it will be analyzed and which log entries require response
MLSR203_75: implement automated alarm trigger while logging critical events or states
MLSR088_71: use stand-alone repository or central repository to store audit files
MLSR043_91: capture audit files in standalone repository or in central repository
MLSR016_131: store security-related logs in non-volatile memory
MLSR208_74: implement audit log function to ensure data non-repudiation are maintained
MLSR219_107:  implement software mechanisms that record and examine activity in information systems
MLSR310_129: ensure logs are generated in a format that can be easily consumed by centralized log management solutions
MLSR307_284: log initialization of audit logs and stopping or pausing of audit logs
MLSR307_478: use automated log-correlation tools for timely identification of attack patterns and undesirable behavior across systems"
"I need a requirement for secure Employ tools for audit configuration, protection and analysis.",MLSR049_521,"MLSR049_521: centrally manage and configure content captured in audit records
MLSR049_543: employ mechanism to integrate audit review, analysis, and reporting processes
MLSR080_568: use security audit logging tool to monitor events
MLSR203_27: implement mechanism to define which log data will be collected, how it will be analyzed and which log entries require response
MLSR203_75: implement automated alarm trigger while logging critical events or states
MLSR088_71: use stand-alone repository or central repository to store audit files
MLSR043_91: capture audit files in standalone repository or in central repository
MLSR016_131: store security-related logs in non-volatile memory
MLSR208_74: implement audit log function to ensure data non-repudiation are maintained
MLSR219_107:  implement software mechanisms that record and examine activity in information systems
MLSR310_129: ensure logs are generated in a format that can be easily consumed by centralized log management solutions
MLSR307_284: log initialization of audit logs and stopping or pausing of audit logs
MLSR307_478: use automated log-correlation tools for timely identification of attack patterns and undesirable behavior across systems"
Show me security requirements for Employ mechanism in system to configure audit record storage capacity.,MLSR049_524,"MLSR049_524: allocate audit record storage capacity in accordance with requirements
MLSR049_526: off-load audit records onto a different system or media periodically
MLSR049_535: configure network communications traffic volume thresholds for auditing capacity and reject/delay network traffic above thresholds"
Give me requirements related to Employ mechanism in system to configure audit record storage capacity.,MLSR049_524,"MLSR049_524: allocate audit record storage capacity in accordance with requirements
MLSR049_526: off-load audit records onto a different system or media periodically
MLSR049_535: configure network communications traffic volume thresholds for auditing capacity and reject/delay network traffic above thresholds"
Give me requirements related to Employ mechanism in system to configure audit record storage capacity.,MLSR049_524,"MLSR049_524: allocate audit record storage capacity in accordance with requirements
MLSR049_526: off-load audit records onto a different system or media periodically
MLSR049_535: configure network communications traffic volume thresholds for auditing capacity and reject/delay network traffic above thresholds"
I need a requirement for Employ mechanism in system to alert system and application audit failures.,MLSR049_529,"MLSR049_529: alert organization-defined personnel or roles in event of audit failure
MLSR049_529: overwrite oldest audit records and stop generating audit records in event of audit failure
MLSR049_531: alert personnel when allocated audit record storage volume reaches maximum storage capacity
MLSR049_533: alert in real-time to personnel when audit failures occur
MLSR050_90: alert when audit logging process failure occurs
MLSR049_537:  invoke full/partial shutdown or degrade operational mode in event of audit failures
"
I need a requirement for secure Employ mechanism in system to alert system and application audit failures.,MLSR049_529,"MLSR049_529: alert organization-defined personnel or roles in event of audit failure
MLSR049_529: overwrite oldest audit records and stop generating audit records in event of audit failure
MLSR049_531: alert personnel when allocated audit record storage volume reaches maximum storage capacity
MLSR049_533: alert in real-time to personnel when audit failures occur
MLSR050_90: alert when audit logging process failure occurs
MLSR049_537:  invoke full/partial shutdown or degrade operational mode in event of audit failures
"
Give me all the requirements linked to Employ mechanism in system to alert system and application audit failures.,MLSR049_529,"MLSR049_529: alert organization-defined personnel or roles in event of audit failure
MLSR049_529: overwrite oldest audit records and stop generating audit records in event of audit failure
MLSR049_531: alert personnel when allocated audit record storage volume reaches maximum storage capacity
MLSR049_533: alert in real-time to personnel when audit failures occur
MLSR050_90: alert when audit logging process failure occurs
MLSR049_537:  invoke full/partial shutdown or degrade operational mode in event of audit failures
"
"Do we have any requirements for Develop feature in system to analyze, reduce and report audit information compliance?",MLSR049_565,"MLSR049_565: provide audit reduction and report generation capability
MLSR049_567: provide capability to process audit records for events of interest based on defined audit fields
MLSR049_569: provide capability to sort and search audit records for events of interest
MLSR049_540: review and analyze system audit records and report to authorized personnel
MLSR049_546: analyze, correlate audit records across different repositories
MLSR049_557: perform full text analysis of audited privileged commands 
MLSR049_559: correlate information from nontechnical sources with audit information
MLSR049_553: correlate information from audit records  to identify suspicious activity
MLSR049_550:  integrate analysis of audit records collected from other sources
MLSR065_61: ensure availability of audit logs for troubleshooting and investigation
MLSR050_92: provide audit record reduction and report generation 
MLSR050_91: correlate audit record review, analysis and reporting processes for investigation"
"Give me all the requirements linked to Develop feature in system to analyze, reduce and report audit information.",MLSR049_565,"MLSR049_565: provide audit reduction and report generation capability
MLSR049_567: provide capability to process audit records for events of interest based on defined audit fields
MLSR049_569: provide capability to sort and search audit records for events of interest
MLSR049_540: review and analyze system audit records and report to authorized personnel
MLSR049_546: analyze, correlate audit records across different repositories
MLSR049_557: perform full text analysis of audited privileged commands 
MLSR049_559: correlate information from nontechnical sources with audit information
MLSR049_553: correlate information from audit records  to identify suspicious activity
MLSR049_550:  integrate analysis of audit records collected from other sources
MLSR065_61: ensure availability of audit logs for troubleshooting and investigation
MLSR050_92: provide audit record reduction and report generation 
MLSR050_91: correlate audit record review, analysis and reporting processes for investigation"
"Fetch requirements mapped to Develop feature in system to analyze, reduce and report audit information.",MLSR049_565,"MLSR049_565: provide audit reduction and report generation capability
MLSR049_567: provide capability to process audit records for events of interest based on defined audit fields
MLSR049_569: provide capability to sort and search audit records for events of interest
MLSR049_540: review and analyze system audit records and report to authorized personnel
MLSR049_546: analyze, correlate audit records across different repositories
MLSR049_557: perform full text analysis of audited privileged commands 
MLSR049_559: correlate information from nontechnical sources with audit information
MLSR049_553: correlate information from audit records  to identify suspicious activity
MLSR049_550:  integrate analysis of audit records collected from other sources
MLSR065_61: ensure availability of audit logs for troubleshooting and investigation
MLSR050_92: provide audit record reduction and report generation 
MLSR050_91: correlate audit record review, analysis and reporting processes for investigation"
"Show me requirements that comply with Implement synchronization clocks for audit records to track time accurately across systems

.",MLSR049_572,"MLSR049_572: use internal system clocks to generate time stamps for audit records
MLSR049_573: capture timestamp for audit log with UTC or GMT that meets defined granularity of time
MLSR049_575: compare and synchronize internal system clocks with authoritative time source
MLSR049_577: identify secondary authoritative time source in a different geographic region than primary authoritative time source
MLSR049_615: compile audit records into system-wide audit trail that is time-correlated
MLSR065_66: use appropriate time source to synchronize systems and provide accurate audit log time stamping
MLSR074_615: provide capability that clock linked to radio time broadcast from national atomic clock can be used as master clock
MLSR074_615: ensure network time protocol is used to keep all servers in synchronization with master clock
MLSR037_530: provide time synchronization services to support tracing and reconstitution of activity timelines
MLSR307_293: use time-synchronization technology such as NTP to synchronize all critical system clocks and times for acquiring, distributing, and storing time
MLSR307_294: ensure critical systems have correct and consistent time such that time signals from external sources are based on UTC
MLSR307_298: ensure time settings are received from industry-accepted time sources"
"I need a requirement for Implement synchronization clocks for audit records to track time accurately across systems

.",MLSR049_572,"MLSR049_572: use internal system clocks to generate time stamps for audit records
MLSR049_573: capture timestamp for audit log with UTC or GMT that meets defined granularity of time
MLSR049_575: compare and synchronize internal system clocks with authoritative time source
MLSR049_577: identify secondary authoritative time source in a different geographic region than primary authoritative time source
MLSR049_615: compile audit records into system-wide audit trail that is time-correlated
MLSR065_66: use appropriate time source to synchronize systems and provide accurate audit log time stamping
MLSR074_615: provide capability that clock linked to radio time broadcast from national atomic clock can be used as master clock
MLSR074_615: ensure network time protocol is used to keep all servers in synchronization with master clock
MLSR037_530: provide time synchronization services to support tracing and reconstitution of activity timelines
MLSR307_293: use time-synchronization technology such as NTP to synchronize all critical system clocks and times for acquiring, distributing, and storing time
MLSR307_294: ensure critical systems have correct and consistent time such that time signals from external sources are based on UTC
MLSR307_298: ensure time settings are received from industry-accepted time sources"
"Fetch requirements mapped to Implement synchronization clocks for audit records to track time accurately across systems

.",MLSR049_572,"MLSR049_572: use internal system clocks to generate time stamps for audit records
MLSR049_573: capture timestamp for audit log with UTC or GMT that meets defined granularity of time
MLSR049_575: compare and synchronize internal system clocks with authoritative time source
MLSR049_577: identify secondary authoritative time source in a different geographic region than primary authoritative time source
MLSR049_615: compile audit records into system-wide audit trail that is time-correlated
MLSR065_66: use appropriate time source to synchronize systems and provide accurate audit log time stamping
MLSR074_615: provide capability that clock linked to radio time broadcast from national atomic clock can be used as master clock
MLSR074_615: ensure network time protocol is used to keep all servers in synchronization with master clock
MLSR037_530: provide time synchronization services to support tracing and reconstitution of activity timelines
MLSR307_293: use time-synchronization technology such as NTP to synchronize all critical system clocks and times for acquiring, distributing, and storing time
MLSR307_294: ensure critical systems have correct and consistent time such that time signals from external sources are based on UTC
MLSR307_298: ensure time settings are received from industry-accepted time sources"
Show me security requirements for Develop feature to log and alert events on mobile device.,MLSR305_156,"MLSR305_156: log security events for mobile device like enrollment and unenrollment
MLSR305_157: generate preconfigured reports from audit logs 
MLSR305_157: have capability to search or filter logs for specific data
MLSR309_29: provide logging features to record management actions undertaken by MDM administrators
MLSR309_60: ensure MDM agent provides alert via trusted channel to MDM Server for audit events
MLSR309_67: ensure MDM Agent queue audit event alerts if trusted channel is not available and send queued alerts when available
MLSR309_70: ensure MDM Agent generates audit record with startup/shutdown of MDM Agent, change in MDM policy
MLSR309_74: have capability to select auditable events based on event type, success/failure of auditable security events
MLSR309_109: record date, time, subject identity, type of the event in each MDM Agent audit record
MLSR309_117: ensure MDM Agent stores MDM audit records in platform-provided audit storage"
Give me all the requirements linked to Develop feature to log and alert events on mobile device.,MLSR305_156,"MLSR305_156: log security events for mobile device like enrollment and unenrollment
MLSR305_157: generate preconfigured reports from audit logs 
MLSR305_157: have capability to search or filter logs for specific data
MLSR309_29: provide logging features to record management actions undertaken by MDM administrators
MLSR309_60: ensure MDM agent provides alert via trusted channel to MDM Server for audit events
MLSR309_67: ensure MDM Agent queue audit event alerts if trusted channel is not available and send queued alerts when available
MLSR309_70: ensure MDM Agent generates audit record with startup/shutdown of MDM Agent, change in MDM policy
MLSR309_74: have capability to select auditable events based on event type, success/failure of auditable security events
MLSR309_109: record date, time, subject identity, type of the event in each MDM Agent audit record
MLSR309_117: ensure MDM Agent stores MDM audit records in platform-provided audit storage"
Show me requirements that comply with Develop feature to log and alert events on mobile device.,MLSR305_156,"MLSR305_156: log security events for mobile device like enrollment and unenrollment
MLSR305_157: generate preconfigured reports from audit logs 
MLSR305_157: have capability to search or filter logs for specific data
MLSR309_29: provide logging features to record management actions undertaken by MDM administrators
MLSR309_60: ensure MDM agent provides alert via trusted channel to MDM Server for audit events
MLSR309_67: ensure MDM Agent queue audit event alerts if trusted channel is not available and send queued alerts when available
MLSR309_70: ensure MDM Agent generates audit record with startup/shutdown of MDM Agent, change in MDM policy
MLSR309_74: have capability to select auditable events based on event type, success/failure of auditable security events
MLSR309_109: record date, time, subject identity, type of the event in each MDM Agent audit record
MLSR309_117: ensure MDM Agent stores MDM audit records in platform-provided audit storage"
I need a requirement for secure Implement mechanism to log events in containers.,MLSR301_154,"MLSR301_154: audit and log all write access to registries and read actions for sensitive images
MLSR301_182_1: associate and log all container creation with individual user identities to provide clear audit trail
MLSR301_190: ensure authentication to OS, login anomalies, any escalation to perform privileged operations is logged"
Show me security requirements for Implement mechanism to log events in containers.,MLSR301_154,"MLSR301_154: audit and log all write access to registries and read actions for sensitive images
MLSR301_182_1: associate and log all container creation with individual user identities to provide clear audit trail
MLSR301_190: ensure authentication to OS, login anomalies, any escalation to perform privileged operations is logged"
Give me all the requirements linked to Implement mechanism to log events in containers.,MLSR301_154,"MLSR301_154: audit and log all write access to registries and read actions for sensitive images
MLSR301_182_1: associate and log all container creation with individual user identities to provide clear audit trail
MLSR301_190: ensure authentication to OS, login anomalies, any escalation to perform privileged operations is logged"
I need a requirement for secure Configure audit record retention period for investigation.,MLSR049_610,"MLSR049_608:  retain audit records for investigation of security incidents
MLSR049_610: ensure that long-term audit records generated by system can be retrieved
MLSR065_156: ensure cloud provider retains security logs
MLSR050_86: capture and retain system audit logs and records
MLSR037_499: carefully assess and determine retention period for audit logs
MLSR307_310: retain audit trail history for at least one year, with a minimum of three months immediately available for analysis "
Do we have security requirements for Configure audit record retention period for investigation in place?,MLSR049_610,"MLSR049_608:  retain audit records for investigation of security incidents
MLSR049_610: ensure that long-term audit records generated by system can be retrieved
MLSR065_156: ensure cloud provider retains security logs
MLSR050_86: capture and retain system audit logs and records
MLSR037_499: carefully assess and determine retention period for audit logs
MLSR307_310: retain audit trail history for at least one year, with a minimum of three months immediately available for analysis "
Show me requirements that comply with Configure audit record retention period for investigation.,MLSR049_610,"MLSR049_608:  retain audit records for investigation of security incidents
MLSR049_610: ensure that long-term audit records generated by system can be retrieved
MLSR065_156: ensure cloud provider retains security logs
MLSR050_86: capture and retain system audit logs and records
MLSR037_499: carefully assess and determine retention period for audit logs
MLSR307_310: retain audit trail history for at least one year, with a minimum of three months immediately available for analysis "
Give me requirements related to Implement mechanism to restrict or prohibit use of portable storage devices .,MLSR049_435,"MLSR049_435: restrict use of portable storage devices by authorized individuals
MLSR049_440: prohibit use of network accessible storage devices in external systems
MLSR049_1223: restrict access to digital/non-digital media to authorized personnel
MLSR049_1235: restrict access to media storage areas and audit access attempts 
MLSR049_1240: restrict activities associated with transport of media to authorized personnel
MLSR049_1262: enforce dual authorization for sanitization of media
MLSR049_1267: restrict use of specific types of media on specific systems
MLSR049_1269: prohibit use of portable storage devices when no owner is identified
MLSR049_1271: prohibit use of sanitization-resistant media
MLSR076_145: limit or restrict use of removable disk drives
MLSR050_74: limit use of portable storage devices on external systems.
MLSR050_149: control access to media containing CUI
MLSR050_151: control use of removable media on system components"
I need a requirement for secure Implement mechanism to restrict or prohibit use of portable storage devices .,MLSR049_435,"MLSR049_435: restrict use of portable storage devices by authorized individuals
MLSR049_440: prohibit use of network accessible storage devices in external systems
MLSR049_1223: restrict access to digital/non-digital media to authorized personnel
MLSR049_1235: restrict access to media storage areas and audit access attempts 
MLSR049_1240: restrict activities associated with transport of media to authorized personnel
MLSR049_1262: enforce dual authorization for sanitization of media
MLSR049_1267: restrict use of specific types of media on specific systems
MLSR049_1269: prohibit use of portable storage devices when no owner is identified
MLSR049_1271: prohibit use of sanitization-resistant media
MLSR076_145: limit or restrict use of removable disk drives
MLSR050_74: limit use of portable storage devices on external systems.
MLSR050_149: control access to media containing CUI
MLSR050_151: control use of removable media on system components"
Give me requirements related to Implement mechanism to restrict or prohibit use of portable storage devices .,MLSR049_435,"MLSR049_435: restrict use of portable storage devices by authorized individuals
MLSR049_440: prohibit use of network accessible storage devices in external systems
MLSR049_1223: restrict access to digital/non-digital media to authorized personnel
MLSR049_1235: restrict access to media storage areas and audit access attempts 
MLSR049_1240: restrict activities associated with transport of media to authorized personnel
MLSR049_1262: enforce dual authorization for sanitization of media
MLSR049_1267: restrict use of specific types of media on specific systems
MLSR049_1269: prohibit use of portable storage devices when no owner is identified
MLSR049_1271: prohibit use of sanitization-resistant media
MLSR076_145: limit or restrict use of removable disk drives
MLSR050_74: limit use of portable storage devices on external systems.
MLSR050_149: control access to media containing CUI
MLSR050_151: control use of removable media on system components"
Show me requirements that comply with Implement mechanisms to protect and control media from unauthorized usage.,MLSR049_1238,"MLSR049_1232: control and securely store specific types of digital/non-digital media within controlled areas
MLSR049_1232: protect system media until destroyed or sanitized using approved techniques
MLSR049_1238: protect and control specific types of media during transport outside of controlled areas
MLSR049_1239: maintain accountability for media during transport outside of controlled areas
MLSR049_1245: employ an identified custodian during transport of media outside of controlled areas
MLSR049_1247: protect information stored on digital media during transport outside of controlled areas
MLSR050_144: protect system media containing CUI
MLSR050_150: implement cryptographic mechanisms to protect confidentiality of CUI stored on digital media
MLSR074_498: ensure encryption process on storage media is sufficiently strong and covers entire disk
MLSR074_499: ensure keys used in encryption process on storage media are long enough
MLSR074_500: ensure keys used in encryption process on storage media are kept confidential
MLSR074_500: ensure keys used in encryption process on storage media are never stored on the same disk
MLSR074_1026: categorize records into record types with details of retention periods and type of storage media
MLSR074_228: ensure media containing information is protected during transportation
MLSR037_263: physically protect media or encrypt data stored on media
MLSR037_263: monitor status and location of media containing unencrypted PHI
MLSR037_265: ensure all PHI stored on removable media are encrypted during transit or at rest
MLSR043_190: encrypt health data stored on removable media
MLSR219_105: govern receipt and removal of hardware and electronic media that contain ePHI into and out of a facility
MLSR049_1169: check media containing diagnostic and test programs for malicious code"
Show me security requirements for Implement mechanisms to protect and control media from unauthorized usage.,MLSR049_1238,"MLSR049_1232: control and securely store specific types of digital/non-digital media within controlled areas
MLSR049_1232: protect system media until destroyed or sanitized using approved techniques
MLSR049_1238: protect and control specific types of media during transport outside of controlled areas
MLSR049_1239: maintain accountability for media during transport outside of controlled areas
MLSR049_1245: employ an identified custodian during transport of media outside of controlled areas
MLSR049_1247: protect information stored on digital media during transport outside of controlled areas
MLSR050_144: protect system media containing CUI
MLSR050_150: implement cryptographic mechanisms to protect confidentiality of CUI stored on digital media
MLSR074_498: ensure encryption process on storage media is sufficiently strong and covers entire disk
MLSR074_499: ensure keys used in encryption process on storage media are long enough
MLSR074_500: ensure keys used in encryption process on storage media are kept confidential
MLSR074_500: ensure keys used in encryption process on storage media are never stored on the same disk
MLSR074_1026: categorize records into record types with details of retention periods and type of storage media
MLSR074_228: ensure media containing information is protected during transportation
MLSR037_263: physically protect media or encrypt data stored on media
MLSR037_263: monitor status and location of media containing unencrypted PHI
MLSR037_265: ensure all PHI stored on removable media are encrypted during transit or at rest
MLSR043_190: encrypt health data stored on removable media
MLSR219_105: govern receipt and removal of hardware and electronic media that contain ePHI into and out of a facility
MLSR049_1169: check media containing diagnostic and test programs for malicious code"
Give me all the requirements linked to Implement mechanisms to protect and control media from unauthorized usage.,MLSR049_1238,"MLSR049_1232: control and securely store specific types of digital/non-digital media within controlled areas
MLSR049_1232: protect system media until destroyed or sanitized using approved techniques
MLSR049_1238: protect and control specific types of media during transport outside of controlled areas
MLSR049_1239: maintain accountability for media during transport outside of controlled areas
MLSR049_1245: employ an identified custodian during transport of media outside of controlled areas
MLSR049_1247: protect information stored on digital media during transport outside of controlled areas
MLSR050_144: protect system media containing CUI
MLSR050_150: implement cryptographic mechanisms to protect confidentiality of CUI stored on digital media
MLSR074_498: ensure encryption process on storage media is sufficiently strong and covers entire disk
MLSR074_499: ensure keys used in encryption process on storage media are long enough
MLSR074_500: ensure keys used in encryption process on storage media are kept confidential
MLSR074_500: ensure keys used in encryption process on storage media are never stored on the same disk
MLSR074_1026: categorize records into record types with details of retention periods and type of storage media
MLSR074_228: ensure media containing information is protected during transportation
MLSR037_263: physically protect media or encrypt data stored on media
MLSR037_263: monitor status and location of media containing unencrypted PHI
MLSR037_265: ensure all PHI stored on removable media are encrypted during transit or at rest
MLSR043_190: encrypt health data stored on removable media
MLSR219_105: govern receipt and removal of hardware and electronic media that contain ePHI into and out of a facility
MLSR049_1169: check media containing diagnostic and test programs for malicious code"
I need a requirement for secure Employ mechanisms for sanitization and disposal of media.,MLSR049_1250,"MLSR049_1250: employ sanitization mechanism prior to disposal with strength and integrity according to security category
MLSR049_1257: apply nondestructive sanitization techniques to portable storage devices prior to initial use
MLSR049_1264: purge/wipe information from media either remotely or under defined conditions
MLSR050_146: sanitize or destroy media containing CUI before disposal or release for reuse
MLSR074_496: ensure storage media containing confidential or copyrighted information is physically destroyed, deleted or overwritten 
MLSR092_212: enforce to implement secure data erasure functions from storage media on device
MLSR037_268: ensure all PHI stored in media are securely erased or destroyed when it is no longer required"
I need a requirement for Employ mechanisms for sanitization and disposal of media.,MLSR049_1250,"MLSR049_1250: employ sanitization mechanism prior to disposal with strength and integrity according to security category
MLSR049_1257: apply nondestructive sanitization techniques to portable storage devices prior to initial use
MLSR049_1264: purge/wipe information from media either remotely or under defined conditions
MLSR050_146: sanitize or destroy media containing CUI before disposal or release for reuse
MLSR074_496: ensure storage media containing confidential or copyrighted information is physically destroyed, deleted or overwritten 
MLSR092_212: enforce to implement secure data erasure functions from storage media on device
MLSR037_268: ensure all PHI stored in media are securely erased or destroyed when it is no longer required"
Do we have any requirements for Employ mechanisms for sanitization and disposal of media compliance?,MLSR049_1250,"MLSR049_1250: employ sanitization mechanism prior to disposal with strength and integrity according to security category
MLSR049_1257: apply nondestructive sanitization techniques to portable storage devices prior to initial use
MLSR049_1264: purge/wipe information from media either remotely or under defined conditions
MLSR050_146: sanitize or destroy media containing CUI before disposal or release for reuse
MLSR074_496: ensure storage media containing confidential or copyrighted information is physically destroyed, deleted or overwritten 
MLSR092_212: enforce to implement secure data erasure functions from storage media on device
MLSR037_268: ensure all PHI stored in media are securely erased or destroyed when it is no longer required"
Do we have any requirements for Employ media downgrade mechanisms to ensure adherence to security policy compliance?,MLSR049_1274,"MLSR049_1274: employ downgrading mechanisms with strength and integrity for media
MLSR049_1280: downgrade media containing CUI prior to public release
MLSR049_1281: downgrade media containing classified information prior to release to individuals"
I need a requirement for Employ media downgrade mechanisms to ensure adherence to security policy.,MLSR049_1274,"MLSR049_1274: employ downgrading mechanisms with strength and integrity for media
MLSR049_1280: downgrade media containing CUI prior to public release
MLSR049_1281: downgrade media containing classified information prior to release to individuals"
Show me requirements that comply with Employ media downgrade mechanisms to ensure adherence to security policy.,MLSR049_1274,"MLSR049_1274: employ downgrading mechanisms with strength and integrity for media
MLSR049_1280: downgrade media containing CUI prior to public release
MLSR049_1281: downgrade media containing classified information prior to release to individuals"
I need a requirement for Implement mechanisms to prevent use of unauthorized software in systems.,MLSR074_559,"MLSR074_559: implement controls that prevent or detect use of unauthorized software
MLSR049_794: employ allow-all, deny-by-exception policy to prohibit execution of unauthorized software 
MLSR049_794: prohibit unauthorized software programs to execute on system
MLSR049_794: review and update list of unauthorized software programs frequently
MLSR049_796 : employ deny-all, permit-by-exception policy to allow execution of authorized software programs on information system
MLSR076_164: prohibit use of unnecessary software on systems
MLSR049_790: prevent program execution in accordance with policies regarding software program usage and restrictions
MLSR210_136: implement IT security measures to limit only necessary software is run as intended
MLSR074_348: remove or disable all unnecessary utility programs"
Give me requirements related to Implement mechanisms to prevent use of unauthorized software in systems.,MLSR074_559,"MLSR074_559: implement controls that prevent or detect use of unauthorized software
MLSR049_794: employ allow-all, deny-by-exception policy to prohibit execution of unauthorized software 
MLSR049_794: prohibit unauthorized software programs to execute on system
MLSR049_794: review and update list of unauthorized software programs frequently
MLSR049_796 : employ deny-all, permit-by-exception policy to allow execution of authorized software programs on information system
MLSR076_164: prohibit use of unnecessary software on systems
MLSR049_790: prevent program execution in accordance with policies regarding software program usage and restrictions
MLSR210_136: implement IT security measures to limit only necessary software is run as intended
MLSR074_348: remove or disable all unnecessary utility programs"
Do we have security requirements for Implement mechanisms to prevent use of unauthorized software in systems in place?,MLSR074_559,"MLSR074_559: implement controls that prevent or detect use of unauthorized software
MLSR049_794: employ allow-all, deny-by-exception policy to prohibit execution of unauthorized software 
MLSR049_794: prohibit unauthorized software programs to execute on system
MLSR049_794: review and update list of unauthorized software programs frequently
MLSR049_796 : employ deny-all, permit-by-exception policy to allow execution of authorized software programs on information system
MLSR076_164: prohibit use of unnecessary software on systems
MLSR049_790: prevent program execution in accordance with policies regarding software program usage and restrictions
MLSR210_136: implement IT security measures to limit only necessary software is run as intended
MLSR074_348: remove or disable all unnecessary utility programs"
I need a requirement for Employ mechanism to disable unnecessary features in system to improve security.,MLSR049_785,"MLSR049_785: configure system to provide only essential capabilities
MLSR049_785: prohibit or restrict use of functions, ports, protocols, and/or services
MLSR049_788: review and identify unnecessary/nonsecure functions and services and disable when not required
MLSR049_792: ensure compliance with registration requirements for functions, ports, protocols, and services
MLSR049_1743: minimize number of nonsecurity functions included within isolation boundary containing security functions 
MLSR049_1912: employ defined system components with minimal functionality and information storage
MLSR076_116: limit use of remote computers, ports and communication types
MLSR076_372: disable unnecessary services
MLSR050_105: employ principle of least functionality to provide only essential capabilities
MLSR203_54: de-activate services that are not needed for operation of device
MLSR088_118: provide services required according to its intended use
MLSR103_57: disable unnecessary ports, protocols and services that expose sensitive data 
MLSR092_106: enable only necessary components required to operate medical device
MLSR092_168: ensure to remove all unnecessary functionality
MLSR078_270: reduce sniffing access by controlling and closing unused voice and data ports 
MLSR310_60: disable XML external entity and DTD processing in all XML parsers in application
MLSR310_76: disable web server directory listing and ensure file metadata and backup files are not present in web roots
MLSR310_87: ensure minimal platform without any unnecessary features, components and remove unused features and frameworks
MLSR307_53: remove all unnecessary functionality, such as scripts, drivers, features, subsystems, file systems, and unnecessary web servers
MLSR310_120: remove libraries and components that are unmaintained
"
Show me security requirements for Employ mechanism to disable unnecessary features in system to improve security.,MLSR049_785,"MLSR049_785: configure system to provide only essential capabilities
MLSR049_785: prohibit or restrict use of functions, ports, protocols, and/or services
MLSR049_788: review and identify unnecessary/nonsecure functions and services and disable when not required
MLSR049_792: ensure compliance with registration requirements for functions, ports, protocols, and services
MLSR049_1743: minimize number of nonsecurity functions included within isolation boundary containing security functions 
MLSR049_1912: employ defined system components with minimal functionality and information storage
MLSR076_116: limit use of remote computers, ports and communication types
MLSR076_372: disable unnecessary services
MLSR050_105: employ principle of least functionality to provide only essential capabilities
MLSR203_54: de-activate services that are not needed for operation of device
MLSR088_118: provide services required according to its intended use
MLSR103_57: disable unnecessary ports, protocols and services that expose sensitive data 
MLSR092_106: enable only necessary components required to operate medical device
MLSR092_168: ensure to remove all unnecessary functionality
MLSR078_270: reduce sniffing access by controlling and closing unused voice and data ports 
MLSR310_60: disable XML external entity and DTD processing in all XML parsers in application
MLSR310_76: disable web server directory listing and ensure file metadata and backup files are not present in web roots
MLSR310_87: ensure minimal platform without any unnecessary features, components and remove unused features and frameworks
MLSR307_53: remove all unnecessary functionality, such as scripts, drivers, features, subsystems, file systems, and unnecessary web servers
MLSR310_120: remove libraries and components that are unmaintained
"
I need a requirement for Employ mechanism to disable unnecessary features in system to improve security.,MLSR049_785,"MLSR049_785: configure system to provide only essential capabilities
MLSR049_785: prohibit or restrict use of functions, ports, protocols, and/or services
MLSR049_788: review and identify unnecessary/nonsecure functions and services and disable when not required
MLSR049_792: ensure compliance with registration requirements for functions, ports, protocols, and services
MLSR049_1743: minimize number of nonsecurity functions included within isolation boundary containing security functions 
MLSR049_1912: employ defined system components with minimal functionality and information storage
MLSR076_116: limit use of remote computers, ports and communication types
MLSR076_372: disable unnecessary services
MLSR050_105: employ principle of least functionality to provide only essential capabilities
MLSR203_54: de-activate services that are not needed for operation of device
MLSR088_118: provide services required according to its intended use
MLSR103_57: disable unnecessary ports, protocols and services that expose sensitive data 
MLSR092_106: enable only necessary components required to operate medical device
MLSR092_168: ensure to remove all unnecessary functionality
MLSR078_270: reduce sniffing access by controlling and closing unused voice and data ports 
MLSR310_60: disable XML external entity and DTD processing in all XML parsers in application
MLSR310_76: disable web server directory listing and ensure file metadata and backup files are not present in web roots
MLSR310_87: ensure minimal platform without any unnecessary features, components and remove unused features and frameworks
MLSR307_53: remove all unnecessary functionality, such as scripts, drivers, features, subsystems, file systems, and unnecessary web servers
MLSR310_120: remove libraries and components that are unmaintained
"
Do we have security requirements for Employ mechanisms to prohibit direct connection without boundary protection device in place?,MLSR049_669,"MLSR049_669 : prohibit direct connection of unclassified system to external network without boundary protection device
MLSR049_671 : prohibit direct connection of classified system to external network without boundary protection device
MLSR049_673 : prohibit direct connection of unclassified non-national security system to external network without boundary protection device
MLSR049_675 : prohibit direct connection of system to public network"
Fetch requirements mapped to Employ mechanisms to prohibit direct connection without boundary protection device.,MLSR049_669,"MLSR049_669 : prohibit direct connection of unclassified system to external network without boundary protection device
MLSR049_671 : prohibit direct connection of classified system to external network without boundary protection device
MLSR049_673 : prohibit direct connection of unclassified non-national security system to external network without boundary protection device
MLSR049_675 : prohibit direct connection of system to public network"
Give me all the requirements linked to Employ mechanisms to prohibit direct connection without boundary protection device.,MLSR049_669,"MLSR049_669 : prohibit direct connection of unclassified system to external network without boundary protection device
MLSR049_671 : prohibit direct connection of classified system to external network without boundary protection device
MLSR049_673 : prohibit direct connection of unclassified non-national security system to external network without boundary protection device
MLSR049_675 : prohibit direct connection of system to public network"
I need a requirement for secure Configure monitoring of network and encrypt communication traffic to restrict malicious network packets.,MLSR049_677,"MLSR049_677: employ allow-all, deny-by-exception, deny-all, permit-by-exception policy to connect to external systems 
MLSR049_1777: deny network communication traffic by default and allow by exception
MLSR049_1782: route internal communication traffic to external networks through authenticated proxy servers
MLSR049_1786: prevent unauthorized exfiltration of information across managed interfaces 
MLSR049_1788: allow only incoming communication from authorized sources to be routed to authorized destination
MLSR049_1800: enforce adherence to protocol formats through use of deep packet inspection firewalls and XML gateways
MLSR049_1804: block inbound and outbound communication traffic
MLSR049_1812: disable feedback to senders on protocol format validation failure
MLSR049_2088: ensure encrypted communication traffic is visible to authorized monitoring tool
MLSR076_119: initialize TCP/IP filtering and IPsec on network interface cards
MLSR076_120: encrypt communications using IPsec tunnel mode to create VPNs
MLSR080_774: ensure to separate time-critical application traffic from information traffic
MLSR055_280: monitor activity from intelligence points such as messaging filters, DNS
MLSR092_139: include security measures for filtering data exchange on networks
MLSR208_72: protect message control/ sequencing fields in communication protocols
MLSR078_198: restrict flow of data on communication channels to protect against unauthorized source
"
I need a requirement for secure Configure monitoring of network and encrypt communication traffic to restrict malicious network packets.,MLSR049_677,"MLSR049_677: employ allow-all, deny-by-exception, deny-all, permit-by-exception policy to connect to external systems 
MLSR049_1777: deny network communication traffic by default and allow by exception
MLSR049_1782: route internal communication traffic to external networks through authenticated proxy servers
MLSR049_1786: prevent unauthorized exfiltration of information across managed interfaces 
MLSR049_1788: allow only incoming communication from authorized sources to be routed to authorized destination
MLSR049_1800: enforce adherence to protocol formats through use of deep packet inspection firewalls and XML gateways
MLSR049_1804: block inbound and outbound communication traffic
MLSR049_1812: disable feedback to senders on protocol format validation failure
MLSR049_2088: ensure encrypted communication traffic is visible to authorized monitoring tool
MLSR076_119: initialize TCP/IP filtering and IPsec on network interface cards
MLSR076_120: encrypt communications using IPsec tunnel mode to create VPNs
MLSR080_774: ensure to separate time-critical application traffic from information traffic
MLSR055_280: monitor activity from intelligence points such as messaging filters, DNS
MLSR092_139: include security measures for filtering data exchange on networks
MLSR208_72: protect message control/ sequencing fields in communication protocols
MLSR078_198: restrict flow of data on communication channels to protect against unauthorized source
"
Give me all the requirements linked to Configure monitoring of network and encrypt communication traffic to restrict malicious network packets.,MLSR049_677,"MLSR049_677: employ allow-all, deny-by-exception, deny-all, permit-by-exception policy to connect to external systems 
MLSR049_1777: deny network communication traffic by default and allow by exception
MLSR049_1782: route internal communication traffic to external networks through authenticated proxy servers
MLSR049_1786: prevent unauthorized exfiltration of information across managed interfaces 
MLSR049_1788: allow only incoming communication from authorized sources to be routed to authorized destination
MLSR049_1800: enforce adherence to protocol formats through use of deep packet inspection firewalls and XML gateways
MLSR049_1804: block inbound and outbound communication traffic
MLSR049_1812: disable feedback to senders on protocol format validation failure
MLSR049_2088: ensure encrypted communication traffic is visible to authorized monitoring tool
MLSR076_119: initialize TCP/IP filtering and IPsec on network interface cards
MLSR076_120: encrypt communications using IPsec tunnel mode to create VPNs
MLSR080_774: ensure to separate time-critical application traffic from information traffic
MLSR055_280: monitor activity from intelligence points such as messaging filters, DNS
MLSR092_139: include security measures for filtering data exchange on networks
MLSR208_72: protect message control/ sequencing fields in communication protocols
MLSR078_198: restrict flow of data on communication channels to protect against unauthorized source
"
"Do we have security requirements for Employ barrier device to monitor, control and protect communication over a network in place?",MLSR079_957,"MLSR079_957: use barrier device to manage communication across conduit that links control zone to business zone
MLSR079_977: employ barrier device to segment high-risk devices into control zones
MLSR079_959: configure barrier device to deny all communication by default and only allow by exception
MLSR079_960: ensure ports and services used as attack vectors are not opened through barrier device
MLSR079_961: open only fewer number of ports and services through barrier device
MLSR079_978: employ barrier devices within control system to separate control networks from PCN
MLSR079_981: employ add-on barrier devices within control zone
MLSR079_982: employ centrally managed security profile on all control zone barrier devices
MLSR079_990: perform automated assessment to verify barrier device configuration is correctly implemented
MLSR076_115: implement barrier devices between system, network and Internet
MLSR050_56: enforce control flow of CUI through firewalls in accordance with approved authorizations at external boundaries 
MLSR050_189: monitor, control, protect communication at external and internal boundaries 
MLSR076_371: prevent unauthorized network access through firewall
MLSR080_411: ensure firewall only open for traffic from process control network to administrative network 
MLSR080_432: employ micro-firewalls in addition to network based firewalls 
MLSR080_391: use firewalls to control access to and from a network
MLSR079_283: isolate high-risk systems from or employ a barrier device to separate from other zones with different security levels 
MLSR079_284: employ barrier devices that block all non-essential communications in and out of security zone containing critical control equipment"
"Fetch requirements mapped to Employ barrier device to monitor, control and protect communication over a network.",MLSR079_957,"MLSR079_957: use barrier device to manage communication across conduit that links control zone to business zone
MLSR079_977: employ barrier device to segment high-risk devices into control zones
MLSR079_959: configure barrier device to deny all communication by default and only allow by exception
MLSR079_960: ensure ports and services used as attack vectors are not opened through barrier device
MLSR079_961: open only fewer number of ports and services through barrier device
MLSR079_978: employ barrier devices within control system to separate control networks from PCN
MLSR079_981: employ add-on barrier devices within control zone
MLSR079_982: employ centrally managed security profile on all control zone barrier devices
MLSR079_990: perform automated assessment to verify barrier device configuration is correctly implemented
MLSR076_115: implement barrier devices between system, network and Internet
MLSR050_56: enforce control flow of CUI through firewalls in accordance with approved authorizations at external boundaries 
MLSR050_189: monitor, control, protect communication at external and internal boundaries 
MLSR076_371: prevent unauthorized network access through firewall
MLSR080_411: ensure firewall only open for traffic from process control network to administrative network 
MLSR080_432: employ micro-firewalls in addition to network based firewalls 
MLSR080_391: use firewalls to control access to and from a network
MLSR079_283: isolate high-risk systems from or employ a barrier device to separate from other zones with different security levels 
MLSR079_284: employ barrier devices that block all non-essential communications in and out of security zone containing critical control equipment"
"Show me requirements that comply with Employ barrier device to monitor, control and protect communication over a network.",MLSR079_957,"MLSR079_957: use barrier device to manage communication across conduit that links control zone to business zone
MLSR079_977: employ barrier device to segment high-risk devices into control zones
MLSR079_959: configure barrier device to deny all communication by default and only allow by exception
MLSR079_960: ensure ports and services used as attack vectors are not opened through barrier device
MLSR079_961: open only fewer number of ports and services through barrier device
MLSR079_978: employ barrier devices within control system to separate control networks from PCN
MLSR079_981: employ add-on barrier devices within control zone
MLSR079_982: employ centrally managed security profile on all control zone barrier devices
MLSR079_990: perform automated assessment to verify barrier device configuration is correctly implemented
MLSR076_115: implement barrier devices between system, network and Internet
MLSR050_56: enforce control flow of CUI through firewalls in accordance with approved authorizations at external boundaries 
MLSR050_189: monitor, control, protect communication at external and internal boundaries 
MLSR076_371: prevent unauthorized network access through firewall
MLSR080_411: ensure firewall only open for traffic from process control network to administrative network 
MLSR080_432: employ micro-firewalls in addition to network based firewalls 
MLSR080_391: use firewalls to control access to and from a network
MLSR079_283: isolate high-risk systems from or employ a barrier device to separate from other zones with different security levels 
MLSR079_284: employ barrier devices that block all non-essential communications in and out of security zone containing critical control equipment"
What are the requirements for Configure control networks and implement secure communication channels for cardholder data environment?,MLSR307_31,"MLSR307_31: build firewall and router configurations that restrict connections between untrusted networks and components
MLSR307_32: restrict inbound and outbound traffic as necessary for cardholder data environment and deny all other traffic
MLSR307_33: secure and synchronize router configuration files such as running configuration match with start-up configuration
MLSR307_34: install perimeter firewalls between all wireless networks and cardholder data environment
MLSR307_34: configure perimeter firewalls to deny/ permit only authorized traffic between wireless environment and cardholder data environment
MLSR307_35: prohibit direct public access between Internet and any system component in cardholder data environment
MLSR307_39: prohibit unauthorized outbound traffic from cardholder data environment to Internet
MLSR307_40: permit only “established” connections into network
MLSR307_42: restrict disclosure of private IP addresses and routing information from internal networks to Internet using methods to obscure IP addressing such as NAT
MLSR307_43: install personal firewall software or equivalent functionality on any portable computing devices used to access cardholder data environment
MLSR307_54: implement secure authentication and encrypted communications for all non-console administrative access
MLSR307_129: use secure versions of protocols to safeguard sensitive cardholder data during transmission over open, public networks
MLSR307_174: address insecure communications by encrypting all sensitive communications"
Do we have security requirements for Configure control networks and implement secure communication channels for cardholder data environment in place?,MLSR307_31,"MLSR307_31: build firewall and router configurations that restrict connections between untrusted networks and components
MLSR307_32: restrict inbound and outbound traffic as necessary for cardholder data environment and deny all other traffic
MLSR307_33: secure and synchronize router configuration files such as running configuration match with start-up configuration
MLSR307_34: install perimeter firewalls between all wireless networks and cardholder data environment
MLSR307_34: configure perimeter firewalls to deny/ permit only authorized traffic between wireless environment and cardholder data environment
MLSR307_35: prohibit direct public access between Internet and any system component in cardholder data environment
MLSR307_39: prohibit unauthorized outbound traffic from cardholder data environment to Internet
MLSR307_40: permit only “established” connections into network
MLSR307_42: restrict disclosure of private IP addresses and routing information from internal networks to Internet using methods to obscure IP addressing such as NAT
MLSR307_43: install personal firewall software or equivalent functionality on any portable computing devices used to access cardholder data environment
MLSR307_54: implement secure authentication and encrypted communications for all non-console administrative access
MLSR307_129: use secure versions of protocols to safeguard sensitive cardholder data during transmission over open, public networks
MLSR307_174: address insecure communications by encrypting all sensitive communications"
Give me all the requirements linked to Configure control networks and implement secure communication channels for cardholder data environment.,MLSR307_31,"MLSR307_31: build firewall and router configurations that restrict connections between untrusted networks and components
MLSR307_32: restrict inbound and outbound traffic as necessary for cardholder data environment and deny all other traffic
MLSR307_33: secure and synchronize router configuration files such as running configuration match with start-up configuration
MLSR307_34: install perimeter firewalls between all wireless networks and cardholder data environment
MLSR307_34: configure perimeter firewalls to deny/ permit only authorized traffic between wireless environment and cardholder data environment
MLSR307_35: prohibit direct public access between Internet and any system component in cardholder data environment
MLSR307_39: prohibit unauthorized outbound traffic from cardholder data environment to Internet
MLSR307_40: permit only “established” connections into network
MLSR307_42: restrict disclosure of private IP addresses and routing information from internal networks to Internet using methods to obscure IP addressing such as NAT
MLSR307_43: install personal firewall software or equivalent functionality on any portable computing devices used to access cardholder data environment
MLSR307_54: implement secure authentication and encrypted communications for all non-console administrative access
MLSR307_129: use secure versions of protocols to safeguard sensitive cardholder data during transmission over open, public networks
MLSR307_174: address insecure communications by encrypting all sensitive communications"
Show me security requirements for Implement network controls and employ mechanism to secure network connections .,MLSR049_709,"MLSR049_709: authorize internal system connections of system components to information system
MLSR049_711: perform compliance checks on system components prior to establishment of internal connection
MLSR105_69: design devices to “deny by default” and reject all unauthorized connections
MLSR222_1511: ensure connection is safe and does not impair performance when device is used in combination with other devices
MLSR208_68: protect device interface that interface other devices or networks such as Wi-Fi, Ethernet, Bluetooth and USB
MLSR208_73: have security control when communicating with less secure devices
MLSR049_1798: prevent discovery of specific system components/devices composing a managed interface
MLSR049_1826: terminate network connection associated at end of session or after defined time period of inactivity
MLSR049_1897: protect authenticity of communications sessions such that it establishes confidence at both ends of communication sessions in  identities of endpoints 
MLSR049_1773: limit number of external network connections to system
MLSR076_114: evaluate network exposure and configure network security for data communication
MLSR076_118: prevent use of externally addressable Internet protocol (IP) addresses
MLSR050_73: verify and limit connections to and use of external system
MLSR074_661: ensure networks are managed and controlled to protect information in systems and applications
MLSR074_663: implement network controls to safeguard confidentiality and integrity of data passing over public networks
MLSR078_196: ensure integrity of data on selected communication channels to protect against unauthorized changes
MLSR080_441: ensure to properly configure VLANS to allow switches to enforce security policies and segregate traffic at Ethernet layer
MLSR080_411_2: ensure network components on process control network are managed centrally
MLSR092_132: ensure environment has secure network access for medical device
MLSR092_142: use VPN to safeguard logical security within local network
MLSR102_221: enforce removal of internet accessibility and direct network connectivity to device
MLSR102_220: implement trusted access for network connected devices to prevent unauthorized access"
Show me requirements that comply with Implement network controls and employ mechanism to secure network connections .,MLSR049_709,"MLSR049_709: authorize internal system connections of system components to information system
MLSR049_711: perform compliance checks on system components prior to establishment of internal connection
MLSR105_69: design devices to “deny by default” and reject all unauthorized connections
MLSR222_1511: ensure connection is safe and does not impair performance when device is used in combination with other devices
MLSR208_68: protect device interface that interface other devices or networks such as Wi-Fi, Ethernet, Bluetooth and USB
MLSR208_73: have security control when communicating with less secure devices
MLSR049_1798: prevent discovery of specific system components/devices composing a managed interface
MLSR049_1826: terminate network connection associated at end of session or after defined time period of inactivity
MLSR049_1897: protect authenticity of communications sessions such that it establishes confidence at both ends of communication sessions in  identities of endpoints 
MLSR049_1773: limit number of external network connections to system
MLSR076_114: evaluate network exposure and configure network security for data communication
MLSR076_118: prevent use of externally addressable Internet protocol (IP) addresses
MLSR050_73: verify and limit connections to and use of external system
MLSR074_661: ensure networks are managed and controlled to protect information in systems and applications
MLSR074_663: implement network controls to safeguard confidentiality and integrity of data passing over public networks
MLSR078_196: ensure integrity of data on selected communication channels to protect against unauthorized changes
MLSR080_441: ensure to properly configure VLANS to allow switches to enforce security policies and segregate traffic at Ethernet layer
MLSR080_411_2: ensure network components on process control network are managed centrally
MLSR092_132: ensure environment has secure network access for medical device
MLSR092_142: use VPN to safeguard logical security within local network
MLSR102_221: enforce removal of internet accessibility and direct network connectivity to device
MLSR102_220: implement trusted access for network connected devices to prevent unauthorized access"
What are the requirements for Implement network controls and employ mechanism to secure network connections ?,MLSR049_709,"MLSR049_709: authorize internal system connections of system components to information system
MLSR049_711: perform compliance checks on system components prior to establishment of internal connection
MLSR105_69: design devices to “deny by default” and reject all unauthorized connections
MLSR222_1511: ensure connection is safe and does not impair performance when device is used in combination with other devices
MLSR208_68: protect device interface that interface other devices or networks such as Wi-Fi, Ethernet, Bluetooth and USB
MLSR208_73: have security control when communicating with less secure devices
MLSR049_1798: prevent discovery of specific system components/devices composing a managed interface
MLSR049_1826: terminate network connection associated at end of session or after defined time period of inactivity
MLSR049_1897: protect authenticity of communications sessions such that it establishes confidence at both ends of communication sessions in  identities of endpoints 
MLSR049_1773: limit number of external network connections to system
MLSR076_114: evaluate network exposure and configure network security for data communication
MLSR076_118: prevent use of externally addressable Internet protocol (IP) addresses
MLSR050_73: verify and limit connections to and use of external system
MLSR074_661: ensure networks are managed and controlled to protect information in systems and applications
MLSR074_663: implement network controls to safeguard confidentiality and integrity of data passing over public networks
MLSR078_196: ensure integrity of data on selected communication channels to protect against unauthorized changes
MLSR080_441: ensure to properly configure VLANS to allow switches to enforce security policies and segregate traffic at Ethernet layer
MLSR080_411_2: ensure network components on process control network are managed centrally
MLSR092_132: ensure environment has secure network access for medical device
MLSR092_142: use VPN to safeguard logical security within local network
MLSR102_221: enforce removal of internet accessibility and direct network connectivity to device
MLSR102_220: implement trusted access for network connected devices to prevent unauthorized access"
Show me requirements that comply with Implement host-based boundary mechanisms to protect applications from attacks.,MLSR049_1790,"MLSR049_1790: implement host-based-firewalls at system components 
MLSR065_78: ensure to run host firewall with only minimum ports necessary to support services within virtual instance 
MLSR080_420: use host-based firewalls to protect application from DoS attacks
MLSR055_322: ensure end-users enable personal firewall and host-based IDS to protect against risks 
MLSR065_79: run host-based intrusion prevention service (IPS) in virtual instance
MLSR065_157: build HIPS/HIDS in virtual machine image and integrate information collected by intrusion detection and prevention systems 
"
Fetch requirements mapped to Implement host-based boundary mechanisms to protect applications from attacks.,MLSR049_1790,"MLSR049_1790: implement host-based-firewalls at system components 
MLSR065_78: ensure to run host firewall with only minimum ports necessary to support services within virtual instance 
MLSR080_420: use host-based firewalls to protect application from DoS attacks
MLSR055_322: ensure end-users enable personal firewall and host-based IDS to protect against risks 
MLSR065_79: run host-based intrusion prevention service (IPS) in virtual instance
MLSR065_157: build HIPS/HIDS in virtual machine image and integrate information collected by intrusion detection and prevention systems 
"
Show me security requirements for Implement host-based boundary mechanisms to protect applications from attacks.,MLSR049_1790,"MLSR049_1790: implement host-based-firewalls at system components 
MLSR065_78: ensure to run host firewall with only minimum ports necessary to support services within virtual instance 
MLSR080_420: use host-based firewalls to protect application from DoS attacks
MLSR055_322: ensure end-users enable personal firewall and host-based IDS to protect against risks 
MLSR065_79: run host-based intrusion prevention service (IPS) in virtual instance
MLSR065_157: build HIPS/HIDS in virtual machine image and integrate information collected by intrusion detection and prevention systems 
"
Fetch requirements mapped to Route network access through managed interface to prevent attacks.,MLSR049_1796,"MLSR049_1796: route all networked, privileged accesses through managed interface
MLSR203_60: restrict access via network interfaces to specific MAC addresses, IP addresses or IP-ranges
MLSR092_161: provide interface to supply configuration of connected medical device system and operating status
MLSR103_51: identify interfaces to establish secure communication with devices/networks"
Show me requirements that comply with Route network access through managed interface to prevent attacks.,MLSR049_1796,"MLSR049_1796: route all networked, privileged accesses through managed interface
MLSR203_60: restrict access via network interfaces to specific MAC addresses, IP addresses or IP-ranges
MLSR092_161: provide interface to supply configuration of connected medical device system and operating status
MLSR103_51: identify interfaces to establish secure communication with devices/networks"
Do we have security requirements for Route network access through managed interface to prevent attacks in place?,MLSR049_1796,"MLSR049_1796: route all networked, privileged accesses through managed interface
MLSR203_60: restrict access via network interfaces to specific MAC addresses, IP addresses or IP-ranges
MLSR092_161: provide interface to supply configuration of connected medical device system and operating status
MLSR103_51: identify interfaces to establish secure communication with devices/networks"
What are the requirements for Perform covert channel analysis to eliminate covert channels?,MLSR049_1953,"MLSR049_1952: test a subset of identified covert channels to determine which channels are exploitable
MLSR049_1953: reduce maximum bandwidth for identified covert storage and timing channels to defined values
MLSR049_1955: measure bandwidth of subset of identified covert channels in operational environment of information system"
Show me security requirements for Perform covert channel analysis to eliminate covert channels.,MLSR049_1953,"MLSR049_1952: test a subset of identified covert channels to determine which channels are exploitable
MLSR049_1953: reduce maximum bandwidth for identified covert storage and timing channels to defined values
MLSR049_1955: measure bandwidth of subset of identified covert channels in operational environment of information system"
I need a requirement for secure Perform covert channel analysis to eliminate covert channels.,MLSR049_1953,"MLSR049_1952: test a subset of identified covert channels to determine which channels are exploitable
MLSR049_1953: reduce maximum bandwidth for identified covert storage and timing channels to defined values
MLSR049_1955: measure bandwidth of subset of identified covert channels in operational environment of information system"
What are the requirements for Employ out-of-band channels for secure transmission of information ?,MLSR049_1981,"MLSR049_1981: employ out-of-band channels for physical delivery or electronic transmission of information to individuals
MLSR302_86: ensure out-of-band authenticator establishes separate channel with verifier, to retrieve out-of-band secret or authentication request
MLSR302_87: ensure out-of-band device is uniquely addressable and communication over secondary channel is encrypted
MLSR302_90: ensure out-of-band authenticator uses authenticated protected channel using approved cryptography
MLSR049_1983: employ security safeguards to ensure that only designated individuals or information systems receive particular information"
Do we have security requirements for Employ out-of-band channels for secure transmission of information  in place?,MLSR049_1981,"MLSR049_1981: employ out-of-band channels for physical delivery or electronic transmission of information to individuals
MLSR302_86: ensure out-of-band authenticator establishes separate channel with verifier, to retrieve out-of-band secret or authentication request
MLSR302_87: ensure out-of-band device is uniquely addressable and communication over secondary channel is encrypted
MLSR302_90: ensure out-of-band authenticator uses authenticated protected channel using approved cryptography
MLSR049_1983: employ security safeguards to ensure that only designated individuals or information systems receive particular information"
I need a requirement for secure Employ out-of-band channels for secure transmission of information .,MLSR049_1981,"MLSR049_1981: employ out-of-band channels for physical delivery or electronic transmission of information to individuals
MLSR302_86: ensure out-of-band authenticator establishes separate channel with verifier, to retrieve out-of-band secret or authentication request
MLSR302_87: ensure out-of-band device is uniquely addressable and communication over secondary channel is encrypted
MLSR302_90: ensure out-of-band authenticator uses authenticated protected channel using approved cryptography
MLSR049_1983: employ security safeguards to ensure that only designated individuals or information systems receive particular information"
Show me security requirements for Employ preventive mechanisms in microservices to ensure availability.,MLSR311_29,"MLSR311_29: implement load balancing feature to have multiple instances of the same microservice
MLSR311_30: implement rate limiting feature to limit the rate of requests coming into a microservice
MLSR311_104: deploy proxy circuit breaker between clients and microservices to handle all incoming and outgoing messages
MLSR311_107: decouple all programs supporting the load balancing function, from individual service requests
MLSR311_110: implement rate limiting to ensure that a service is not oversubscribed impacting availability 
MLSR311_111: define Quotas or limits for application usage based on both infrastructure and application-related requirements
MLSR311_112: determine rate limiting based on well-defined API usage plans
"
Fetch requirements mapped to Employ preventive mechanisms in microservices to ensure availability.,MLSR311_29,"MLSR311_29: implement load balancing feature to have multiple instances of the same microservice
MLSR311_30: implement rate limiting feature to limit the rate of requests coming into a microservice
MLSR311_104: deploy proxy circuit breaker between clients and microservices to handle all incoming and outgoing messages
MLSR311_107: decouple all programs supporting the load balancing function, from individual service requests
MLSR311_110: implement rate limiting to ensure that a service is not oversubscribed impacting availability 
MLSR311_111: define Quotas or limits for application usage based on both infrastructure and application-related requirements
MLSR311_112: determine rate limiting based on well-defined API usage plans
"
I need a requirement for Employ preventive mechanisms in microservices to ensure availability.,MLSR311_29,"MLSR311_29: implement load balancing feature to have multiple instances of the same microservice
MLSR311_30: implement rate limiting feature to limit the rate of requests coming into a microservice
MLSR311_104: deploy proxy circuit breaker between clients and microservices to handle all incoming and outgoing messages
MLSR311_107: decouple all programs supporting the load balancing function, from individual service requests
MLSR311_110: implement rate limiting to ensure that a service is not oversubscribed impacting availability 
MLSR311_111: define Quotas or limits for application usage based on both infrastructure and application-related requirements
MLSR311_112: determine rate limiting based on well-defined API usage plans
"
Do we have security requirements for Employ alternate security mechanisms for backup and communication protocols when primary mechanism fails in place?,MLSR049_946,"MLSR049_946: employ alternative security mechanisms when primary security functions are unavailable/compromised
MLSR049_886: establish alternate processing site when primary processing capabilities are unavailable 
MLSR049_886_1: ensure alternate processing site provides security safeguards equivalent to primary site
MLSR049_888: identify alternate processing site separated from primary processing site to reduce susceptibility
MLSR049_890: identify potential accessibility problems for alternate processing site and provide mitigation actions
MLSR049_897: prepare for circumstances that demand for returning to primary processing site
MLSR049_878: establish alternate storage site with necessary permissions for retrieval from backup
MLSR049_880: identify alternate storage site separated from primary storage site to reduce susceptibility
MLSR049_882: configure alternate storage site in accordance with recovery time and recovery point objectives
MLSR049_883: duplicate backup information to other alternative storage sites when accessibility problem is identified
MLSR049_919: transfer backup to alternate storage site and transfer rate consistent with recovery time and recovery point objectives
MLSR049_634: provide alternate audit capability in event of failure in primary audit capability
MLSR049_921: accomplish system backup by maintaining redundant secondary system that is not collocated with primary
MLSR049_916: store backup of critical software in a separate facility/fire-rated container that is not collocated
MLSR074_585: build capability to store backups in remote location to escape from disaster
MLSR049_938: employ alternative communication protocol in support of maintaining continuity of operations"
Do we have security requirements for Employ alternate security mechanisms for backup and communication protocols when primary mechanism fails in place?,MLSR049_946,"MLSR049_946: employ alternative security mechanisms when primary security functions are unavailable/compromised
MLSR049_886: establish alternate processing site when primary processing capabilities are unavailable 
MLSR049_886_1: ensure alternate processing site provides security safeguards equivalent to primary site
MLSR049_888: identify alternate processing site separated from primary processing site to reduce susceptibility
MLSR049_890: identify potential accessibility problems for alternate processing site and provide mitigation actions
MLSR049_897: prepare for circumstances that demand for returning to primary processing site
MLSR049_878: establish alternate storage site with necessary permissions for retrieval from backup
MLSR049_880: identify alternate storage site separated from primary storage site to reduce susceptibility
MLSR049_882: configure alternate storage site in accordance with recovery time and recovery point objectives
MLSR049_883: duplicate backup information to other alternative storage sites when accessibility problem is identified
MLSR049_919: transfer backup to alternate storage site and transfer rate consistent with recovery time and recovery point objectives
MLSR049_634: provide alternate audit capability in event of failure in primary audit capability
MLSR049_921: accomplish system backup by maintaining redundant secondary system that is not collocated with primary
MLSR049_916: store backup of critical software in a separate facility/fire-rated container that is not collocated
MLSR074_585: build capability to store backups in remote location to escape from disaster
MLSR049_938: employ alternative communication protocol in support of maintaining continuity of operations"
Give me all the requirements linked to Employ alternate security mechanisms for backup and communication protocols when primary mechanism fails.,MLSR049_946,"MLSR049_946: employ alternative security mechanisms when primary security functions are unavailable/compromised
MLSR049_886: establish alternate processing site when primary processing capabilities are unavailable 
MLSR049_886_1: ensure alternate processing site provides security safeguards equivalent to primary site
MLSR049_888: identify alternate processing site separated from primary processing site to reduce susceptibility
MLSR049_890: identify potential accessibility problems for alternate processing site and provide mitigation actions
MLSR049_897: prepare for circumstances that demand for returning to primary processing site
MLSR049_878: establish alternate storage site with necessary permissions for retrieval from backup
MLSR049_880: identify alternate storage site separated from primary storage site to reduce susceptibility
MLSR049_882: configure alternate storage site in accordance with recovery time and recovery point objectives
MLSR049_883: duplicate backup information to other alternative storage sites when accessibility problem is identified
MLSR049_919: transfer backup to alternate storage site and transfer rate consistent with recovery time and recovery point objectives
MLSR049_634: provide alternate audit capability in event of failure in primary audit capability
MLSR049_921: accomplish system backup by maintaining redundant secondary system that is not collocated with primary
MLSR049_916: store backup of critical software in a separate facility/fire-rated container that is not collocated
MLSR074_585: build capability to store backups in remote location to escape from disaster
MLSR049_938: employ alternative communication protocol in support of maintaining continuity of operations"
Show me requirements that comply with Implement measures to preserve and restore to a known state during system failures .,MLSR049_1908,"MLSR049_1908: allow to fail to a known-state for types of failures preserving defined system state
MLSR049_942: enable safe mode with restrictions when malicious activities are detected
MLSR049_208: prevent access to security-relevant information except during secure system states
MLSR203_69: implement measures to preserve basic functionality of product and resume normal operations after DoS attack
MLSR016_156: ensure system to continue to operate as intended when subject to invalid or unexpected inputs on its external interfaces
MLSR092_152: implement a failsafe mode for data recovery function to resuming normal operation, when an attack is detected"
Show me security requirements for Implement measures to preserve and restore to a known state during system failures .,MLSR049_1908,"MLSR049_1908: allow to fail to a known-state for types of failures preserving defined system state
MLSR049_942: enable safe mode with restrictions when malicious activities are detected
MLSR049_208: prevent access to security-relevant information except during secure system states
MLSR203_69: implement measures to preserve basic functionality of product and resume normal operations after DoS attack
MLSR016_156: ensure system to continue to operate as intended when subject to invalid or unexpected inputs on its external interfaces
MLSR092_152: implement a failsafe mode for data recovery function to resuming normal operation, when an attack is detected"
Do we have security requirements for Implement measures to preserve and restore to a known state during system failures  in place?,MLSR049_1908,"MLSR049_1908: allow to fail to a known-state for types of failures preserving defined system state
MLSR049_942: enable safe mode with restrictions when malicious activities are detected
MLSR049_208: prevent access to security-relevant information except during secure system states
MLSR203_69: implement measures to preserve basic functionality of product and resume normal operations after DoS attack
MLSR016_156: ensure system to continue to operate as intended when subject to invalid or unexpected inputs on its external interfaces
MLSR092_152: implement a failsafe mode for data recovery function to resuming normal operation, when an attack is detected"
Do we have security requirements for Design system that responds to failures on time in place?,MLSR049_2199,"MLSR049_2199: determine mean time to failure (MTTF) and provide substitute system components whenever required
MLSR049_2202: take components out of service by transferring component responsibilities to substitute components no later than fraction or percentage of MTTF
MLSR049_2204: manually initiate transfers between active and standby components when MTTF exceeds time period
MLSR049_2205: replace and activate standby components  and activate alarm when component failures are detected
MLSR049_2207: provide real-time failover capability for system
MLSR310_78:  implement rate limiting in API and controller access to minimize harm from automated attack tooling
MLSR311_28: implement circuit breaker feature to set threshold for failed responses to an instance of a microservice"
I need a requirement for secure Design system that responds to failures on time.,MLSR049_2199,"MLSR049_2199: determine mean time to failure (MTTF) and provide substitute system components whenever required
MLSR049_2202: take components out of service by transferring component responsibilities to substitute components no later than fraction or percentage of MTTF
MLSR049_2204: manually initiate transfers between active and standby components when MTTF exceeds time period
MLSR049_2205: replace and activate standby components  and activate alarm when component failures are detected
MLSR049_2207: provide real-time failover capability for system
MLSR310_78:  implement rate limiting in API and controller access to minimize harm from automated attack tooling
MLSR311_28: implement circuit breaker feature to set threshold for failed responses to an instance of a microservice"
Do we have security requirements for Design system that responds to failures on time in place?,MLSR049_2199,"MLSR049_2199: determine mean time to failure (MTTF) and provide substitute system components whenever required
MLSR049_2202: take components out of service by transferring component responsibilities to substitute components no later than fraction or percentage of MTTF
MLSR049_2204: manually initiate transfers between active and standby components when MTTF exceeds time period
MLSR049_2205: replace and activate standby components  and activate alarm when component failures are detected
MLSR049_2207: provide real-time failover capability for system
MLSR310_78:  implement rate limiting in API and controller access to minimize harm from automated attack tooling
MLSR311_28: implement circuit breaker feature to set threshold for failed responses to an instance of a microservice"
I need a requirement for secure Implement mechanism to refresh data only from trusted sources .,MLSR049_2213,"MLSR049_2213: obtain refreshes from defined trusted sources like read-only media or off-line secure storage facilities
MLSR310_119: obtain components only from official sources over secure links and prefer signed packages"
Fetch requirements mapped to Implement mechanism to refresh data only from trusted sources .,MLSR049_2213,"MLSR049_2213: obtain refreshes from defined trusted sources like read-only media or off-line secure storage facilities
MLSR310_119: obtain components only from official sources over secure links and prefer signed packages"
I need a requirement for secure Implement mechanism to refresh data only from trusted sources .,MLSR049_2213,"MLSR049_2213: obtain refreshes from defined trusted sources like read-only media or off-line secure storage facilities
MLSR310_119: obtain components only from official sources over secure links and prefer signed packages"
"Give me requirements related to Develop feature in system to maintain, review and update inventory of assets.",MLSR049_799,"MLSR049_799: develop inventory of system components reflecting current system 
MLSR049_800: review and update inventory of system components
MLSR049_802: update inventory of system components as part of system updates
MLSR049_807:  include identity (name, position, role) of an authorized individual as part of inventory
MLSR049_809: ensure component within authorization boundary of one system are not duplicated in other inventories
MLSR049_813: provide centralized repository for inventory of system components
MLSR049_815: support tracking of system components by geographic location
MLSR065_131:  inventory all assets that customer has used over specific period of time
MLSR074_1033: maintain inventory of sources of key information
MLSR049_803: employ automated mechanism to maintain an up-to-date, complete, accurate, and readily available inventory of information system components"
"Do we have any requirements for Develop feature in system to maintain, review and update inventory of assets compliance?",MLSR049_799,"MLSR049_799: develop inventory of system components reflecting current system 
MLSR049_800: review and update inventory of system components
MLSR049_802: update inventory of system components as part of system updates
MLSR049_807:  include identity (name, position, role) of an authorized individual as part of inventory
MLSR049_809: ensure component within authorization boundary of one system are not duplicated in other inventories
MLSR049_813: provide centralized repository for inventory of system components
MLSR049_815: support tracking of system components by geographic location
MLSR065_131:  inventory all assets that customer has used over specific period of time
MLSR074_1033: maintain inventory of sources of key information
MLSR049_803: employ automated mechanism to maintain an up-to-date, complete, accurate, and readily available inventory of information system components"
"Fetch requirements mapped to Develop feature in system to maintain, review and update inventory of assets.",MLSR049_799,"MLSR049_799: develop inventory of system components reflecting current system 
MLSR049_800: review and update inventory of system components
MLSR049_802: update inventory of system components as part of system updates
MLSR049_807:  include identity (name, position, role) of an authorized individual as part of inventory
MLSR049_809: ensure component within authorization boundary of one system are not duplicated in other inventories
MLSR049_813: provide centralized repository for inventory of system components
MLSR049_815: support tracking of system components by geographic location
MLSR065_131:  inventory all assets that customer has used over specific period of time
MLSR074_1033: maintain inventory of sources of key information
MLSR049_803: employ automated mechanism to maintain an up-to-date, complete, accurate, and readily available inventory of information system components"
Fetch requirements mapped to Employ mechanisms to correlate information from system monitoring tools to aid investigation.,MLSR049_2113,"MLSR049_2113: discover, collect forensic artifacts from intrusions at host or network level
MLSR065_162: provide to customer a forensic image of virtual machine upon request
MLSR080_690: use forensics and analysis tools in tandem with active IDS
MLSR049_2099: correlate information from monitoring tools employed throughout system
MLSR049_2101: correlate information from monitoring physical, cyber, and supply chain activities"
Show me requirements that comply with Employ mechanisms to correlate information from system monitoring tools to aid investigation.,MLSR049_2113,"MLSR049_2113: discover, collect forensic artifacts from intrusions at host or network level
MLSR065_162: provide to customer a forensic image of virtual machine upon request
MLSR080_690: use forensics and analysis tools in tandem with active IDS
MLSR049_2099: correlate information from monitoring tools employed throughout system
MLSR049_2101: correlate information from monitoring physical, cyber, and supply chain activities"
Give me requirements related to Employ mechanisms to correlate information from system monitoring tools to aid investigation.,MLSR049_2113,"MLSR049_2113: discover, collect forensic artifacts from intrusions at host or network level
MLSR065_162: provide to customer a forensic image of virtual machine upon request
MLSR080_690: use forensics and analysis tools in tandem with active IDS
MLSR049_2099: correlate information from monitoring tools employed throughout system
MLSR049_2101: correlate information from monitoring physical, cyber, and supply chain activities"
"What are the requirements for Detect and analyze network communications traffic to detect malicious packets

?",MLSR049_2090,"MLSR049_2090: analyze outbound communications traffic to discover anomalies and suspected malicious external addresses
MLSR049_2094: analyze communications traffic/event patterns to reduce false positives and false negatives
MLSR049_2103: analyze outbound communications traffic at external boundary and at interior points
MLSR049_1784: detect and deny outgoing communications traffic posing a threat to external systems
MLSR049_2078: monitor inbound and outbound communications traffic for unusual activities
MLSR079_948: filter unnecessary communication packets from reaching system devices
MLSR065_121: build anomaly detection capabilities to spot unusual and potentially malicious IP traffic
MLSR055_276: understand traffic on network and determine what is normal and what is not normal
MLSR311_25: monitor network traffic into and out of microservices with analytics capabilities to detect attacks
MLSR049_2109: detect network services that are not authorized by defined authorization process
MLSR079_614: identify and examine potential sources for vulnerabilities related to network connectivity
MLSR043_152: detect and prevent entity falsification (non-repudiation)
MLSR049_1762: monitor system resources to determine if sufficient resources exist to prevent effective denial of service attacks
MLSR310_110: restrict and monitor incoming and outgoing network connectivity from containers or servers that deserialize
MLSR307_38: implement anti-spoofing measures to detect and block forged source IP addresses from entering network  in cardholder data environment"
"Give me all the requirements linked to Detect and analyze network communications traffic to detect malicious packets

.",MLSR049_2090,"MLSR049_2090: analyze outbound communications traffic to discover anomalies and suspected malicious external addresses
MLSR049_2094: analyze communications traffic/event patterns to reduce false positives and false negatives
MLSR049_2103: analyze outbound communications traffic at external boundary and at interior points
MLSR049_1784: detect and deny outgoing communications traffic posing a threat to external systems
MLSR049_2078: monitor inbound and outbound communications traffic for unusual activities
MLSR079_948: filter unnecessary communication packets from reaching system devices
MLSR065_121: build anomaly detection capabilities to spot unusual and potentially malicious IP traffic
MLSR055_276: understand traffic on network and determine what is normal and what is not normal
MLSR311_25: monitor network traffic into and out of microservices with analytics capabilities to detect attacks
MLSR049_2109: detect network services that are not authorized by defined authorization process
MLSR079_614: identify and examine potential sources for vulnerabilities related to network connectivity
MLSR043_152: detect and prevent entity falsification (non-repudiation)
MLSR049_1762: monitor system resources to determine if sufficient resources exist to prevent effective denial of service attacks
MLSR310_110: restrict and monitor incoming and outgoing network connectivity from containers or servers that deserialize
MLSR307_38: implement anti-spoofing measures to detect and block forged source IP addresses from entering network  in cardholder data environment"
"Show me security requirements for Detect and analyze network communications traffic to detect malicious packets

.",MLSR049_2090,"MLSR049_2090: analyze outbound communications traffic to discover anomalies and suspected malicious external addresses
MLSR049_2094: analyze communications traffic/event patterns to reduce false positives and false negatives
MLSR049_2103: analyze outbound communications traffic at external boundary and at interior points
MLSR049_1784: detect and deny outgoing communications traffic posing a threat to external systems
MLSR049_2078: monitor inbound and outbound communications traffic for unusual activities
MLSR079_948: filter unnecessary communication packets from reaching system devices
MLSR065_121: build anomaly detection capabilities to spot unusual and potentially malicious IP traffic
MLSR055_276: understand traffic on network and determine what is normal and what is not normal
MLSR311_25: monitor network traffic into and out of microservices with analytics capabilities to detect attacks
MLSR049_2109: detect network services that are not authorized by defined authorization process
MLSR079_614: identify and examine potential sources for vulnerabilities related to network connectivity
MLSR043_152: detect and prevent entity falsification (non-repudiation)
MLSR049_1762: monitor system resources to determine if sufficient resources exist to prevent effective denial of service attacks
MLSR310_110: restrict and monitor incoming and outgoing network connectivity from containers or servers that deserialize
MLSR307_38: implement anti-spoofing measures to detect and block forged source IP addresses from entering network  in cardholder data environment"
What are the requirements for Employ intrusion detection system to detect attacks?,MLSR049_1333,"MLSR049_1333: employ mechanisms to recognize classes/types of intrusions
MLSR049_2075: employ tool to support near real-time analysis of events
MLSR049_2077: integrate intrusion detection tool into access control/flow control mechanism
MLSR080_614: employ IDS for monitoring access to and from network
MLSR080_614: employ IDS to record information for traffic monitoring and threat analysis
MLSR080_614: employ IDS to detect, alarm, respond, or prevent attacks on network
MLSR055_277:  use network management tool to identify spikes in traffic, “unusual” traffic/ports
MLSR049_2095: employ wireless intrusion detection system to identify rogue wireless devices
MLSR049_2097: employ intrusion detection system to monitor wireless traffic as it passes from wireless to wireline networks
MLSR311_99: create a baseline for normal, uncompromised behavior of microservices and employ IDS nodes to detect deviations from baseline
MLSR311_122: configure IDS and boundary devices to detect denial of service attack"
Give me requirements related to Employ intrusion detection system to detect attacks.,MLSR049_1333,"MLSR049_1333: employ mechanisms to recognize classes/types of intrusions
MLSR049_2075: employ tool to support near real-time analysis of events
MLSR049_2077: integrate intrusion detection tool into access control/flow control mechanism
MLSR080_614: employ IDS for monitoring access to and from network
MLSR080_614: employ IDS to record information for traffic monitoring and threat analysis
MLSR080_614: employ IDS to detect, alarm, respond, or prevent attacks on network
MLSR055_277:  use network management tool to identify spikes in traffic, “unusual” traffic/ports
MLSR049_2095: employ wireless intrusion detection system to identify rogue wireless devices
MLSR049_2097: employ intrusion detection system to monitor wireless traffic as it passes from wireless to wireline networks
MLSR311_99: create a baseline for normal, uncompromised behavior of microservices and employ IDS nodes to detect deviations from baseline
MLSR311_122: configure IDS and boundary devices to detect denial of service attack"
Do we have any requirements for Employ intrusion detection system to detect attacks compliance?,MLSR049_1333,"MLSR049_1333: employ mechanisms to recognize classes/types of intrusions
MLSR049_2075: employ tool to support near real-time analysis of events
MLSR049_2077: integrate intrusion detection tool into access control/flow control mechanism
MLSR080_614: employ IDS for monitoring access to and from network
MLSR080_614: employ IDS to record information for traffic monitoring and threat analysis
MLSR080_614: employ IDS to detect, alarm, respond, or prevent attacks on network
MLSR055_277:  use network management tool to identify spikes in traffic, “unusual” traffic/ports
MLSR049_2095: employ wireless intrusion detection system to identify rogue wireless devices
MLSR049_2097: employ intrusion detection system to monitor wireless traffic as it passes from wireless to wireline networks
MLSR311_99: create a baseline for normal, uncompromised behavior of microservices and employ IDS nodes to detect deviations from baseline
MLSR311_122: configure IDS and boundary devices to detect denial of service attack"
I need a requirement for Employ mechanism in mobile device to detect malicious code.,MLSR305_150,MLSR305_150: employ mobile malware detection tools to identify malicious software on mobile platforms
Fetch requirements mapped to Employ mechanism in mobile device to detect malicious code.,MLSR305_150,MLSR305_150: employ mobile malware detection tools to identify malicious software on mobile platforms
Do we have security requirements for Employ mechanism in mobile device to detect malicious code in place?,MLSR305_150,MLSR305_150: employ mobile malware detection tools to identify malicious software on mobile platforms
Show me security requirements for Develop feature in system to detect malicious code.,MLSR049_2066,"MLSR049_2060: implement nonsignature-based malicious code detection mechanisms
MLSR049_2066: employ techniques to analyze characteristics and behavior of malicious code
MLSR049_2048: employ malicious code protection mechanisms at entry and exit points of system
MLSR049_2055: update malicious code protection mechanisms only by privileged user    
MLSR049_2050: centrally manage malicious code protection mechanism
MLSR065_58: specify appropriate controls to protect against malicious code
MLSR076_147: implement technologies to detect and report malicious software
MLSR050_210: provide protection from malicious code within system
MLSR080_591: ensure code detection systems are flexible enough to provide defense in depth
MLSR092_134: use self monitoring mechanism to detect and respond to potential attacks using malicious code
MLSR102_207: detect malicious codes and code segments
MLSR055_320: enable script blockers to ensure that only scripts from trusted sources are executed
MLSR055_321: ensure end-users use phishing filters to warn users of potential risk
MLSR049_2025: employ detonation chamber capability within information systems
MLSR049_2062: detect unauthorized operating system commands through kernel API"
Give me all the requirements linked to Develop feature in system to detect malicious code.,MLSR049_2066,"MLSR049_2060: implement nonsignature-based malicious code detection mechanisms
MLSR049_2066: employ techniques to analyze characteristics and behavior of malicious code
MLSR049_2048: employ malicious code protection mechanisms at entry and exit points of system
MLSR049_2055: update malicious code protection mechanisms only by privileged user    
MLSR049_2050: centrally manage malicious code protection mechanism
MLSR065_58: specify appropriate controls to protect against malicious code
MLSR076_147: implement technologies to detect and report malicious software
MLSR050_210: provide protection from malicious code within system
MLSR080_591: ensure code detection systems are flexible enough to provide defense in depth
MLSR092_134: use self monitoring mechanism to detect and respond to potential attacks using malicious code
MLSR102_207: detect malicious codes and code segments
MLSR055_320: enable script blockers to ensure that only scripts from trusted sources are executed
MLSR055_321: ensure end-users use phishing filters to warn users of potential risk
MLSR049_2025: employ detonation chamber capability within information systems
MLSR049_2062: detect unauthorized operating system commands through kernel API"
Show me security requirements for Develop feature in system to detect malicious code.,MLSR049_2066,"MLSR049_2060: implement nonsignature-based malicious code detection mechanisms
MLSR049_2066: employ techniques to analyze characteristics and behavior of malicious code
MLSR049_2048: employ malicious code protection mechanisms at entry and exit points of system
MLSR049_2055: update malicious code protection mechanisms only by privileged user    
MLSR049_2050: centrally manage malicious code protection mechanism
MLSR065_58: specify appropriate controls to protect against malicious code
MLSR076_147: implement technologies to detect and report malicious software
MLSR050_210: provide protection from malicious code within system
MLSR080_591: ensure code detection systems are flexible enough to provide defense in depth
MLSR092_134: use self monitoring mechanism to detect and respond to potential attacks using malicious code
MLSR102_207: detect malicious codes and code segments
MLSR055_320: enable script blockers to ensure that only scripts from trusted sources are executed
MLSR055_321: ensure end-users use phishing filters to warn users of potential risk
MLSR049_2025: employ detonation chamber capability within information systems
MLSR049_2062: detect unauthorized operating system commands through kernel API"
Do we have security requirements for Employ mechanism to monitor mobile device and detect policy violations in place?,MLSR312_71,"MLSR305_55: automatically monitor device configuration and detect policy violations
MLSR305_155: detect rooted and jailbroken mobile device to ensure it is not compromised
MLSR312_71: employ EMM technology to automatically monitor, detect and report when policy violations occur
MLSR312_95: employ MTD systems to detect presence of malicious apps, network-based attacks in mobile device
MLSR305_56: automatically report when policy violations occurs
MLSR305_78: alert administrator when any violations are detected in policy settings"
Fetch requirements mapped to Employ mechanism to monitor mobile device and detect policy violations.,MLSR312_71,"MLSR305_55: automatically monitor device configuration and detect policy violations
MLSR305_155: detect rooted and jailbroken mobile device to ensure it is not compromised
MLSR312_71: employ EMM technology to automatically monitor, detect and report when policy violations occur
MLSR312_95: employ MTD systems to detect presence of malicious apps, network-based attacks in mobile device
MLSR305_56: automatically report when policy violations occurs
MLSR305_78: alert administrator when any violations are detected in policy settings"
What are the requirements for Employ mechanism to monitor mobile device and detect policy violations?,MLSR312_71,"MLSR305_55: automatically monitor device configuration and detect policy violations
MLSR305_155: detect rooted and jailbroken mobile device to ensure it is not compromised
MLSR312_71: employ EMM technology to automatically monitor, detect and report when policy violations occur
MLSR312_95: employ MTD systems to detect presence of malicious apps, network-based attacks in mobile device
MLSR305_56: automatically report when policy violations occurs
MLSR305_78: alert administrator when any violations are detected in policy settings"
Do we have any requirements for Employ tools to monitor and detect anomalies in containers compliance?,MLSR301_179,"MLSR301_179: use container aware detection tools to automatically profile containerized apps using behavioral learning and build security profiles to minimize human interaction
MLSR301_192: use tools to monitor directories that are mounted by container and prevent deployment of containers that violate policies related to host OS
MLSR301_205: employ controls to detect and prevent vulnerable images from being deployed in containers
MLSR301_206: employ container-aware network monitoring and filtering to detect anomalous connections to other containers
MLSR301_207: employ container-aware process monitoring and malware detection to detect unexpected malicious processes
MLSR301_170: control egress network traffic ensuring containers are not able to send traffic across networks of differing sensitivity levels
MLSR301_171: use a combination of existing network level devices and App-aware tools to filter traffic
MLSR301_173: use App-aware tools to automatically determine proper container networking surfaces, including both inbound ports and process-port bindings
MLSR301_174: use App-aware tools to detect traffic flows both between containers and other network entities, over both ‘on the wire’ traffic and encapsulated traffic
MLSR301_175: use App-aware tools to detect network anomalies, such as unexpected traffic flows within organization’s network"
Fetch requirements mapped to Employ tools to monitor and detect anomalies in containers.,MLSR301_179,"MLSR301_179: use container aware detection tools to automatically profile containerized apps using behavioral learning and build security profiles to minimize human interaction
MLSR301_192: use tools to monitor directories that are mounted by container and prevent deployment of containers that violate policies related to host OS
MLSR301_205: employ controls to detect and prevent vulnerable images from being deployed in containers
MLSR301_206: employ container-aware network monitoring and filtering to detect anomalous connections to other containers
MLSR301_207: employ container-aware process monitoring and malware detection to detect unexpected malicious processes
MLSR301_170: control egress network traffic ensuring containers are not able to send traffic across networks of differing sensitivity levels
MLSR301_171: use a combination of existing network level devices and App-aware tools to filter traffic
MLSR301_173: use App-aware tools to automatically determine proper container networking surfaces, including both inbound ports and process-port bindings
MLSR301_174: use App-aware tools to detect traffic flows both between containers and other network entities, over both ‘on the wire’ traffic and encapsulated traffic
MLSR301_175: use App-aware tools to detect network anomalies, such as unexpected traffic flows within organization’s network"
Show me requirements that comply with Employ tools to monitor and detect anomalies in containers.,MLSR301_179,"MLSR301_179: use container aware detection tools to automatically profile containerized apps using behavioral learning and build security profiles to minimize human interaction
MLSR301_192: use tools to monitor directories that are mounted by container and prevent deployment of containers that violate policies related to host OS
MLSR301_205: employ controls to detect and prevent vulnerable images from being deployed in containers
MLSR301_206: employ container-aware network monitoring and filtering to detect anomalous connections to other containers
MLSR301_207: employ container-aware process monitoring and malware detection to detect unexpected malicious processes
MLSR301_170: control egress network traffic ensuring containers are not able to send traffic across networks of differing sensitivity levels
MLSR301_171: use a combination of existing network level devices and App-aware tools to filter traffic
MLSR301_173: use App-aware tools to automatically determine proper container networking surfaces, including both inbound ports and process-port bindings
MLSR301_174: use App-aware tools to detect traffic flows both between containers and other network entities, over both ‘on the wire’ traffic and encapsulated traffic
MLSR301_175: use App-aware tools to detect network anomalies, such as unexpected traffic flows within organization’s network"
Fetch requirements mapped to Employ tools to detect anomalies in microservices.,MLSR311_97,"MLSR311_97: perform security monitoring at both gateway and service level to detect, alert and respond to inappropriate behavior
MLSR311_98: display a central monitoring dashboard to show status of various microservices and network segments that link them
MLSR311_113: implement replay detection for high security microservices
MLSR311_121: implement credential-stuffing detection solution to check user logins against stolen credential database
"
I need a requirement for secure Employ tools to detect anomalies in microservices.,MLSR311_97,"MLSR311_97: perform security monitoring at both gateway and service level to detect, alert and respond to inappropriate behavior
MLSR311_98: display a central monitoring dashboard to show status of various microservices and network segments that link them
MLSR311_113: implement replay detection for high security microservices
MLSR311_121: implement credential-stuffing detection solution to check user logins against stolen credential database
"
What are the requirements for Employ tools to detect anomalies in microservices?,MLSR311_97,"MLSR311_97: perform security monitoring at both gateway and service level to detect, alert and respond to inappropriate behavior
MLSR311_98: display a central monitoring dashboard to show status of various microservices and network segments that link them
MLSR311_113: implement replay detection for high security microservices
MLSR311_121: implement credential-stuffing detection solution to check user logins against stolen credential database
"
Do we have any requirements for Monitor devices/ software/ users/ connections to detect suspicious operations  compliance?,MLSR307_304,"MLSR049_805: employ mechanism to detect presence of unauthorized hardware, software, and firmware
MLSR049_2111: implement host-based monitoring at system components
MLSR065_122: build capabilities to detect, revoke and trace evidence for actions in event of theft of credentials
MLSR050_108: control and monitor user-installed software
MLSR050_215: identify unauthorized use of organizational systems
MLSR074_560: implement controls that prevent or detect use of malicious websites
MLSR092_163: detect anomalies and switches from standard operating mode to a safe failsafe mode by implementing attack sensors
MLSR049_1972: implement honeyclients to seek and identify malicious websites/code  [Medical Facility]
MLSR049_2069: monitor system to detect attacks and indicators of potential attacks [Medical Facility]
MLSR049_2070: deploy monitoring devices to track specific types of transactions of interest [Medical Facility]
MLSR049_2071: heighten system monitoring activity whenever there is increase in risk to operations and assets [Medical Facility]
MLSR050_182: monitor security controls to ensure continued effectiveness [Medical Facility]
MLSR050_211: monitor security alerts and advisories [Medical Facility]
MLSR307_304: use file-integrity monitoring or change-detection systems to check for changes to log files, and notify when such changes are noted"
What are the requirements for Monitor devices/ software/ users/ connections to detect suspicious operations ?,MLSR307_304,"MLSR049_805: employ mechanism to detect presence of unauthorized hardware, software, and firmware
MLSR049_2111: implement host-based monitoring at system components
MLSR065_122: build capabilities to detect, revoke and trace evidence for actions in event of theft of credentials
MLSR050_108: control and monitor user-installed software
MLSR050_215: identify unauthorized use of organizational systems
MLSR074_560: implement controls that prevent or detect use of malicious websites
MLSR092_163: detect anomalies and switches from standard operating mode to a safe failsafe mode by implementing attack sensors
MLSR049_1972: implement honeyclients to seek and identify malicious websites/code  [Medical Facility]
MLSR049_2069: monitor system to detect attacks and indicators of potential attacks [Medical Facility]
MLSR049_2070: deploy monitoring devices to track specific types of transactions of interest [Medical Facility]
MLSR049_2071: heighten system monitoring activity whenever there is increase in risk to operations and assets [Medical Facility]
MLSR050_182: monitor security controls to ensure continued effectiveness [Medical Facility]
MLSR050_211: monitor security alerts and advisories [Medical Facility]
MLSR307_304: use file-integrity monitoring or change-detection systems to check for changes to log files, and notify when such changes are noted"
Show me requirements that comply with Monitor devices/ software/ users/ connections to detect suspicious operations .,MLSR307_304,"MLSR049_805: employ mechanism to detect presence of unauthorized hardware, software, and firmware
MLSR049_2111: implement host-based monitoring at system components
MLSR065_122: build capabilities to detect, revoke and trace evidence for actions in event of theft of credentials
MLSR050_108: control and monitor user-installed software
MLSR050_215: identify unauthorized use of organizational systems
MLSR074_560: implement controls that prevent or detect use of malicious websites
MLSR092_163: detect anomalies and switches from standard operating mode to a safe failsafe mode by implementing attack sensors
MLSR049_1972: implement honeyclients to seek and identify malicious websites/code  [Medical Facility]
MLSR049_2069: monitor system to detect attacks and indicators of potential attacks [Medical Facility]
MLSR049_2070: deploy monitoring devices to track specific types of transactions of interest [Medical Facility]
MLSR049_2071: heighten system monitoring activity whenever there is increase in risk to operations and assets [Medical Facility]
MLSR050_182: monitor security controls to ensure continued effectiveness [Medical Facility]
MLSR050_211: monitor security alerts and advisories [Medical Facility]
MLSR307_304: use file-integrity monitoring or change-detection systems to check for changes to log files, and notify when such changes are noted"
Show me security requirements for Develop feature to detect and prevent unacceptable mobile code execution.,MLSR049_1872,"MLSR049_1872: identify unacceptable mobile code and take corrective actions
MLSR049_1875: detect and prevent download and also execution of unacceptable mobile code
MLSR049_1876: detect and prevent automatic execution of mobile code
MLSR049_1878: detect and allow execution of permitted mobile code only in confined VM
MLSR050_202: control and monitor use of mobile code
MLSR049_1870: define acceptable and unacceptable mobile code and mobile code technologies
MLSR065_59: deploy secure configuration to allow execution of authorized mobile code "
What are the requirements for Develop feature to detect and prevent unacceptable mobile code execution?,MLSR049_1872,"MLSR049_1872: identify unacceptable mobile code and take corrective actions
MLSR049_1875: detect and prevent download and also execution of unacceptable mobile code
MLSR049_1876: detect and prevent automatic execution of mobile code
MLSR049_1878: detect and allow execution of permitted mobile code only in confined VM
MLSR050_202: control and monitor use of mobile code
MLSR049_1870: define acceptable and unacceptable mobile code and mobile code technologies
MLSR065_59: deploy secure configuration to allow execution of authorized mobile code "
What are the requirements for Develop feature to detect and prevent unacceptable mobile code execution?,MLSR049_1872,"MLSR049_1872: identify unacceptable mobile code and take corrective actions
MLSR049_1875: detect and prevent download and also execution of unacceptable mobile code
MLSR049_1876: detect and prevent automatic execution of mobile code
MLSR049_1878: detect and allow execution of permitted mobile code only in confined VM
MLSR050_202: control and monitor use of mobile code
MLSR049_1870: define acceptable and unacceptable mobile code and mobile code technologies
MLSR065_59: deploy secure configuration to allow execution of authorized mobile code "
"Give me requirements related to Employ mechanisms to identify and monitor individuals posing threats to security
.",MLSR049_2107,"MLSR049_2105: implement monitoring of individuals identified by sources as posing an increased level of risk
MLSR049_2107: implement monitoring of privileged users
MLSR049_2108: implement monitoring of individuals during probationary period
MLSR055_279: analyze user activity patterns if suddenly 100 percent of available bandwidth is used"
"Do we have any requirements for Employ mechanisms to identify and monitor individuals posing threats to security
 compliance?",MLSR049_2107,"MLSR049_2105: implement monitoring of individuals identified by sources as posing an increased level of risk
MLSR049_2107: implement monitoring of privileged users
MLSR049_2108: implement monitoring of individuals during probationary period
MLSR055_279: analyze user activity patterns if suddenly 100 percent of available bandwidth is used"
"What are the requirements for Employ mechanisms to identify and monitor individuals posing threats to security
?",MLSR049_2107,"MLSR049_2105: implement monitoring of individuals identified by sources as posing an increased level of risk
MLSR049_2107: implement monitoring of privileged users
MLSR049_2108: implement monitoring of individuals during probationary period
MLSR055_279: analyze user activity patterns if suddenly 100 percent of available bandwidth is used"
What are the requirements for Develop feature in system to alert authorized personnel for unusual activities?,MLSR049_2080,"MLSR049_833: alert authorized user/role upon detection of unauthorized software installation
MLSR049_2073: provide system monitoring information to authorized personnel periodically
MLSR049_2080: alert authorized personnel when potential compromise occur
MLSR049_2083: notify detected suspicious events to incident response personnel
MLSR049_2092: alert security personnel of unusual activities 
MLSR049_2135: detect and notify authorized person upon discovering discrepancies
MLSR065_152: report anomalies and security events to customer on cloud environment
MLSR076_179:  implement mechanism that support detection of security incidents as part of incident reporting
MLSR076_181: detect and report security incidents to authorized individuals
MLSR050_128: report incidents to designated officials
MLSR074_319: raise security event if breach of log-on controls are detected
MLSR092_149: monitor correct operation of device and alert if critical impact of operation is detected 
MLSR105_93: design to notify users upon detection of potential cybersecurity breach
MLSR102_84: detect, notify and log cyber security issues and raise alarm when at risk
MLSR078_199: notify authority and report forensic evidence and corrective actions in mission-critical situations
MLSR310_131: implement effective monitoring of logs and alert if suspicious activities are detected
MLSR310_29_1: log all failures and alert administrators when credential stuffing and brute force attacks are detected
MLSR310_77: log access control failures and alert admins for repeated failures
"
I need a requirement for Develop feature in system to alert authorized personnel for unusual activities.,MLSR049_2080,"MLSR049_833: alert authorized user/role upon detection of unauthorized software installation
MLSR049_2073: provide system monitoring information to authorized personnel periodically
MLSR049_2080: alert authorized personnel when potential compromise occur
MLSR049_2083: notify detected suspicious events to incident response personnel
MLSR049_2092: alert security personnel of unusual activities 
MLSR049_2135: detect and notify authorized person upon discovering discrepancies
MLSR065_152: report anomalies and security events to customer on cloud environment
MLSR076_179:  implement mechanism that support detection of security incidents as part of incident reporting
MLSR076_181: detect and report security incidents to authorized individuals
MLSR050_128: report incidents to designated officials
MLSR074_319: raise security event if breach of log-on controls are detected
MLSR092_149: monitor correct operation of device and alert if critical impact of operation is detected 
MLSR105_93: design to notify users upon detection of potential cybersecurity breach
MLSR102_84: detect, notify and log cyber security issues and raise alarm when at risk
MLSR078_199: notify authority and report forensic evidence and corrective actions in mission-critical situations
MLSR310_131: implement effective monitoring of logs and alert if suspicious activities are detected
MLSR310_29_1: log all failures and alert administrators when credential stuffing and brute force attacks are detected
MLSR310_77: log access control failures and alert admins for repeated failures
"
Fetch requirements mapped to Develop feature in system to alert authorized personnel for unusual activities.,MLSR049_2080,"MLSR049_833: alert authorized user/role upon detection of unauthorized software installation
MLSR049_2073: provide system monitoring information to authorized personnel periodically
MLSR049_2080: alert authorized personnel when potential compromise occur
MLSR049_2083: notify detected suspicious events to incident response personnel
MLSR049_2092: alert security personnel of unusual activities 
MLSR049_2135: detect and notify authorized person upon discovering discrepancies
MLSR065_152: report anomalies and security events to customer on cloud environment
MLSR076_179:  implement mechanism that support detection of security incidents as part of incident reporting
MLSR076_181: detect and report security incidents to authorized individuals
MLSR050_128: report incidents to designated officials
MLSR074_319: raise security event if breach of log-on controls are detected
MLSR092_149: monitor correct operation of device and alert if critical impact of operation is detected 
MLSR105_93: design to notify users upon detection of potential cybersecurity breach
MLSR102_84: detect, notify and log cyber security issues and raise alarm when at risk
MLSR078_199: notify authority and report forensic evidence and corrective actions in mission-critical situations
MLSR310_131: implement effective monitoring of logs and alert if suspicious activities are detected
MLSR310_29_1: log all failures and alert administrators when credential stuffing and brute force attacks are detected
MLSR310_77: log access control failures and alert admins for repeated failures
"
Fetch requirements mapped to Implement mechanisms to monitor third-party services for handling incidents.,MLSR065_153,"MLSR065_153: build capability for third party real time security monitoring (RTSM) services on cloud for incident management
MLSR065_154: run real time security monitoring (RTSM) services on cloud for incident management"
Do we have security requirements for Implement mechanisms to monitor third-party services for handling incidents in place?,MLSR065_153,"MLSR065_153: build capability for third party real time security monitoring (RTSM) services on cloud for incident management
MLSR065_154: run real time security monitoring (RTSM) services on cloud for incident management"
I need a requirement for secure Implement mechanisms to monitor third-party services for handling incidents.,MLSR065_153,"MLSR065_153: build capability for third party real time security monitoring (RTSM) services on cloud for incident management
MLSR065_154: run real time security monitoring (RTSM) services on cloud for incident management"
Do we have any requirements for Implement secure network for mobile devices compliance?,MLSR312_65,"MLSR312_65: ensure to use VPNs via APIs supported by mobile platforms to provide confidentiality protection
MLSR312_138: implement VPN as well as mutual authentication to verify  identities of endpoints before transmitting data
MLSR305_62: implement strong encryption for data communications(TLS) between mobile device and organization
MLSR309_43: implement TLS, DTLS, HTTPS to provide trusted communication channel between MDM agent and MDM server
MLSR309_34: ensure IT infrastructure provides security for network that is available to mobile devices
MLSR309_47: permit only MDM agent and MDM Server and Mobile Application Store(MAS) Server to initiate communication via trusted channel."
Give me all the requirements linked to Implement secure network for mobile devices.,MLSR312_65,"MLSR312_65: ensure to use VPNs via APIs supported by mobile platforms to provide confidentiality protection
MLSR312_138: implement VPN as well as mutual authentication to verify  identities of endpoints before transmitting data
MLSR305_62: implement strong encryption for data communications(TLS) between mobile device and organization
MLSR309_43: implement TLS, DTLS, HTTPS to provide trusted communication channel between MDM agent and MDM server
MLSR309_34: ensure IT infrastructure provides security for network that is available to mobile devices
MLSR309_47: permit only MDM agent and MDM Server and Mobile Application Store(MAS) Server to initiate communication via trusted channel."
Fetch requirements mapped to Implement secure network for mobile devices.,MLSR312_65,"MLSR312_65: ensure to use VPNs via APIs supported by mobile platforms to provide confidentiality protection
MLSR312_138: implement VPN as well as mutual authentication to verify  identities of endpoints before transmitting data
MLSR305_62: implement strong encryption for data communications(TLS) between mobile device and organization
MLSR309_43: implement TLS, DTLS, HTTPS to provide trusted communication channel between MDM agent and MDM server
MLSR309_34: ensure IT infrastructure provides security for network that is available to mobile devices
MLSR309_47: permit only MDM agent and MDM Server and Mobile Application Store(MAS) Server to initiate communication via trusted channel."
What are the requirements for Implement secure (SSL/TLS) communication in microservices?,MLSR311_85,"MLSR311_85: ensure communication between an application service and a service registry occurs through a secure communication protocol HTTPS or TLS
MLSR311_95: ensure to create keep-alive TLS connections for  frequently interacting services
MLSR311_108: protect network connection between load balancer and microservice platform
MLSR311_126: securely channel all traffic information to a monitoring application for detecting attacks"
Show me security requirements for Implement secure (SSL/TLS) communication in microservices.,MLSR311_85,"MLSR311_85: ensure communication between an application service and a service registry occurs through a secure communication protocol HTTPS or TLS
MLSR311_95: ensure to create keep-alive TLS connections for  frequently interacting services
MLSR311_108: protect network connection between load balancer and microservice platform
MLSR311_126: securely channel all traffic information to a monitoring application for detecting attacks"
Show me security requirements for Implement secure (SSL/TLS) communication in microservices.,MLSR311_85,"MLSR311_85: ensure communication between an application service and a service registry occurs through a secure communication protocol HTTPS or TLS
MLSR311_95: ensure to create keep-alive TLS connections for  frequently interacting services
MLSR311_108: protect network connection between load balancer and microservice platform
MLSR311_126: securely channel all traffic information to a monitoring application for detecting attacks"
Show me security requirements for Implement secure (SSL/TLS) communication to prevent unauthorized access of information.,MLSR079_1309,"MLSR079_1309: encrypt all communications over Internet with SSL
MLSR076_121: authenticate network servers and clients using TLS
MLSR076_140: implement secure communication paths between source and destination
MLSR080_541: enforce network administrators to use SSH to remotely control web and other types of servers
MLSR103_52: implement secure communication channel for data transfer to and from device
MLSR310_46: encrypt all data in transit with secure protocols such as TLS with PFS ciphers
MLSR302_170: establish authenticated protected channel between biometric sensor and verifier
MLSR302_182: ensure all transmission of biometrics are over authenticated protected channel if biometric comparison is performed centrally
MLSR302_189: ensure verifier impersonation-resistant authentication protocol establishes authenticated protected channel with verifier 
MLSR302_193: ensure communications between verifier and CSP occurs through mutually-authenticated secure channel (TLS) using approved cryptography
MLSR302_275: ensure secrets used for session binding are sent to and received from device using authenticated protected channel
MLSR302_277: ensure secrets used for session binding are not available to insecure communications between host and subscriber’s endpoint
MLSR302_277: prohibit authenticated sessions from falling back to an insecure transport, such as from https to http
MLSR049_259: implement secure communication between different security domains by using signature/token
MLSR049_1830: establish trusted communication path between user and security functions
MLSR049_1832: establish trusted communication path, logically isolated and distinguishable from other paths
MLSR074_764: ensure communications path between all involved parties is encrypted and protocols used to communicate between all involved parties are secured"
I need a requirement for secure Implement secure (SSL/TLS) communication to prevent unauthorized access of information.,MLSR079_1309,"MLSR079_1309: encrypt all communications over Internet with SSL
MLSR076_121: authenticate network servers and clients using TLS
MLSR076_140: implement secure communication paths between source and destination
MLSR080_541: enforce network administrators to use SSH to remotely control web and other types of servers
MLSR103_52: implement secure communication channel for data transfer to and from device
MLSR310_46: encrypt all data in transit with secure protocols such as TLS with PFS ciphers
MLSR302_170: establish authenticated protected channel between biometric sensor and verifier
MLSR302_182: ensure all transmission of biometrics are over authenticated protected channel if biometric comparison is performed centrally
MLSR302_189: ensure verifier impersonation-resistant authentication protocol establishes authenticated protected channel with verifier 
MLSR302_193: ensure communications between verifier and CSP occurs through mutually-authenticated secure channel (TLS) using approved cryptography
MLSR302_275: ensure secrets used for session binding are sent to and received from device using authenticated protected channel
MLSR302_277: ensure secrets used for session binding are not available to insecure communications between host and subscriber’s endpoint
MLSR302_277: prohibit authenticated sessions from falling back to an insecure transport, such as from https to http
MLSR049_259: implement secure communication between different security domains by using signature/token
MLSR049_1830: establish trusted communication path between user and security functions
MLSR049_1832: establish trusted communication path, logically isolated and distinguishable from other paths
MLSR074_764: ensure communications path between all involved parties is encrypted and protocols used to communicate between all involved parties are secured"
What are the requirements for Implement secure (SSL/TLS) communication to prevent unauthorized access of information?,MLSR079_1309,"MLSR079_1309: encrypt all communications over Internet with SSL
MLSR076_121: authenticate network servers and clients using TLS
MLSR076_140: implement secure communication paths between source and destination
MLSR080_541: enforce network administrators to use SSH to remotely control web and other types of servers
MLSR103_52: implement secure communication channel for data transfer to and from device
MLSR310_46: encrypt all data in transit with secure protocols such as TLS with PFS ciphers
MLSR302_170: establish authenticated protected channel between biometric sensor and verifier
MLSR302_182: ensure all transmission of biometrics are over authenticated protected channel if biometric comparison is performed centrally
MLSR302_189: ensure verifier impersonation-resistant authentication protocol establishes authenticated protected channel with verifier 
MLSR302_193: ensure communications between verifier and CSP occurs through mutually-authenticated secure channel (TLS) using approved cryptography
MLSR302_275: ensure secrets used for session binding are sent to and received from device using authenticated protected channel
MLSR302_277: ensure secrets used for session binding are not available to insecure communications between host and subscriber’s endpoint
MLSR302_277: prohibit authenticated sessions from falling back to an insecure transport, such as from https to http
MLSR049_259: implement secure communication between different security domains by using signature/token
MLSR049_1830: establish trusted communication path between user and security functions
MLSR049_1832: establish trusted communication path, logically isolated and distinguishable from other paths
MLSR074_764: ensure communications path between all involved parties is encrypted and protocols used to communicate between all involved parties are secured"
Fetch requirements mapped to Employ mechanism for disposal of data during transfer and removal of equipment.,MLSR065_41,"MLSR065_41: ensure provider fully erases storage, memory and data traces before machines are reallocated
MLSR065_193: clean data on equipment before equipment is sent for repair
MLSR050_137: sanitize CUI stored in equipment before removed for off-site maintenance
MLSR074_489: ensure to maintain log when off-premises equipment is transferred among different individuals or external parties
MLSR074_494: remove sensitive data from equipment containing storage media prior to disposal or re-use
MLSR088_87: perform data scrubbing on equipment prior to shipping back to factory
MLSR043_172 : ensure to erase health data prior to storage devices being decommissioned such that it is irreversible
MLSR016_132: erase all user defined configuration data, sensitive data, PII at time of decommissioning
MLSR222_1524:  design devices to facilitate safe disposal 
MLSR049_1707: dispose system components using defined techniques"
Give me all the requirements linked to Employ mechanism for disposal of data during transfer and removal of equipment.,MLSR065_41,"MLSR065_41: ensure provider fully erases storage, memory and data traces before machines are reallocated
MLSR065_193: clean data on equipment before equipment is sent for repair
MLSR050_137: sanitize CUI stored in equipment before removed for off-site maintenance
MLSR074_489: ensure to maintain log when off-premises equipment is transferred among different individuals or external parties
MLSR074_494: remove sensitive data from equipment containing storage media prior to disposal or re-use
MLSR088_87: perform data scrubbing on equipment prior to shipping back to factory
MLSR043_172 : ensure to erase health data prior to storage devices being decommissioned such that it is irreversible
MLSR016_132: erase all user defined configuration data, sensitive data, PII at time of decommissioning
MLSR222_1524:  design devices to facilitate safe disposal 
MLSR049_1707: dispose system components using defined techniques"
I need a requirement for secure Employ mechanism for disposal of data during transfer and removal of equipment.,MLSR065_41,"MLSR065_41: ensure provider fully erases storage, memory and data traces before machines are reallocated
MLSR065_193: clean data on equipment before equipment is sent for repair
MLSR050_137: sanitize CUI stored in equipment before removed for off-site maintenance
MLSR074_489: ensure to maintain log when off-premises equipment is transferred among different individuals or external parties
MLSR074_494: remove sensitive data from equipment containing storage media prior to disposal or re-use
MLSR088_87: perform data scrubbing on equipment prior to shipping back to factory
MLSR043_172 : ensure to erase health data prior to storage devices being decommissioned such that it is irreversible
MLSR016_132: erase all user defined configuration data, sensitive data, PII at time of decommissioning
MLSR222_1524:  design devices to facilitate safe disposal 
MLSR049_1707: dispose system components using defined techniques"
"Give me all the requirements linked to Maintain separate development, testing and production environment for protection of information.",MLSR065_56,"MLSR065_56: maintain separate environment for development, test and operational environment
MLSR074_546: have development and operational software run on different systems or computer processors and in different domains or directories
MLSR074_547: test application changes in testing or staging environment prior to being applied to operational systems
MLSR074_549: ensure compilers, editors and other development tools are not accessible from operational systems when not required
MLSR074_550: ensure users use different user profiles for operational and testing systems
MLSR074_620: ensure operational systems only hold approved executable code and not development code or compilers
MLSR037_478: separate development and testing environments for health information systems
MLSR301_182: maintain separate environments for development, test, production, and other scenarios, each with specific controls for container deployment
MLSR307_159: implement separation of duties between development/test and production environments
MLSR307_160: prohibit to use production data for testing or development"
"Do we have any requirements for Maintain separate development, testing and production environment for protection of information compliance?",MLSR065_56,"MLSR065_56: maintain separate environment for development, test and operational environment
MLSR074_546: have development and operational software run on different systems or computer processors and in different domains or directories
MLSR074_547: test application changes in testing or staging environment prior to being applied to operational systems
MLSR074_549: ensure compilers, editors and other development tools are not accessible from operational systems when not required
MLSR074_550: ensure users use different user profiles for operational and testing systems
MLSR074_620: ensure operational systems only hold approved executable code and not development code or compilers
MLSR037_478: separate development and testing environments for health information systems
MLSR301_182: maintain separate environments for development, test, production, and other scenarios, each with specific controls for container deployment
MLSR307_159: implement separation of duties between development/test and production environments
MLSR307_160: prohibit to use production data for testing or development"
"What are the requirements for Maintain separate development, testing and production environment for protection of information?",MLSR065_56,"MLSR065_56: maintain separate environment for development, test and operational environment
MLSR074_546: have development and operational software run on different systems or computer processors and in different domains or directories
MLSR074_547: test application changes in testing or staging environment prior to being applied to operational systems
MLSR074_549: ensure compilers, editors and other development tools are not accessible from operational systems when not required
MLSR074_550: ensure users use different user profiles for operational and testing systems
MLSR074_620: ensure operational systems only hold approved executable code and not development code or compilers
MLSR037_478: separate development and testing environments for health information systems
MLSR301_182: maintain separate environments for development, test, production, and other scenarios, each with specific controls for container deployment
MLSR307_159: implement separation of duties between development/test and production environments
MLSR307_160: prohibit to use production data for testing or development"
Show me requirements that comply with Implement mechanism to keep applications safe and provide continued operations in cloud.,MLSR065_69,"MLSR065_69: employ security mechanisms to keep applications safe in cloud
MLSR065_74: ensure application architecture support continued operation from cloud even when company is separated from service provider 
MLSR065_75: use specific security configuration to secure virtual network infrastructure in cloud
MLSR065_137: use standardized API interfaces while using software as a service"
Do we have any requirements for Implement mechanism to keep applications safe and provide continued operations in cloud compliance?,MLSR065_69,"MLSR065_69: employ security mechanisms to keep applications safe in cloud
MLSR065_74: ensure application architecture support continued operation from cloud even when company is separated from service provider 
MLSR065_75: use specific security configuration to secure virtual network infrastructure in cloud
MLSR065_137: use standardized API interfaces while using software as a service"
I need a requirement for secure Implement mechanism to keep applications safe and provide continued operations in cloud.,MLSR065_69,"MLSR065_69: employ security mechanisms to keep applications safe in cloud
MLSR065_74: ensure application architecture support continued operation from cloud even when company is separated from service provider 
MLSR065_75: use specific security configuration to secure virtual network infrastructure in cloud
MLSR065_137: use standardized API interfaces while using software as a service"
Show me requirements that comply with Develop feature in system to control access in an emergency situation.,MLSR065_98,"MLSR065_98: implement changes in administrator privileges and roles to allow for extraordinary access in emergency
MLSR080_236: allow simple emergency password for emergency access
MLSR088_94: allow clinical user to access health data without personal user id and authentication during emergency situations
MLSR088_97: allow administrator to enable/disable any emergency functionalities
MLSR088_93: ensure that access to protected heath data is possible in case of emergency situation
MLSR208_75: allow users access in emergency
MLSR043_133: allow administrator to enable/disable emergency functionalities
MLSR043_131: capable to detect emergency access, record and report immediately 
MLSR043_131: notify to system administrator or medical staff when emergency access is used
MLSR043_132: record self-attested user identification without authentication during emergency access 
MLSR076_104: implement procedure for emergency access to obtain electronic PHI data
MLSR043_130: allow to access health data without personal user id and authentication during an emergency "
Do we have security requirements for Develop feature in system to control access in an emergency situation in place?,MLSR065_98,"MLSR065_98: implement changes in administrator privileges and roles to allow for extraordinary access in emergency
MLSR080_236: allow simple emergency password for emergency access
MLSR088_94: allow clinical user to access health data without personal user id and authentication during emergency situations
MLSR088_97: allow administrator to enable/disable any emergency functionalities
MLSR088_93: ensure that access to protected heath data is possible in case of emergency situation
MLSR208_75: allow users access in emergency
MLSR043_133: allow administrator to enable/disable emergency functionalities
MLSR043_131: capable to detect emergency access, record and report immediately 
MLSR043_131: notify to system administrator or medical staff when emergency access is used
MLSR043_132: record self-attested user identification without authentication during emergency access 
MLSR076_104: implement procedure for emergency access to obtain electronic PHI data
MLSR043_130: allow to access health data without personal user id and authentication during an emergency "
Give me requirements related to Develop feature in system to control access in an emergency situation.,MLSR065_98,"MLSR065_98: implement changes in administrator privileges and roles to allow for extraordinary access in emergency
MLSR080_236: allow simple emergency password for emergency access
MLSR088_94: allow clinical user to access health data without personal user id and authentication during emergency situations
MLSR088_97: allow administrator to enable/disable any emergency functionalities
MLSR088_93: ensure that access to protected heath data is possible in case of emergency situation
MLSR208_75: allow users access in emergency
MLSR043_133: allow administrator to enable/disable emergency functionalities
MLSR043_131: capable to detect emergency access, record and report immediately 
MLSR043_131: notify to system administrator or medical staff when emergency access is used
MLSR043_132: record self-attested user identification without authentication during emergency access 
MLSR076_104: implement procedure for emergency access to obtain electronic PHI data
MLSR043_130: allow to access health data without personal user id and authentication during an emergency "
Give me all the requirements linked to Develop feature in system to verify interoperability and adhere to standard data format.,MLSR074_1029,"MLSR074_1029: ensure data can be retrieved in acceptable format from data storage systems
MLSR104_29: consider level of interoperability for interface and use interfaces as it is intended
MLSR104_43: design interoperable device to mitigate risks associated with failures or malfunctions 
MLSR104_50: validate interoperable devices by verifying data corruption, fail safe states and safe operations
MLSR210_160: ensure interoperability with devices and do not impair specified performance of device
MLSR222_1522: design devices that are intended to be operated together with other devices with interoperability and compatibility
MLSR310_58: use less complex data formats such as JSON wherever applicable
MLSR055_376: ensure standardization of data schema for each category and classification of data collected
MLSR055_376_1: ensure standardization of data format to ease sharing and improve storage, transmission, handling and interoperability between systems
MLSR055_376_2: ensure standardization of basic data processing functionality and algorithms used"
Do we have security requirements for Develop feature in system to verify interoperability and adhere to standard data format in place?,MLSR074_1029,"MLSR074_1029: ensure data can be retrieved in acceptable format from data storage systems
MLSR104_29: consider level of interoperability for interface and use interfaces as it is intended
MLSR104_43: design interoperable device to mitigate risks associated with failures or malfunctions 
MLSR104_50: validate interoperable devices by verifying data corruption, fail safe states and safe operations
MLSR210_160: ensure interoperability with devices and do not impair specified performance of device
MLSR222_1522: design devices that are intended to be operated together with other devices with interoperability and compatibility
MLSR310_58: use less complex data formats such as JSON wherever applicable
MLSR055_376: ensure standardization of data schema for each category and classification of data collected
MLSR055_376_1: ensure standardization of data format to ease sharing and improve storage, transmission, handling and interoperability between systems
MLSR055_376_2: ensure standardization of basic data processing functionality and algorithms used"
Fetch requirements mapped to Develop feature in system to verify interoperability and adhere to standard data format.,MLSR074_1029,"MLSR074_1029: ensure data can be retrieved in acceptable format from data storage systems
MLSR104_29: consider level of interoperability for interface and use interfaces as it is intended
MLSR104_43: design interoperable device to mitigate risks associated with failures or malfunctions 
MLSR104_50: validate interoperable devices by verifying data corruption, fail safe states and safe operations
MLSR210_160: ensure interoperability with devices and do not impair specified performance of device
MLSR222_1522: design devices that are intended to be operated together with other devices with interoperability and compatibility
MLSR310_58: use less complex data formats such as JSON wherever applicable
MLSR055_376: ensure standardization of data schema for each category and classification of data collected
MLSR055_376_1: ensure standardization of data format to ease sharing and improve storage, transmission, handling and interoperability between systems
MLSR055_376_2: ensure standardization of basic data processing functionality and algorithms used"
Give me requirements related to Classify assets based on security and segregate systems.,MLSR065_135,MLSR065_135: employ appropriate segregation between systems that have different security classifications of assets
Show me security requirements for Classify assets based on security and segregate systems.,MLSR065_135,MLSR065_135: employ appropriate segregation between systems that have different security classifications of assets
I need a requirement for Classify assets based on security and segregate systems.,MLSR065_135,MLSR065_135: employ appropriate segregation between systems that have different security classifications of assets
Fetch requirements mapped to Develop feature in system to protect PHI data from unauthorized modification.,MLSR076_128,"MLSR076_128: store PHI securely such that it is accessible only by authenticated personnel 
MLSR074_1036: ensure privacy and protection of PHI as required in relevant legislation and regulation 
MLSR043_166: ensure health data stored on products or media stays secure proportionate to sensitivity and volume of data records on device
MLSR043_189: encrypt health data stored on medical device
MLSR043_200: provide integrity assurance to health data is maintained during transmission
MLSR043_195: provide assurance to health data confidentiality is maintained during transmission between authenticated nodes
MLSR043_82: clear health data from all displays during automatic log off
MLSR219_110: protect ePHI while transit over an electronic communications network
MLSR076_136: implement encryption to protect PHI data transmitted between systems
MLSR037_589: ensure confidentiality and integrity while transmitting PHI by electronic messaging
MLSR088_88: hide patient identity from clinical user, service engineers accessing health data
MLSR105_81: ensure confidentiality through use of encryption, for all data whose disclosure could lead to patient harm
MLSR219_40: protect uses or disclosures of ePHI that are not permitted by privacy rule"
I need a requirement for secure Develop feature in system to protect PHI data from unauthorized modification.,MLSR076_128,"MLSR076_128: store PHI securely such that it is accessible only by authenticated personnel 
MLSR074_1036: ensure privacy and protection of PHI as required in relevant legislation and regulation 
MLSR043_166: ensure health data stored on products or media stays secure proportionate to sensitivity and volume of data records on device
MLSR043_189: encrypt health data stored on medical device
MLSR043_200: provide integrity assurance to health data is maintained during transmission
MLSR043_195: provide assurance to health data confidentiality is maintained during transmission between authenticated nodes
MLSR043_82: clear health data from all displays during automatic log off
MLSR219_110: protect ePHI while transit over an electronic communications network
MLSR076_136: implement encryption to protect PHI data transmitted between systems
MLSR037_589: ensure confidentiality and integrity while transmitting PHI by electronic messaging
MLSR088_88: hide patient identity from clinical user, service engineers accessing health data
MLSR105_81: ensure confidentiality through use of encryption, for all data whose disclosure could lead to patient harm
MLSR219_40: protect uses or disclosures of ePHI that are not permitted by privacy rule"
Do we have any requirements for Develop feature in system to protect PHI data from unauthorized modification compliance?,MLSR076_128,"MLSR076_128: store PHI securely such that it is accessible only by authenticated personnel 
MLSR074_1036: ensure privacy and protection of PHI as required in relevant legislation and regulation 
MLSR043_166: ensure health data stored on products or media stays secure proportionate to sensitivity and volume of data records on device
MLSR043_189: encrypt health data stored on medical device
MLSR043_200: provide integrity assurance to health data is maintained during transmission
MLSR043_195: provide assurance to health data confidentiality is maintained during transmission between authenticated nodes
MLSR043_82: clear health data from all displays during automatic log off
MLSR219_110: protect ePHI while transit over an electronic communications network
MLSR076_136: implement encryption to protect PHI data transmitted between systems
MLSR037_589: ensure confidentiality and integrity while transmitting PHI by electronic messaging
MLSR088_88: hide patient identity from clinical user, service engineers accessing health data
MLSR105_81: ensure confidentiality through use of encryption, for all data whose disclosure could lead to patient harm
MLSR219_40: protect uses or disclosures of ePHI that are not permitted by privacy rule"
What are the requirements for Develop feature to encode data to ensure integrity?,MLSR076_328,"MLSR076_328: encode all data using well-established algorithms in a trusted environment

"
Show me requirements that comply with Develop feature to encode data to ensure integrity.,MLSR076_328,"MLSR076_328: encode all data using well-established algorithms in a trusted environment

"
Show me requirements that comply with Develop feature to encode data to ensure integrity.,MLSR076_328,"MLSR076_328: encode all data using well-established algorithms in a trusted environment

"
Do we have any requirements for Employ mechanism to wipe data for mobile devices at risk compliance?,MLSR305_65,"MLSR049_311: purge/wipe information from mobile device after configured number of continuous unsuccessful login attempts
MLSR305_65: wipe mobile device before reissuing or retiring mobile device
MLSR305_66: remotely wipe mobile device if it is lost, stolen, or fallen into untrusted hands
MLSR305_67: configure mobile device to wipe itself after certain number of incorrect authentication attempts
MLSR305_137: implement selective wipe to access enterprise data stored on mobile without affecting personal data
MLSR309_10: allow MDM administrator to wipe of enterprise data for non-compliant devices
MLSR309_120: wipe out device if MDM Agent has been out of connectivity with the server for too long
MLSR312_130: enable remote wipe by allowing system administrator to install and configure profile/agent on mobile device

"
I need a requirement for Employ mechanism to wipe data for mobile devices at risk.,MLSR305_65,"MLSR049_311: purge/wipe information from mobile device after configured number of continuous unsuccessful login attempts
MLSR305_65: wipe mobile device before reissuing or retiring mobile device
MLSR305_66: remotely wipe mobile device if it is lost, stolen, or fallen into untrusted hands
MLSR305_67: configure mobile device to wipe itself after certain number of incorrect authentication attempts
MLSR305_137: implement selective wipe to access enterprise data stored on mobile without affecting personal data
MLSR309_10: allow MDM administrator to wipe of enterprise data for non-compliant devices
MLSR309_120: wipe out device if MDM Agent has been out of connectivity with the server for too long
MLSR312_130: enable remote wipe by allowing system administrator to install and configure profile/agent on mobile device

"
Give me all the requirements linked to Employ mechanism to wipe data for mobile devices at risk.,MLSR305_65,"MLSR049_311: purge/wipe information from mobile device after configured number of continuous unsuccessful login attempts
MLSR305_65: wipe mobile device before reissuing or retiring mobile device
MLSR305_66: remotely wipe mobile device if it is lost, stolen, or fallen into untrusted hands
MLSR305_67: configure mobile device to wipe itself after certain number of incorrect authentication attempts
MLSR305_137: implement selective wipe to access enterprise data stored on mobile without affecting personal data
MLSR309_10: allow MDM administrator to wipe of enterprise data for non-compliant devices
MLSR309_120: wipe out device if MDM Agent has been out of connectivity with the server for too long
MLSR312_130: enable remote wipe by allowing system administrator to install and configure profile/agent on mobile device

"
Give me all the requirements linked to Develop feature in system to erase personal data when no longer needed.,MLSR076_62,"MLSR076_62: ensure data collected are de-identified or disposed once purpose is completed
MLSR221_82: ensure personal data erased where data are no longer necessary"
Do we have security requirements for Develop feature in system to erase personal data when no longer needed in place?,MLSR076_62,"MLSR076_62: ensure data collected are de-identified or disposed once purpose is completed
MLSR221_82: ensure personal data erased where data are no longer necessary"
Show me security requirements for Develop feature in system to erase personal data when no longer needed.,MLSR076_62,"MLSR076_62: ensure data collected are de-identified or disposed once purpose is completed
MLSR221_82: ensure personal data erased where data are no longer necessary"
Show me security requirements for Implement hardening in bluetooth device by disabling unnecessary services.,MLSR304_157,"MLSR304_157: disable unneeded, unapproved service and profiles from bluetooth devices
MLSR304_168: disable all bluetooth capabilities except when user explicitly enables bluetooth to establish a connection"
Do we have security requirements for Implement hardening in bluetooth device by disabling unnecessary services in place?,MLSR304_157,"MLSR304_157: disable unneeded, unapproved service and profiles from bluetooth devices
MLSR304_168: disable all bluetooth capabilities except when user explicitly enables bluetooth to establish a connection"
Give me requirements related to Implement hardening in bluetooth device by disabling unnecessary services.,MLSR304_157,"MLSR304_157: disable unneeded, unapproved service and profiles from bluetooth devices
MLSR304_168: disable all bluetooth capabilities except when user explicitly enables bluetooth to establish a connection"
I need a requirement for secure Implement principle of least functionality in container OS.,MLSR301_184,"MLSR301_184: use container-specific OSs to reduce attack surfaces
MLSR301_185: prevent running unnecessary system services that can increase attack on host OS "
Do we have any requirements for Implement principle of least functionality in container OS compliance?,MLSR301_184,"MLSR301_184: use container-specific OSs to reduce attack surfaces
MLSR301_185: prevent running unnecessary system services that can increase attack on host OS "
Do we have any requirements for Implement principle of least functionality in container OS compliance?,MLSR301_184,"MLSR301_184: use container-specific OSs to reduce attack surfaces
MLSR301_185: prevent running unnecessary system services that can increase attack on host OS "
Do we have any requirements for Implement hardening in OS/system to apply principle of least functionality compliance?,MLSR076_125,"MLSR076_125: evaluate system platform for security features and hardened as appropriate
MLSR076_126: provide environment that minimize security threats as part of platform hardening
MLSR080_753: use highly secure OS which incorporate encrypted file systems, disabling of unnecessary network ports, client-side firewalls
MLSR080_753: use highly secure OS which incorporate strong process isolation, sealed storage, secure channels
MLSR080_753: use highly secure OS which incorporate attestation, mandatory access control, isolated security domains, system event auditing
MLSR203_52: design network to be hardened
MLSR203_55: enforce hardening of all deployed services to greatest extent possible
MLSR203_44: ensure all applications in use are subject to essential system hardening
MLSR088_118_1: ensure systems connected to network are hardened against misuse and attacks
MLSR092_135: harden operating systems used in medical device information systems
MLSR055_309: ensure servers and OS are configured in accordance with baseline security configuration guide
MLSR210_157: ensure workstations connected to device includes OS hardening, memory protection and solutions that counter malicious code"
Do we have any requirements for Implement hardening in OS/system to apply principle of least functionality compliance?,MLSR076_125,"MLSR076_125: evaluate system platform for security features and hardened as appropriate
MLSR076_126: provide environment that minimize security threats as part of platform hardening
MLSR080_753: use highly secure OS which incorporate encrypted file systems, disabling of unnecessary network ports, client-side firewalls
MLSR080_753: use highly secure OS which incorporate strong process isolation, sealed storage, secure channels
MLSR080_753: use highly secure OS which incorporate attestation, mandatory access control, isolated security domains, system event auditing
MLSR203_52: design network to be hardened
MLSR203_55: enforce hardening of all deployed services to greatest extent possible
MLSR203_44: ensure all applications in use are subject to essential system hardening
MLSR088_118_1: ensure systems connected to network are hardened against misuse and attacks
MLSR092_135: harden operating systems used in medical device information systems
MLSR055_309: ensure servers and OS are configured in accordance with baseline security configuration guide
MLSR210_157: ensure workstations connected to device includes OS hardening, memory protection and solutions that counter malicious code"
What are the requirements for Implement hardening in OS/system to apply principle of least functionality?,MLSR076_125,"MLSR076_125: evaluate system platform for security features and hardened as appropriate
MLSR076_126: provide environment that minimize security threats as part of platform hardening
MLSR080_753: use highly secure OS which incorporate encrypted file systems, disabling of unnecessary network ports, client-side firewalls
MLSR080_753: use highly secure OS which incorporate strong process isolation, sealed storage, secure channels
MLSR080_753: use highly secure OS which incorporate attestation, mandatory access control, isolated security domains, system event auditing
MLSR203_52: design network to be hardened
MLSR203_55: enforce hardening of all deployed services to greatest extent possible
MLSR203_44: ensure all applications in use are subject to essential system hardening
MLSR088_118_1: ensure systems connected to network are hardened against misuse and attacks
MLSR092_135: harden operating systems used in medical device information systems
MLSR055_309: ensure servers and OS are configured in accordance with baseline security configuration guide
MLSR210_157: ensure workstations connected to device includes OS hardening, memory protection and solutions that counter malicious code"
Do we have any requirements for Develop feature in system to control access to PHI data compliance?,MLSR037_281,"MLSR037_281: control access and allow only users of health information systems to access PHI
MLSR037_316: define discretionary access control to grant access to those who have no previously established relationship to that subject of care’s PHI (e.g. a specialist)
MLSR219_106: maintain ePHI to allow access only to persons or programs that have been granted access rights
MLSR037_440: ensure authorization for use of PHI of devices that record or report data outside organization premises 
MLSR043_377: manage machine-to-machine access between modality and workstation to protect PHI access
MLSR043_80: prohibit unauthorized users to access health data at unattended workspot 
MLSR088_76: control access to health data and functions only necessary to perform tasks
MLSR201_20: redesign devices to gain access to patient-specific information 
MLSR102_249: implement actions necessary to address malicious access to a device or deletion, alteration, falsification or unauthorized sharing of patient data"
Do we have security requirements for Develop feature in system to control access to PHI data in place?,MLSR037_281,"MLSR037_281: control access and allow only users of health information systems to access PHI
MLSR037_316: define discretionary access control to grant access to those who have no previously established relationship to that subject of care’s PHI (e.g. a specialist)
MLSR219_106: maintain ePHI to allow access only to persons or programs that have been granted access rights
MLSR037_440: ensure authorization for use of PHI of devices that record or report data outside organization premises 
MLSR043_377: manage machine-to-machine access between modality and workstation to protect PHI access
MLSR043_80: prohibit unauthorized users to access health data at unattended workspot 
MLSR088_76: control access to health data and functions only necessary to perform tasks
MLSR201_20: redesign devices to gain access to patient-specific information 
MLSR102_249: implement actions necessary to address malicious access to a device or deletion, alteration, falsification or unauthorized sharing of patient data"
Fetch requirements mapped to Develop feature in system to control access to PHI data.,MLSR037_281,"MLSR037_281: control access and allow only users of health information systems to access PHI
MLSR037_316: define discretionary access control to grant access to those who have no previously established relationship to that subject of care’s PHI (e.g. a specialist)
MLSR219_106: maintain ePHI to allow access only to persons or programs that have been granted access rights
MLSR037_440: ensure authorization for use of PHI of devices that record or report data outside organization premises 
MLSR043_377: manage machine-to-machine access between modality and workstation to protect PHI access
MLSR043_80: prohibit unauthorized users to access health data at unattended workspot 
MLSR088_76: control access to health data and functions only necessary to perform tasks
MLSR201_20: redesign devices to gain access to patient-specific information 
MLSR102_249: implement actions necessary to address malicious access to a device or deletion, alteration, falsification or unauthorized sharing of patient data"
I need a requirement for Develop feature to enroll/unenroll mobile device for organization's systems.,MLSR309_27,"MLSR309_27: ensure mobile device is enrolled to specific user by MDM administrator prior to use in enterprise network
MLSR309_79: ensure MDM Agent records reference identifier of MDM Server during enrollment process of mobile device
MLSR309_96: ensure MDM Agent is capable to enroll/unenroll from management
MLSR309_103: ensure MDM Agent prevents unenrollment from occurring and wipe data where unenrollment is allowed"
Give me requirements related to Develop feature to enroll/unenroll mobile device for organization's systems.,MLSR309_27,"MLSR309_27: ensure mobile device is enrolled to specific user by MDM administrator prior to use in enterprise network
MLSR309_79: ensure MDM Agent records reference identifier of MDM Server during enrollment process of mobile device
MLSR309_96: ensure MDM Agent is capable to enroll/unenroll from management
MLSR309_103: ensure MDM Agent prevents unenrollment from occurring and wipe data where unenrollment is allowed"
Do we have any requirements for Develop feature to enroll/unenroll mobile device for organization's systems compliance?,MLSR309_27,"MLSR309_27: ensure mobile device is enrolled to specific user by MDM administrator prior to use in enterprise network
MLSR309_79: ensure MDM Agent records reference identifier of MDM Server during enrollment process of mobile device
MLSR309_96: ensure MDM Agent is capable to enroll/unenroll from management
MLSR309_103: ensure MDM Agent prevents unenrollment from occurring and wipe data where unenrollment is allowed"
Give me requirements related to Develop feature in bluetooth device to generate PIN for mutual authentication .,MLSR304_45,"MLSR304_45: implement 4 digit PIN for low risk devices and 8-character alphanumeric PIN for bluetooth(classic) devices that require higher level of security
MLSR304_149: set PIN that are sufficiently random, long and private"
What are the requirements for Develop feature in bluetooth device to generate PIN for mutual authentication ?,MLSR304_45,"MLSR304_45: implement 4 digit PIN for low risk devices and 8-character alphanumeric PIN for bluetooth(classic) devices that require higher level of security
MLSR304_149: set PIN that are sufficiently random, long and private"
Show me requirements that comply with Develop feature in bluetooth device to generate PIN for mutual authentication .,MLSR304_45,"MLSR304_45: implement 4 digit PIN for low risk devices and 8-character alphanumeric PIN for bluetooth(classic) devices that require higher level of security
MLSR304_149: set PIN that are sufficiently random, long and private"
Show me security requirements for Employ mechanism to change default passwords in cardholder wireless data environment.,MLSR307_47,"MLSR307_47: change all wireless vendor defaults at installation, including default wireless encryption keys, passwords in cardholder data environment"
Show me requirements that comply with Employ mechanism to change default passwords in cardholder wireless data environment.,MLSR307_47,"MLSR307_47: change all wireless vendor defaults at installation, including default wireless encryption keys, passwords in cardholder data environment"
What are the requirements for Employ mechanism to change default passwords in cardholder wireless data environment?,MLSR307_47,"MLSR307_47: change all wireless vendor defaults at installation, including default wireless encryption keys, passwords in cardholder data environment"
What are the requirements for Develop feature to manage lock/ unlock code for mobile device ?,MLSR305_69,"MLSR305_69: set long or more complex mobile device unlock codes
MLSR305_72: allow administrator to remotely reset password/passcode when device account lockout is enabled or device password/passcode is forgotten 
MLSR312_72: use password or other authenticator such as passcode, fingerprint, face to unlock mobile device
MLSR312_74: ensure mobile device automatically locks itself after it is idle for a period of time
MLSR302_68: permit user’s device to display individual entered characters for a short time after each character is typed on mobile device"
I need a requirement for secure Develop feature to manage lock/ unlock code for mobile device .,MLSR305_69,"MLSR305_69: set long or more complex mobile device unlock codes
MLSR305_72: allow administrator to remotely reset password/passcode when device account lockout is enabled or device password/passcode is forgotten 
MLSR312_72: use password or other authenticator such as passcode, fingerprint, face to unlock mobile device
MLSR312_74: ensure mobile device automatically locks itself after it is idle for a period of time
MLSR302_68: permit user’s device to display individual entered characters for a short time after each character is typed on mobile device"
Give me all the requirements linked to Develop feature to manage lock/ unlock code for mobile device .,MLSR305_69,"MLSR305_69: set long or more complex mobile device unlock codes
MLSR305_72: allow administrator to remotely reset password/passcode when device account lockout is enabled or device password/passcode is forgotten 
MLSR312_72: use password or other authenticator such as passcode, fingerprint, face to unlock mobile device
MLSR312_74: ensure mobile device automatically locks itself after it is idle for a period of time
MLSR302_68: permit user’s device to display individual entered characters for a short time after each character is typed on mobile device"
Do we have security requirements for Implement mechanisms to transmit passwords in a secure manner in place?,MLSR080_239,"MLSR074_277: ensure temporary secret authentication information is given in a secure manner to user
MLSR074_277: ensure use of external parties or unprotected (clear text) electronic mail messages are avoided
MLSR074_279: ensure user acknowledge receipt of secret authentication information
MLSR080_239: ensure initial passwords and passwords that have been reset are securely transmitted
MLSR074_322: prohibit to transmit passwords in clear text over a network
MLSR080_243: transmit passwords in secured encryption format over network
MLSR302_69: use approved encryption and authenticated protected channel when requesting look-up secrets
MLSR302_76: distribute look-up secrets over secure channel
MLSR302_94: perform transfer of secret using technology such as barcode or QR code to associate approval with authentication transaction
MLSR302_114: use approved encryption and authenticated protected channel when collecting OTP
MLSR302_232: ensure long-term authenticator secrets is issued to applicant within a protected session for remote transactions"
What are the requirements for Implement mechanisms to transmit passwords in a secure manner?,MLSR080_239,"MLSR074_277: ensure temporary secret authentication information is given in a secure manner to user
MLSR074_277: ensure use of external parties or unprotected (clear text) electronic mail messages are avoided
MLSR074_279: ensure user acknowledge receipt of secret authentication information
MLSR080_239: ensure initial passwords and passwords that have been reset are securely transmitted
MLSR074_322: prohibit to transmit passwords in clear text over a network
MLSR080_243: transmit passwords in secured encryption format over network
MLSR302_69: use approved encryption and authenticated protected channel when requesting look-up secrets
MLSR302_76: distribute look-up secrets over secure channel
MLSR302_94: perform transfer of secret using technology such as barcode or QR code to associate approval with authentication transaction
MLSR302_114: use approved encryption and authenticated protected channel when collecting OTP
MLSR302_232: ensure long-term authenticator secrets is issued to applicant within a protected session for remote transactions"
I need a requirement for secure Implement mechanisms to transmit passwords in a secure manner.,MLSR080_239,"MLSR074_277: ensure temporary secret authentication information is given in a secure manner to user
MLSR074_277: ensure use of external parties or unprotected (clear text) electronic mail messages are avoided
MLSR074_279: ensure user acknowledge receipt of secret authentication information
MLSR080_239: ensure initial passwords and passwords that have been reset are securely transmitted
MLSR074_322: prohibit to transmit passwords in clear text over a network
MLSR080_243: transmit passwords in secured encryption format over network
MLSR302_69: use approved encryption and authenticated protected channel when requesting look-up secrets
MLSR302_76: distribute look-up secrets over secure channel
MLSR302_94: perform transfer of secret using technology such as barcode or QR code to associate approval with authentication transaction
MLSR302_114: use approved encryption and authenticated protected channel when collecting OTP
MLSR302_232: ensure long-term authenticator secrets is issued to applicant within a protected session for remote transactions"
Show me requirements that comply with Implement authentication feature in containers to prevent unauthorized access.,MLSR301_153,"MLSR301_153: enforce authentication for all access to registries that contain proprietary or sensitive images
MLSR301_153: enforce authentication for write access to registry to ensure only images from trusted entities are added 
MLSR301_167_2: ensure orchestrators provide mutually authenticated network connections between cluster members
MLSR301_159: implement single sign-on to simplify orchestrator authentication experience"
Show me security requirements for Implement authentication feature in containers to prevent unauthorized access.,MLSR301_153,"MLSR301_153: enforce authentication for all access to registries that contain proprietary or sensitive images
MLSR301_153: enforce authentication for write access to registry to ensure only images from trusted entities are added 
MLSR301_167_2: ensure orchestrators provide mutually authenticated network connections between cluster members
MLSR301_159: implement single sign-on to simplify orchestrator authentication experience"
Give me requirements related to Implement authentication feature in containers to prevent unauthorized access.,MLSR301_153,"MLSR301_153: enforce authentication for all access to registries that contain proprietary or sensitive images
MLSR301_153: enforce authentication for write access to registry to ensure only images from trusted entities are added 
MLSR301_167_2: ensure orchestrators provide mutually authenticated network connections between cluster members
MLSR301_159: implement single sign-on to simplify orchestrator authentication experience"
Do we have any requirements for Implement screen savers to prevent unauthorized access compliance?,MLSR079_1058,"MLSR088_63_1: enforce to lock system and display screen saver if system is idle for more than pre-configured duration
MLSR079_1058: enforce screen savers with password protection
MLSR043_84: enable screen saver with short inactivity time or manually enabled by a shortcut key
MLSR043_85: enable screen lock with resumption of session when no key is pressed for short period and preserve uncommitted data
MLSR050_63: use session lock with pattern-hiding displays to prevent unauthorized access
MLSR049_331: prevent access by initiating session lock after a defined time period"
Give me requirements related to Implement screen savers to prevent unauthorized access.,MLSR079_1058,"MLSR088_63_1: enforce to lock system and display screen saver if system is idle for more than pre-configured duration
MLSR079_1058: enforce screen savers with password protection
MLSR043_84: enable screen saver with short inactivity time or manually enabled by a shortcut key
MLSR043_85: enable screen lock with resumption of session when no key is pressed for short period and preserve uncommitted data
MLSR050_63: use session lock with pattern-hiding displays to prevent unauthorized access
MLSR049_331: prevent access by initiating session lock after a defined time period"
Show me security requirements for Implement screen savers to prevent unauthorized access.,MLSR079_1058,"MLSR088_63_1: enforce to lock system and display screen saver if system is idle for more than pre-configured duration
MLSR079_1058: enforce screen savers with password protection
MLSR043_84: enable screen saver with short inactivity time or manually enabled by a shortcut key
MLSR043_85: enable screen lock with resumption of session when no key is pressed for short period and preserve uncommitted data
MLSR050_63: use session lock with pattern-hiding displays to prevent unauthorized access
MLSR049_331: prevent access by initiating session lock after a defined time period"
Give me requirements related to Implement encrypted channels to connect to registry in container.,MLSR301_149,"MLSR301_149: configure development tools, orchestrators, and container runtimes to only connect to registries over encrypted channels
MLSR301_149: ensure all data pushed to and pulled from a container registry occurs between trusted endpoints and is encrypted in transit"
What are the requirements for Implement encrypted channels to connect to registry in container?,MLSR301_149,"MLSR301_149: configure development tools, orchestrators, and container runtimes to only connect to registries over encrypted channels
MLSR301_149: ensure all data pushed to and pulled from a container registry occurs between trusted endpoints and is encrypted in transit"
What are the requirements for Implement encrypted channels to connect to registry in container?,MLSR301_149,"MLSR301_149: configure development tools, orchestrators, and container runtimes to only connect to registries over encrypted channels
MLSR301_149: ensure all data pushed to and pulled from a container registry occurs between trusted endpoints and is encrypted in transit"
Give me requirements related to Employ mechanism to protect data during transmission on mobile device.,MLSR305_135,"MLSR305_135: implement strong encryption to protect confidentiality of data transmitted on mobile device over untrusted networks
MLSR309_31: protect data exchange between MDM Server and MDM Agent
MLSR076_238: ensure connection of mobile devices to maintain confidentiality, integrity and authenticity of transmitted data"
Fetch requirements mapped to Employ mechanism to protect data during transmission on mobile device.,MLSR305_135,"MLSR305_135: implement strong encryption to protect confidentiality of data transmitted on mobile device over untrusted networks
MLSR309_31: protect data exchange between MDM Server and MDM Agent
MLSR076_238: ensure connection of mobile devices to maintain confidentiality, integrity and authenticity of transmitted data"
Give me all the requirements linked to Employ mechanism to protect data during transmission on mobile device.,MLSR305_135,"MLSR305_135: implement strong encryption to protect confidentiality of data transmitted on mobile device over untrusted networks
MLSR309_31: protect data exchange between MDM Server and MDM Agent
MLSR076_238: ensure connection of mobile devices to maintain confidentiality, integrity and authenticity of transmitted data"
Give me all the requirements linked to Implement cryptographic mechanisms to enforce use of trusted container images.,MLSR301_140,"MLSR301_140: encrypt secrets are always at rest and in transit use FIPS 140 approved cryptographic algorithms
MLSR301_144: identify each container image by cryptographic signature, using NIST-validated implementation
MLSR301_146: validate signatures before execution to ensure container images are from trusted sources and are not tampered 
MLSR301_160: use encryption tools which use cryptographic mechanisms for encrypting data in containers 
MLSR301_200: ensure trusted computing model start with secure boot and build a chain of trust rooted in hardware and extend to bootloaders, OS kernel, and OS components
MLSR301_223: validate integrity of images before runtime by leveraging hashes and digital signatures
MLSR301_217: ensure only trusted images are allowed to run to prevent use of images from external, unvetted sources
"
I need a requirement for Implement cryptographic mechanisms to enforce use of trusted container images.,MLSR301_140,"MLSR301_140: encrypt secrets are always at rest and in transit use FIPS 140 approved cryptographic algorithms
MLSR301_144: identify each container image by cryptographic signature, using NIST-validated implementation
MLSR301_146: validate signatures before execution to ensure container images are from trusted sources and are not tampered 
MLSR301_160: use encryption tools which use cryptographic mechanisms for encrypting data in containers 
MLSR301_200: ensure trusted computing model start with secure boot and build a chain of trust rooted in hardware and extend to bootloaders, OS kernel, and OS components
MLSR301_223: validate integrity of images before runtime by leveraging hashes and digital signatures
MLSR301_217: ensure only trusted images are allowed to run to prevent use of images from external, unvetted sources
"
Do we have any requirements for Implement cryptographic mechanisms to enforce use of trusted container images compliance?,MLSR301_140,"MLSR301_140: encrypt secrets are always at rest and in transit use FIPS 140 approved cryptographic algorithms
MLSR301_144: identify each container image by cryptographic signature, using NIST-validated implementation
MLSR301_146: validate signatures before execution to ensure container images are from trusted sources and are not tampered 
MLSR301_160: use encryption tools which use cryptographic mechanisms for encrypting data in containers 
MLSR301_200: ensure trusted computing model start with secure boot and build a chain of trust rooted in hardware and extend to bootloaders, OS kernel, and OS components
MLSR301_223: validate integrity of images before runtime by leveraging hashes and digital signatures
MLSR301_217: ensure only trusted images are allowed to run to prevent use of images from external, unvetted sources
"
Do we have security requirements for Develop feature in system to protect integrity of audit logs in place?,MLSR065_64,"MLSR065_64: check and protect integrity of audit logs
MLSR037_518: protect audit logs from tampering
MLSR043_92: secure audit data as appropriate especially if it contains personal data
MLSR043_94: protect audit data that contains personal data or health data"
I need a requirement for Develop feature in system to protect integrity of audit logs.,MLSR065_64,"MLSR065_64: check and protect integrity of audit logs
MLSR037_518: protect audit logs from tampering
MLSR043_92: secure audit data as appropriate especially if it contains personal data
MLSR043_94: protect audit data that contains personal data or health data"
I need a requirement for secure Develop feature in system to protect integrity of audit logs.,MLSR065_64,"MLSR065_64: check and protect integrity of audit logs
MLSR037_518: protect audit logs from tampering
MLSR043_92: secure audit data as appropriate especially if it contains personal data
MLSR043_94: protect audit data that contains personal data or health data"
What are the requirements for Implement data isolation and security mechanisms  in containers?,MLSR301_29,"MLSR301_29: ensure data is persisted in containers by using external, persistent data stores such as databases
MLSR301_40: ensure each container can only utilize amount of resources assigned to it  
MLSR301_40: ensure no container, interfere with operations of another container
MLSR301_55: ensure container image includes only executables and libraries required by app itself 
MLSR301_163: segment containers by purpose, sensitivity, and threat posture to provide additional defense in depth
MLSR301_178: ensure containers are run with default profiles provided by runtime
MLSR301_186: isolate containerized workloads to container-specific hosts and prevent running non-containerized workloads on same host OS
MLSR301_188: ensure host OSs are operated in an immutable manner with no data or state stored uniquely and persistently on host
MLSR301_191_1: prevent mount of sensitive directories on host’s file system, especially containing configuration settings for OS
MLSR301_195: ensure to measure firmware, software, and configuration data before it is executed using RTM and store them in a hardware root of trust, like TPM and validate current RTM measurements match expected measurements
MLSR301_222: build a threat profile of container's runtime
MLSR301_224: restrict images from being run based on rules establishing acceptable vulnerability severity levels

"
Do we have security requirements for Implement data isolation and security mechanisms  in containers in place?,MLSR301_29,"MLSR301_29: ensure data is persisted in containers by using external, persistent data stores such as databases
MLSR301_40: ensure each container can only utilize amount of resources assigned to it  
MLSR301_40: ensure no container, interfere with operations of another container
MLSR301_55: ensure container image includes only executables and libraries required by app itself 
MLSR301_163: segment containers by purpose, sensitivity, and threat posture to provide additional defense in depth
MLSR301_178: ensure containers are run with default profiles provided by runtime
MLSR301_186: isolate containerized workloads to container-specific hosts and prevent running non-containerized workloads on same host OS
MLSR301_188: ensure host OSs are operated in an immutable manner with no data or state stored uniquely and persistently on host
MLSR301_191_1: prevent mount of sensitive directories on host’s file system, especially containing configuration settings for OS
MLSR301_195: ensure to measure firmware, software, and configuration data before it is executed using RTM and store them in a hardware root of trust, like TPM and validate current RTM measurements match expected measurements
MLSR301_222: build a threat profile of container's runtime
MLSR301_224: restrict images from being run based on rules establishing acceptable vulnerability severity levels

"
Show me requirements that comply with Implement data isolation and security mechanisms  in containers.,MLSR301_29,"MLSR301_29: ensure data is persisted in containers by using external, persistent data stores such as databases
MLSR301_40: ensure each container can only utilize amount of resources assigned to it  
MLSR301_40: ensure no container, interfere with operations of another container
MLSR301_55: ensure container image includes only executables and libraries required by app itself 
MLSR301_163: segment containers by purpose, sensitivity, and threat posture to provide additional defense in depth
MLSR301_178: ensure containers are run with default profiles provided by runtime
MLSR301_186: isolate containerized workloads to container-specific hosts and prevent running non-containerized workloads on same host OS
MLSR301_188: ensure host OSs are operated in an immutable manner with no data or state stored uniquely and persistently on host
MLSR301_191_1: prevent mount of sensitive directories on host’s file system, especially containing configuration settings for OS
MLSR301_195: ensure to measure firmware, software, and configuration data before it is executed using RTM and store them in a hardware root of trust, like TPM and validate current RTM measurements match expected measurements
MLSR301_222: build a threat profile of container's runtime
MLSR301_224: restrict images from being run based on rules establishing acceptable vulnerability severity levels

"
Show me requirements that comply with Configure orchestrators to monitor and manage running containers.,MLSR301_162,"MLSR301_137: use orchestrators to ensure secrets are stored outside of container images and provided dynamically at runtime as needed
MLSR301_161: configure orchestrators to separate network traffic into discrete virtual networks by sensitivity level
MLSR301_162: configure orchestrators to isolate deployments to specific sets of hosts by sensitivity levels
MLSR301_162: configure orchestrators to prevent high sensitivity workloads from being placed on same host as those running lower sensitivity workloads
MLSR301_167: persist identity throughout lifecycle, and provide accurate inventory of nodes and their connectivity states on orchestrators
MLSR301_167_1: ensure orchestrators are designed such that a compromised node is isolated and removed from cluster without disrupting overall cluster operations
"
Give me requirements related to Configure orchestrators to monitor and manage running containers.,MLSR301_162,"MLSR301_137: use orchestrators to ensure secrets are stored outside of container images and provided dynamically at runtime as needed
MLSR301_161: configure orchestrators to separate network traffic into discrete virtual networks by sensitivity level
MLSR301_162: configure orchestrators to isolate deployments to specific sets of hosts by sensitivity levels
MLSR301_162: configure orchestrators to prevent high sensitivity workloads from being placed on same host as those running lower sensitivity workloads
MLSR301_167: persist identity throughout lifecycle, and provide accurate inventory of nodes and their connectivity states on orchestrators
MLSR301_167_1: ensure orchestrators are designed such that a compromised node is isolated and removed from cluster without disrupting overall cluster operations
"
Give me requirements related to Configure orchestrators to monitor and manage running containers.,MLSR301_162,"MLSR301_137: use orchestrators to ensure secrets are stored outside of container images and provided dynamically at runtime as needed
MLSR301_161: configure orchestrators to separate network traffic into discrete virtual networks by sensitivity level
MLSR301_162: configure orchestrators to isolate deployments to specific sets of hosts by sensitivity levels
MLSR301_162: configure orchestrators to prevent high sensitivity workloads from being placed on same host as those running lower sensitivity workloads
MLSR301_167: persist identity throughout lifecycle, and provide accurate inventory of nodes and their connectivity states on orchestrators
MLSR301_167_1: ensure orchestrators are designed such that a compromised node is isolated and removed from cluster without disrupting overall cluster operations
"
I need a requirement for Implement registries to manage container images.,MLSR301_141,"MLSR301_141: deploy only images from a set of trusted container images and registries
MLSR301_143: build capability to centrally control exactly what container images and registries are trusted 
MLSR301_151: access container images using immutable names that specify discrete versions of images to be used
MLSR301_216: ensure only vetted, tested, validated, and digitally signed images are allowed to be uploaded to organization’s registries
"
Give me all the requirements linked to Implement registries to manage container images.,MLSR301_141,"MLSR301_141: deploy only images from a set of trusted container images and registries
MLSR301_143: build capability to centrally control exactly what container images and registries are trusted 
MLSR301_151: access container images using immutable names that specify discrete versions of images to be used
MLSR301_216: ensure only vetted, tested, validated, and digitally signed images are allowed to be uploaded to organization’s registries
"
I need a requirement for Implement registries to manage container images.,MLSR301_141,"MLSR301_141: deploy only images from a set of trusted container images and registries
MLSR301_143: build capability to centrally control exactly what container images and registries are trusted 
MLSR301_151: access container images using immutable names that specify discrete versions of images to be used
MLSR301_216: ensure only vetted, tested, validated, and digitally signed images are allowed to be uploaded to organization’s registries
"
Show me security requirements for Employ mechanisms to implement authorization in containers.,MLSR301_112,"MLSR301_112: ensure containers prohibit to make changes to locations that control basic functionality of host OS
MLSR301_157:  enforce least privilege access model in orchestrators such that users are able to perform only specific actions
MLSR301_177: provide protection at host OS layer, ensuring only specific files, paths, and processes are accessible to containerized apps
MLSR301_191: ensure containers are run with minimal set of file system permissions required
MLSR301_211: employ mandatory access control capabilities that provide additional barriers to ensure system activity is segmented within boundaries
MLSR301_221: validate container runtime to follow least-privilege and least-access principles"
Give me requirements related to Employ mechanisms to implement authorization in containers.,MLSR301_112,"MLSR301_112: ensure containers prohibit to make changes to locations that control basic functionality of host OS
MLSR301_157:  enforce least privilege access model in orchestrators such that users are able to perform only specific actions
MLSR301_177: provide protection at host OS layer, ensuring only specific files, paths, and processes are accessible to containerized apps
MLSR301_191: ensure containers are run with minimal set of file system permissions required
MLSR301_211: employ mandatory access control capabilities that provide additional barriers to ensure system activity is segmented within boundaries
MLSR301_221: validate container runtime to follow least-privilege and least-access principles"
Do we have security requirements for Employ mechanisms to implement authorization in containers in place?,MLSR301_112,"MLSR301_112: ensure containers prohibit to make changes to locations that control basic functionality of host OS
MLSR301_157:  enforce least privilege access model in orchestrators such that users are able to perform only specific actions
MLSR301_177: provide protection at host OS layer, ensuring only specific files, paths, and processes are accessible to containerized apps
MLSR301_191: ensure containers are run with minimal set of file system permissions required
MLSR301_211: employ mandatory access control capabilities that provide additional barriers to ensure system activity is segmented within boundaries
MLSR301_221: validate container runtime to follow least-privilege and least-access principles"
Show me security requirements for Develop feature in system to remove access of user when no longer required and notify individual.,MLSR037_208,"MLSR074_291: remove access rights upon termination of employment
MLSR079_1020: revoke permissions on access accounts when no longer needed 
MLSR037_208: terminate user previous rights when there is change in role or leaves organization
MLSR037_333: terminate user access privileges upon termination of employment, contracting, or volunteer activities
MLSR307_204: immediately revoke access for any terminated users
MLSR050_158: protect CUI by disabling system access during and after personnel actions such as terminations and transfers
MLSR049_1444: disable system access, revoke credentials and nofify authorized personnel when an individual employment is terminated 
MLSR049_1448: employ automated mechanisms to notify upon termination of an individual"
What are the requirements for Develop feature in system to remove access of user when no longer required and notify individual?,MLSR037_208,"MLSR074_291: remove access rights upon termination of employment
MLSR079_1020: revoke permissions on access accounts when no longer needed 
MLSR037_208: terminate user previous rights when there is change in role or leaves organization
MLSR037_333: terminate user access privileges upon termination of employment, contracting, or volunteer activities
MLSR307_204: immediately revoke access for any terminated users
MLSR050_158: protect CUI by disabling system access during and after personnel actions such as terminations and transfers
MLSR049_1444: disable system access, revoke credentials and nofify authorized personnel when an individual employment is terminated 
MLSR049_1448: employ automated mechanisms to notify upon termination of an individual"
Give me requirements related to Develop feature in system to remove access of user when no longer required and notify individual.,MLSR037_208,"MLSR074_291: remove access rights upon termination of employment
MLSR079_1020: revoke permissions on access accounts when no longer needed 
MLSR037_208: terminate user previous rights when there is change in role or leaves organization
MLSR037_333: terminate user access privileges upon termination of employment, contracting, or volunteer activities
MLSR307_204: immediately revoke access for any terminated users
MLSR050_158: protect CUI by disabling system access during and after personnel actions such as terminations and transfers
MLSR049_1444: disable system access, revoke credentials and nofify authorized personnel when an individual employment is terminated 
MLSR049_1448: employ automated mechanisms to notify upon termination of an individual"
Show me requirements that comply with Employ mechanisms to track container images and configurations.,MLSR301_176,MLSR301_176: use automated tools that continuously assess configuration settings across environment and actively enforce them
Do we have security requirements for Employ mechanisms to track container images and configurations in place?,MLSR301_176,MLSR301_176: use automated tools that continuously assess configuration settings across environment and actively enforce them
Do we have any requirements for Employ mechanisms to track container images and configurations compliance?,MLSR301_176,MLSR301_176: use automated tools that continuously assess configuration settings across environment and actively enforce them
Show me security requirements for Employ configuration control to manage code and libraries.,MLSR074_355,"MLSR049_1576: employ tools for comparing newly generated versions of source code with previous versions
MLSR074_357: ensure updating of program source libraries, associated items and issuing of program sources are performed after appropriate authorization
MLSR074_619: perform updation of operation software, applications and program libraries by trained administrators
MLSR074_354: ensure program source libraries are not in operational systems
MLSR074_355: ensure program source code and source libraries are managed according to established procedures
MLSR074_358: ensure program listings are held in secure environment
MLSR074_352: ensure program source code and associated items are strictly controlled/restricted
MLSR074_356: ensure support personnel does not have unrestricted access to program source libraries
MLSR105_89: implement software configuration management and permit tracking and control of software changes"
Do we have any requirements for Employ configuration control to manage code and libraries compliance?,MLSR074_355,"MLSR049_1576: employ tools for comparing newly generated versions of source code with previous versions
MLSR074_357: ensure updating of program source libraries, associated items and issuing of program sources are performed after appropriate authorization
MLSR074_619: perform updation of operation software, applications and program libraries by trained administrators
MLSR074_354: ensure program source libraries are not in operational systems
MLSR074_355: ensure program source code and source libraries are managed according to established procedures
MLSR074_358: ensure program listings are held in secure environment
MLSR074_352: ensure program source code and associated items are strictly controlled/restricted
MLSR074_356: ensure support personnel does not have unrestricted access to program source libraries
MLSR105_89: implement software configuration management and permit tracking and control of software changes"
Give me all the requirements linked to Employ configuration control to manage code and libraries.,MLSR074_355,"MLSR049_1576: employ tools for comparing newly generated versions of source code with previous versions
MLSR074_357: ensure updating of program source libraries, associated items and issuing of program sources are performed after appropriate authorization
MLSR074_619: perform updation of operation software, applications and program libraries by trained administrators
MLSR074_354: ensure program source libraries are not in operational systems
MLSR074_355: ensure program source code and source libraries are managed according to established procedures
MLSR074_358: ensure program listings are held in secure environment
MLSR074_352: ensure program source code and associated items are strictly controlled/restricted
MLSR074_356: ensure support personnel does not have unrestricted access to program source libraries
MLSR105_89: implement software configuration management and permit tracking and control of software changes"
Show me requirements that comply with Implement mechanisms in system to handle failures.,MLSR076_201,"MLSR049_1802: ensure to fail securely in event of operational failure of boundary protection device
MLSR049_1836: maintain availability of information in event of loss of cryptographic keys by users
MLSR049_1893: ensure that name/address resolution service are fault-tolerant and implements internal/external role separation
MLSR049_1958: partition system into system components residing in separate physical domains
MLSR049_1976: distribute processing and storage across multiple physical locations
MLSR049_1978: employ polling techniques to identify potential faults, errors, or compromises to distributed processing and storage components
MLSR049_2141: implement automatic shut down, restart when integrity violations are discovered
MLSR049_2224: implement fail-safe procedures like re-establishing system settings or contacting personnel when defined failure conditions occur
MLSR076_201: design systems to 'fail open' when security infrastructure malfunctions
MLSR076_204: design system to recover from disk drives when system is down
MLSR037_762: necessitate fallback procedures to counter failure in processes, systems and relevant equipment
MLSR105_100: design device such that it specifies level of autonomous functionality when communication capabilities are disrupted for significant duration
MLSR105_101: design system to be resilient to network outages, DoS attacks, excessive bandwidth usage, disrupted quality of service (QoS)
MLSR043_124: provide capability to restore system settings and health data stored on products after a system failure or compromise
MLSR088_91: provide capability to restore health data after system failure or compromise occurs
MLSR092_151: allow data recovery to restore data when swapping out equipment
MLSR221_378_1: restore availability and access to personal data in timely manner in event of physical or technical incident
MLSR210_228: implement data recovery mechanisms to restore data from critical systems
MLSR049_929: implement transaction recovery for transaction-based systems
MLSR049_932: provide capability to restore information system components within defined restoration time-periods"
I need a requirement for secure Implement mechanisms in system to handle failures.,MLSR076_201,"MLSR049_1802: ensure to fail securely in event of operational failure of boundary protection device
MLSR049_1836: maintain availability of information in event of loss of cryptographic keys by users
MLSR049_1893: ensure that name/address resolution service are fault-tolerant and implements internal/external role separation
MLSR049_1958: partition system into system components residing in separate physical domains
MLSR049_1976: distribute processing and storage across multiple physical locations
MLSR049_1978: employ polling techniques to identify potential faults, errors, or compromises to distributed processing and storage components
MLSR049_2141: implement automatic shut down, restart when integrity violations are discovered
MLSR049_2224: implement fail-safe procedures like re-establishing system settings or contacting personnel when defined failure conditions occur
MLSR076_201: design systems to 'fail open' when security infrastructure malfunctions
MLSR076_204: design system to recover from disk drives when system is down
MLSR037_762: necessitate fallback procedures to counter failure in processes, systems and relevant equipment
MLSR105_100: design device such that it specifies level of autonomous functionality when communication capabilities are disrupted for significant duration
MLSR105_101: design system to be resilient to network outages, DoS attacks, excessive bandwidth usage, disrupted quality of service (QoS)
MLSR043_124: provide capability to restore system settings and health data stored on products after a system failure or compromise
MLSR088_91: provide capability to restore health data after system failure or compromise occurs
MLSR092_151: allow data recovery to restore data when swapping out equipment
MLSR221_378_1: restore availability and access to personal data in timely manner in event of physical or technical incident
MLSR210_228: implement data recovery mechanisms to restore data from critical systems
MLSR049_929: implement transaction recovery for transaction-based systems
MLSR049_932: provide capability to restore information system components within defined restoration time-periods"
I need a requirement for secure Implement mechanisms in system to handle failures.,MLSR076_201,"MLSR049_1802: ensure to fail securely in event of operational failure of boundary protection device
MLSR049_1836: maintain availability of information in event of loss of cryptographic keys by users
MLSR049_1893: ensure that name/address resolution service are fault-tolerant and implements internal/external role separation
MLSR049_1958: partition system into system components residing in separate physical domains
MLSR049_1976: distribute processing and storage across multiple physical locations
MLSR049_1978: employ polling techniques to identify potential faults, errors, or compromises to distributed processing and storage components
MLSR049_2141: implement automatic shut down, restart when integrity violations are discovered
MLSR049_2224: implement fail-safe procedures like re-establishing system settings or contacting personnel when defined failure conditions occur
MLSR076_201: design systems to 'fail open' when security infrastructure malfunctions
MLSR076_204: design system to recover from disk drives when system is down
MLSR037_762: necessitate fallback procedures to counter failure in processes, systems and relevant equipment
MLSR105_100: design device such that it specifies level of autonomous functionality when communication capabilities are disrupted for significant duration
MLSR105_101: design system to be resilient to network outages, DoS attacks, excessive bandwidth usage, disrupted quality of service (QoS)
MLSR043_124: provide capability to restore system settings and health data stored on products after a system failure or compromise
MLSR088_91: provide capability to restore health data after system failure or compromise occurs
MLSR092_151: allow data recovery to restore data when swapping out equipment
MLSR221_378_1: restore availability and access to personal data in timely manner in event of physical or technical incident
MLSR210_228: implement data recovery mechanisms to restore data from critical systems
MLSR049_929: implement transaction recovery for transaction-based systems
MLSR049_932: provide capability to restore information system components within defined restoration time-periods"
Do we have security requirements for Design system with physical locks to protect devices from tampering /unauthorized access in place?,MLSR105_61,"MLSR092_137: ensure physical security of device such as lock protecting access to connected medical device
MLSR105_61: implement physical lock mechanism for communication ports to minimize device tampering
MLSR208_81: implement physical security controls for communication port to prevent unauthorized person from accessing device
MLSR049_1310: provide lockable physical casings to protect information system components
MLSR049_2007: physically disable or remove defined connection ports or input/output devices "
Give me all the requirements linked to Design system with physical locks to protect devices from tampering /unauthorized access.,MLSR105_61,"MLSR092_137: ensure physical security of device such as lock protecting access to connected medical device
MLSR105_61: implement physical lock mechanism for communication ports to minimize device tampering
MLSR208_81: implement physical security controls for communication port to prevent unauthorized person from accessing device
MLSR049_1310: provide lockable physical casings to protect information system components
MLSR049_2007: physically disable or remove defined connection ports or input/output devices "
Give me requirements related to Design system with physical locks to protect devices from tampering /unauthorized access.,MLSR105_61,"MLSR092_137: ensure physical security of device such as lock protecting access to connected medical device
MLSR105_61: implement physical lock mechanism for communication ports to minimize device tampering
MLSR208_81: implement physical security controls for communication port to prevent unauthorized person from accessing device
MLSR049_1310: provide lockable physical casings to protect information system components
MLSR049_2007: physically disable or remove defined connection ports or input/output devices "
Fetch requirements mapped to Employ vulnerability management tool in containers.,MLSR301_125,"MLSR301_125: use vulnerability management tools that use pipeline-based build approach, immutable nature of containers and images 
MLSR301_126: use vulnerability management tools that provide integration with entire lifecycle of container images
MLSR301_127: use vulnerability management tools that provide centralized reporting, monitoring and visibility into vulnerabilities at all layers of container image 
MLSR301_128: use vulnerability management tools that provide policy-driven enforcement to create “quality gates” at each stage of build and deployment of container images
MLSR301_136:  monitor all container images continuously for embedded malware
MLSR301_155:  integrate automated scans to prevent deployment of vulnerable or misconfigured images
MLSR301_169: monitor container runtime for vulnerabilities, and remediate after detection
MLSR301_169_1: use tool to monitor CVE vulnerabilities in container runtimes
MLSR301_213: employ security tools that report on vulnerability state of runtimes
MLSR301_213: employ security tools that prevent deployment of images to vulnerable runtimes
MLSR301_218: automatically scan images for vulnerabilities and malware to detect malicious code
MLSR301_150: prune registries of unsafe, vulnerable images that is no longer used in containers
MLSR311_123: configure service hosts to scan file uploads and contents of each container's memory

"
Fetch requirements mapped to Employ vulnerability management tool in containers.,MLSR301_125,"MLSR301_125: use vulnerability management tools that use pipeline-based build approach, immutable nature of containers and images 
MLSR301_126: use vulnerability management tools that provide integration with entire lifecycle of container images
MLSR301_127: use vulnerability management tools that provide centralized reporting, monitoring and visibility into vulnerabilities at all layers of container image 
MLSR301_128: use vulnerability management tools that provide policy-driven enforcement to create “quality gates” at each stage of build and deployment of container images
MLSR301_136:  monitor all container images continuously for embedded malware
MLSR301_155:  integrate automated scans to prevent deployment of vulnerable or misconfigured images
MLSR301_169: monitor container runtime for vulnerabilities, and remediate after detection
MLSR301_169_1: use tool to monitor CVE vulnerabilities in container runtimes
MLSR301_213: employ security tools that report on vulnerability state of runtimes
MLSR301_213: employ security tools that prevent deployment of images to vulnerable runtimes
MLSR301_218: automatically scan images for vulnerabilities and malware to detect malicious code
MLSR301_150: prune registries of unsafe, vulnerable images that is no longer used in containers
MLSR311_123: configure service hosts to scan file uploads and contents of each container's memory

"
Show me security requirements for Employ vulnerability management tool in containers.,MLSR301_125,"MLSR301_125: use vulnerability management tools that use pipeline-based build approach, immutable nature of containers and images 
MLSR301_126: use vulnerability management tools that provide integration with entire lifecycle of container images
MLSR301_127: use vulnerability management tools that provide centralized reporting, monitoring and visibility into vulnerabilities at all layers of container image 
MLSR301_128: use vulnerability management tools that provide policy-driven enforcement to create “quality gates” at each stage of build and deployment of container images
MLSR301_136:  monitor all container images continuously for embedded malware
MLSR301_155:  integrate automated scans to prevent deployment of vulnerable or misconfigured images
MLSR301_169: monitor container runtime for vulnerabilities, and remediate after detection
MLSR301_169_1: use tool to monitor CVE vulnerabilities in container runtimes
MLSR301_213: employ security tools that report on vulnerability state of runtimes
MLSR301_213: employ security tools that prevent deployment of images to vulnerable runtimes
MLSR301_218: automatically scan images for vulnerabilities and malware to detect malicious code
MLSR301_150: prune registries of unsafe, vulnerable images that is no longer used in containers
MLSR311_123: configure service hosts to scan file uploads and contents of each container's memory

"
"I need a requirement for Employ anti-malware and anti-spyware tools to protect against malicious attacks
.",MLSR016_154,"MLSR092_133: use antivirus software in information system of medical device
MLSR037_484: implement appropriate prevention, detection and response controls to protect against malicious software
MLSR105_85: implement features that allow security compromises to be detected, recognized and logged
MLSR076_160: perform final antivirus and antispyware scans before packaging
MLSR076_163: perform antivirus and antispyware scan upon installation of instrument
MLSR016_154: scan binary code and bytecode using malware detection tool to identify malware
MLSR203_68: implement detection and protection measures for malware attacks [Medical Facility]
MLSR076_152: use antivirus and antispyware software to protect computer systems  [Medical Facility]
MLSR088_102: provide capability to prevent, detect malware and remove if any malware found [Medical Facility]
MLSR088_103: have capability to detect traditional malware as well as unauthorized software [Medical Facility]
MLSR055_319: use anti-virus and anti-spyware tools and keep signature databases up-to-date [Medical Facility]
MLSR105_88: include endpoint protections such as anti- malware, firewall, whitelisting, security event parameters, physical security detection [Medical Facility]
MLSR043_144: detect traditional malware and unauthorized software that interfere operation of device [Medical Facility]
MLSR105_86: permit routine security and antivirus scanning without impacting performance [Medical Facility]
MLSR080_593: employ virus detection systems that monitor and respond to indicators [Medical Facility]
MLSR074_567: scan web pages for malware [Medical Facility]
MLSR074_566: scan electronic mail attachments and downloads for malware [Medical Facility]
MLSR307_137: deploy anti-virus software on all systems commonly affected by malicious software
MLSR307_138: ensure anti-virus programs are capable of detecting, removing, and protecting against all known types of malicious software
MLSR307_140: ensure all anti-virus mechanisms are kept current, periodic scans are performed and audit logs are generated
MLSR307_141: ensure anti-virus mechanisms cannot be disabled/altered by users unless specifically authorized
MLSR074_557: ensure detection, prevention and recovery controls are implemented to protect against malware"
"Show me requirements that comply with Employ anti-malware and anti-spyware tools to protect against malicious attacks
.",MLSR016_154,"MLSR092_133: use antivirus software in information system of medical device
MLSR037_484: implement appropriate prevention, detection and response controls to protect against malicious software
MLSR105_85: implement features that allow security compromises to be detected, recognized and logged
MLSR076_160: perform final antivirus and antispyware scans before packaging
MLSR076_163: perform antivirus and antispyware scan upon installation of instrument
MLSR016_154: scan binary code and bytecode using malware detection tool to identify malware
MLSR203_68: implement detection and protection measures for malware attacks [Medical Facility]
MLSR076_152: use antivirus and antispyware software to protect computer systems  [Medical Facility]
MLSR088_102: provide capability to prevent, detect malware and remove if any malware found [Medical Facility]
MLSR088_103: have capability to detect traditional malware as well as unauthorized software [Medical Facility]
MLSR055_319: use anti-virus and anti-spyware tools and keep signature databases up-to-date [Medical Facility]
MLSR105_88: include endpoint protections such as anti- malware, firewall, whitelisting, security event parameters, physical security detection [Medical Facility]
MLSR043_144: detect traditional malware and unauthorized software that interfere operation of device [Medical Facility]
MLSR105_86: permit routine security and antivirus scanning without impacting performance [Medical Facility]
MLSR080_593: employ virus detection systems that monitor and respond to indicators [Medical Facility]
MLSR074_567: scan web pages for malware [Medical Facility]
MLSR074_566: scan electronic mail attachments and downloads for malware [Medical Facility]
MLSR307_137: deploy anti-virus software on all systems commonly affected by malicious software
MLSR307_138: ensure anti-virus programs are capable of detecting, removing, and protecting against all known types of malicious software
MLSR307_140: ensure all anti-virus mechanisms are kept current, periodic scans are performed and audit logs are generated
MLSR307_141: ensure anti-virus mechanisms cannot be disabled/altered by users unless specifically authorized
MLSR074_557: ensure detection, prevention and recovery controls are implemented to protect against malware"
"Give me requirements related to Employ anti-malware and anti-spyware tools to protect against malicious attacks
.",MLSR016_154,"MLSR092_133: use antivirus software in information system of medical device
MLSR037_484: implement appropriate prevention, detection and response controls to protect against malicious software
MLSR105_85: implement features that allow security compromises to be detected, recognized and logged
MLSR076_160: perform final antivirus and antispyware scans before packaging
MLSR076_163: perform antivirus and antispyware scan upon installation of instrument
MLSR016_154: scan binary code and bytecode using malware detection tool to identify malware
MLSR203_68: implement detection and protection measures for malware attacks [Medical Facility]
MLSR076_152: use antivirus and antispyware software to protect computer systems  [Medical Facility]
MLSR088_102: provide capability to prevent, detect malware and remove if any malware found [Medical Facility]
MLSR088_103: have capability to detect traditional malware as well as unauthorized software [Medical Facility]
MLSR055_319: use anti-virus and anti-spyware tools and keep signature databases up-to-date [Medical Facility]
MLSR105_88: include endpoint protections such as anti- malware, firewall, whitelisting, security event parameters, physical security detection [Medical Facility]
MLSR043_144: detect traditional malware and unauthorized software that interfere operation of device [Medical Facility]
MLSR105_86: permit routine security and antivirus scanning without impacting performance [Medical Facility]
MLSR080_593: employ virus detection systems that monitor and respond to indicators [Medical Facility]
MLSR074_567: scan web pages for malware [Medical Facility]
MLSR074_566: scan electronic mail attachments and downloads for malware [Medical Facility]
MLSR307_137: deploy anti-virus software on all systems commonly affected by malicious software
MLSR307_138: ensure anti-virus programs are capable of detecting, removing, and protecting against all known types of malicious software
MLSR307_140: ensure all anti-virus mechanisms are kept current, periodic scans are performed and audit logs are generated
MLSR307_141: ensure anti-virus mechanisms cannot be disabled/altered by users unless specifically authorized
MLSR074_557: ensure detection, prevention and recovery controls are implemented to protect against malware"
Show me requirements that comply with Configure feature in cloud to ensure interoperability and adhere to standard data format.,MLSR065_125,"MLSR065_104: ensure cloud provider enable features to export user directory data in an interoperable format
MLSR065_125: ensure cloud provider is interoperable with third party identity providers
MLSR065_136: provide interoperable export formats for all data stored within cloud
MLSR065_138: enable export of user-created applications in standard format on cloud
MLSR065_139: enable processes for testing data that can be exported to another cloud provider
MLSR065_140: expose features to perform own data extraction to verify format is universal"
Fetch requirements mapped to Configure feature in cloud to ensure interoperability and adhere to standard data format.,MLSR065_125,"MLSR065_104: ensure cloud provider enable features to export user directory data in an interoperable format
MLSR065_125: ensure cloud provider is interoperable with third party identity providers
MLSR065_136: provide interoperable export formats for all data stored within cloud
MLSR065_138: enable export of user-created applications in standard format on cloud
MLSR065_139: enable processes for testing data that can be exported to another cloud provider
MLSR065_140: expose features to perform own data extraction to verify format is universal"
Show me security requirements for Configure feature in cloud to ensure interoperability and adhere to standard data format.,MLSR065_125,"MLSR065_104: ensure cloud provider enable features to export user directory data in an interoperable format
MLSR065_125: ensure cloud provider is interoperable with third party identity providers
MLSR065_136: provide interoperable export formats for all data stored within cloud
MLSR065_138: enable export of user-created applications in standard format on cloud
MLSR065_139: enable processes for testing data that can be exported to another cloud provider
MLSR065_140: expose features to perform own data extraction to verify format is universal"
Give me requirements related to Employ web application firewalls to monitor traffic and protect against attacks.,MLSR307_183,"MLSR310_63: use SAST tools to detect XXE in source code and consider using virtual patching or WAFs to detect, monitor and block XXE
MLSR310_121: employ virtual patching to monitor, detect and protect against discovered issue when patching is not possible 
MLSR307_183: install automated mechanism such as web application firewalls (WAF) to detect and prevent web-based attacks, in front of public-facing web applications"
I need a requirement for Employ web application firewalls to monitor traffic and protect against attacks.,MLSR307_183,"MLSR310_63: use SAST tools to detect XXE in source code and consider using virtual patching or WAFs to detect, monitor and block XXE
MLSR310_121: employ virtual patching to monitor, detect and protect against discovered issue when patching is not possible 
MLSR307_183: install automated mechanism such as web application firewalls (WAF) to detect and prevent web-based attacks, in front of public-facing web applications"
Do we have security requirements for Employ web application firewalls to monitor traffic and protect against attacks in place?,MLSR307_183,"MLSR310_63: use SAST tools to detect XXE in source code and consider using virtual patching or WAFs to detect, monitor and block XXE
MLSR310_121: employ virtual patching to monitor, detect and protect against discovered issue when patching is not possible 
MLSR307_183: install automated mechanism such as web application firewalls (WAF) to detect and prevent web-based attacks, in front of public-facing web applications"
What are the requirements for Implement network segmentation in containers?,MLSR301_220,MLSR301_220:  use container-level network segmentation to limit “blast radius” of poisoned image
Fetch requirements mapped to Implement network segmentation in containers.,MLSR301_220,MLSR301_220:  use container-level network segmentation to limit “blast radius” of poisoned image
What are the requirements for Implement network segmentation in containers?,MLSR301_220,MLSR301_220:  use container-level network segmentation to limit “blast radius” of poisoned image
I need a requirement for Employ usage restriction and authorize connections in wireless devices.,MLSR049_398,"MLSR049_398: establish usage restrictions and configuration/ connection for wireless access
MLSR049_399: authorize wireless access before allowing connections
MLSR049_404: disable wireless networking capabilities within system components when not intended for use
MLSR049_406: identify and authorize users to independently configure wireless networking capabilities
"
I need a requirement for secure Employ usage restriction and authorize connections in wireless devices.,MLSR049_398,"MLSR049_398: establish usage restrictions and configuration/ connection for wireless access
MLSR049_399: authorize wireless access before allowing connections
MLSR049_404: disable wireless networking capabilities within system components when not intended for use
MLSR049_406: identify and authorize users to independently configure wireless networking capabilities
"
What are the requirements for Employ usage restriction and authorize connections in wireless devices?,MLSR049_398,"MLSR049_398: establish usage restrictions and configuration/ connection for wireless access
MLSR049_399: authorize wireless access before allowing connections
MLSR049_404: disable wireless networking capabilities within system components when not intended for use
MLSR049_406: identify and authorize users to independently configure wireless networking capabilities
"
Do we have security requirements for Develop feature to control access for microservices in place?,MLSR311_71,"MLSR311_71: define and enforce access policies at a coarse level of granularity at initial API gateway and at finer level of granularity at micro gateway or at microservice itself
MLSR311_72: ensure microservices cache policy data and use cache only when an access server is unavailable
MLSR311_72: ensure cache used in microservices expire after a duration appropriate for environment/infrastructure
MLSR311_73: ensure microservice access server is capable of supporting fine-grained access policies
MLSR311_74: ensure access decisions from access server are conveyed to microservices through standardized tokens encoded in platform-neutral format
MLSR311_75: ensure internal authorization tokens appended by micro gateway are limited in scope to only involve API endpoints accessed 
MLSR311_118: prevent providing internal authorization tokens back to user
MLSR311_118: prevent passing user's session tokens beyond gateway for use in policy decisions
MLSR311_129: ensure default configuration always enables access control policies for all services and avoid configurations that may lead to privilege escalation"
Show me requirements that comply with Develop feature to control access for microservices.,MLSR311_71,"MLSR311_71: define and enforce access policies at a coarse level of granularity at initial API gateway and at finer level of granularity at micro gateway or at microservice itself
MLSR311_72: ensure microservices cache policy data and use cache only when an access server is unavailable
MLSR311_72: ensure cache used in microservices expire after a duration appropriate for environment/infrastructure
MLSR311_73: ensure microservice access server is capable of supporting fine-grained access policies
MLSR311_74: ensure access decisions from access server are conveyed to microservices through standardized tokens encoded in platform-neutral format
MLSR311_75: ensure internal authorization tokens appended by micro gateway are limited in scope to only involve API endpoints accessed 
MLSR311_118: prevent providing internal authorization tokens back to user
MLSR311_118: prevent passing user's session tokens beyond gateway for use in policy decisions
MLSR311_129: ensure default configuration always enables access control policies for all services and avoid configurations that may lead to privilege escalation"
Give me all the requirements linked to Develop feature to control access for microservices.,MLSR311_71,"MLSR311_71: define and enforce access policies at a coarse level of granularity at initial API gateway and at finer level of granularity at micro gateway or at microservice itself
MLSR311_72: ensure microservices cache policy data and use cache only when an access server is unavailable
MLSR311_72: ensure cache used in microservices expire after a duration appropriate for environment/infrastructure
MLSR311_73: ensure microservice access server is capable of supporting fine-grained access policies
MLSR311_74: ensure access decisions from access server are conveyed to microservices through standardized tokens encoded in platform-neutral format
MLSR311_75: ensure internal authorization tokens appended by micro gateway are limited in scope to only involve API endpoints accessed 
MLSR311_118: prevent providing internal authorization tokens back to user
MLSR311_118: prevent passing user's session tokens beyond gateway for use in policy decisions
MLSR311_129: ensure default configuration always enables access control policies for all services and avoid configurations that may lead to privilege escalation"
I need a requirement for Implement trusted key storage on mobile device.,MLSR305_134,"MLSR305_134: use trusted key storage to store long-term cryptographic keys on mobile devices
MLSR309_41: ensure MDM Agent uses platform provided key storage for all persistent secret and private keys
MLSR312_61_1: ensure key used to encrypt user data is managed by the OS for modern mobile devices
MLSR305_79: store keys/secrets into secure key storage locations for mobile device"
Show me security requirements for Implement trusted key storage on mobile device.,MLSR305_134,"MLSR305_134: use trusted key storage to store long-term cryptographic keys on mobile devices
MLSR309_41: ensure MDM Agent uses platform provided key storage for all persistent secret and private keys
MLSR312_61_1: ensure key used to encrypt user data is managed by the OS for modern mobile devices
MLSR305_79: store keys/secrets into secure key storage locations for mobile device"
I need a requirement for Implement trusted key storage on mobile device.,MLSR305_134,"MLSR305_134: use trusted key storage to store long-term cryptographic keys on mobile devices
MLSR309_41: ensure MDM Agent uses platform provided key storage for all persistent secret and private keys
MLSR312_61_1: ensure key used to encrypt user data is managed by the OS for modern mobile devices
MLSR305_79: store keys/secrets into secure key storage locations for mobile device"
Show me security requirements for Develop feature in mobile device to maintain asset inventory.,MLSR305_77,"MLSR305_77: maintain centralized asset inventory for mobile device hardware, firmware, and software
MLSR305_85: maintain current inventory of all applications installed on each mobile device
MLSR305_153: identify, configure, and track devices, components, software, and services residing on a network"
Give me all the requirements linked to Develop feature in mobile device to maintain asset inventory.,MLSR305_77,"MLSR305_77: maintain centralized asset inventory for mobile device hardware, firmware, and software
MLSR305_85: maintain current inventory of all applications installed on each mobile device
MLSR305_153: identify, configure, and track devices, components, software, and services residing on a network"
Fetch requirements mapped to Develop feature in mobile device to maintain asset inventory.,MLSR305_77,"MLSR305_77: maintain centralized asset inventory for mobile device hardware, firmware, and software
MLSR305_85: maintain current inventory of all applications installed on each mobile device
MLSR305_153: identify, configure, and track devices, components, software, and services residing on a network"
I need a requirement for Develop feature for user authentication on mobile device.,MLSR305_158,"MLSR305_70: implement token/ network/ domain authentication in addition to device unlock codes
MLSR305_158: implement local user authentication to mobile device like PIN, password
MLSR305_159: implement local user authentication while accessing applications like PIN, password
MLSR305_161: implement remote user authentication for networked managed applications
MLSR312_66: use biometric authentication on mobile device in combination with or in substitution of passwords or PINs
MLSR312_73: implement password/ passcode and/or other authentication such as token-based authentication before accessing organization’s resources in mobile device
MLSR312_188: integrate EMM with enterprise backend services (RADIUS, directory services) to enable granular management of device access to resources
MLSR302_383: provide features that do not require text entry on mobile devices such as a single tap on screen, or a copy feature to copy and paste out- of-band secrets
MLSR076_243: authenticate user connecting from mobile device to system
MLSR076_240: authenticate applications on mobile device connecting to system
MLSR076_231: permit connection only to mutually authenticated mobile devices"
Do we have any requirements for Develop feature for user authentication on mobile device compliance?,MLSR305_158,"MLSR305_70: implement token/ network/ domain authentication in addition to device unlock codes
MLSR305_158: implement local user authentication to mobile device like PIN, password
MLSR305_159: implement local user authentication while accessing applications like PIN, password
MLSR305_161: implement remote user authentication for networked managed applications
MLSR312_66: use biometric authentication on mobile device in combination with or in substitution of passwords or PINs
MLSR312_73: implement password/ passcode and/or other authentication such as token-based authentication before accessing organization’s resources in mobile device
MLSR312_188: integrate EMM with enterprise backend services (RADIUS, directory services) to enable granular management of device access to resources
MLSR302_383: provide features that do not require text entry on mobile devices such as a single tap on screen, or a copy feature to copy and paste out- of-band secrets
MLSR076_243: authenticate user connecting from mobile device to system
MLSR076_240: authenticate applications on mobile device connecting to system
MLSR076_231: permit connection only to mutually authenticated mobile devices"
Do we have any requirements for Develop feature for user authentication on mobile device compliance?,MLSR305_158,"MLSR305_70: implement token/ network/ domain authentication in addition to device unlock codes
MLSR305_158: implement local user authentication to mobile device like PIN, password
MLSR305_159: implement local user authentication while accessing applications like PIN, password
MLSR305_161: implement remote user authentication for networked managed applications
MLSR312_66: use biometric authentication on mobile device in combination with or in substitution of passwords or PINs
MLSR312_73: implement password/ passcode and/or other authentication such as token-based authentication before accessing organization’s resources in mobile device
MLSR312_188: integrate EMM with enterprise backend services (RADIUS, directory services) to enable granular management of device access to resources
MLSR302_383: provide features that do not require text entry on mobile devices such as a single tap on screen, or a copy feature to copy and paste out- of-band secrets
MLSR076_243: authenticate user connecting from mobile device to system
MLSR076_240: authenticate applications on mobile device connecting to system
MLSR076_231: permit connection only to mutually authenticated mobile devices"
I need a requirement for secure Employ authentication and encryption mechanism for wireless devices .,MLSR049_401,"MLSR049_401: implement authentication and encryption to protect wireless access
MLSR307_132: implement strong encryption for authentication and transmission of cardholder data in wireless networks

"
Do we have any requirements for Employ authentication and encryption mechanism for wireless devices  compliance?,MLSR049_401,"MLSR049_401: implement authentication and encryption to protect wireless access
MLSR307_132: implement strong encryption for authentication and transmission of cardholder data in wireless networks

"
Do we have any requirements for Employ authentication and encryption mechanism for wireless devices  compliance?,MLSR049_401,"MLSR049_401: implement authentication and encryption to protect wireless access
MLSR307_132: implement strong encryption for authentication and transmission of cardholder data in wireless networks

"
Give me requirements related to Develop feature to establish secure sessions on mobile device.,MLSR076_251,"MLSR076_251: limit validity of system data stored on mobile devices to current user session
MLSR076_252: remove data stored on mobile devices at end of current user session"
Show me requirements that comply with Develop feature to establish secure sessions on mobile device.,MLSR076_251,"MLSR076_251: limit validity of system data stored on mobile devices to current user session
MLSR076_252: remove data stored on mobile devices at end of current user session"
I need a requirement for secure Develop feature to establish secure sessions on mobile device.,MLSR076_251,"MLSR076_251: limit validity of system data stored on mobile devices to current user session
MLSR076_252: remove data stored on mobile devices at end of current user session"
